query,previous_clicks,current_clicks,delta,previous_impressions,current_impressions,previous_position,current_position
istanbul hal fiyatları,114,57,-57,1734,1495,3.699538638985006,4.42608695652174
adana mayer limon fiyatları,46,26,-20,338,357,7.763313609467455,6.072829131652661
patates fiyatları,55,39,-16,703,725,5.776671408250356,6.376551724137931
ataşehir hal fiyatları,17,4,-13,180,159,4.9,5.811320754716981
içerenköy hal fiyatları,20,7,-13,190,156,4.947368421052632,4.903846153846153
konya hali sebze fiyatları,18,5,-13,67,27,2.373134328358209,2.037037037037037
bayrampaşa meyve sebze hali fiyat listesi,33,22,-11,430,156,4.113953488372093,3.358974358974359
polatlı soğan fiyatları,13,3,-10,50,30,3.64,4.433333333333334
2026 incir fiyatları,10,2,-8,244,140,4.905737704918033,5.25
bursa hal komisyoncuları,20,12,-8,53,35,1.0188679245283019,1
niğde patates fiyatları,12,4,-8,145,136,5.124137931034483,5.647058823529412
bursa hal fiyatları,36,28,-8,480,390,2.8833333333333333,3.387179487179487
2026 üzüm fiyatları,11,4,-7,256,107,4.10546875,6.05607476635514
kayseri hal komisyoncuları,8,1,-7,97,41,5.711340206185567,4.2926829268292686
2026 mandalina fiyatları,8,1,-7,76,65,3.5526315789473686,5
mersin hal fiyatları,16,9,-7,507,693,8.136094674556212,7.914862914862915
hal fiyatları istanbul,11,4,-7,168,142,4.333333333333334,4.661971830985916
salcalik domates fiyati 2026,12,5,-7,172,118,2.5290697674418605,4.025423728813559
maraş hal fiyatları,14,7,-7,115,89,2.356521739130435,2.5056179775280896
eskişehir hal fiyatları,14,7,-7,103,106,2.8349514563106797,5.962264150943396
ankara hal fiyatları 2026,7,1,-6,92,76,3.489130434782609,3.6578947368421053
gaziantep hal fiyatları,34,28,-6,339,338,4.24188790560472,4.121301775147929
taze barbunya fiyatı,6,0,-6,50,18,3.72,4.777777777777778
üzüm fiyatları 2026,13,7,-6,310,122,4.270967741935484,5.852459016393443
k maraş hal fiyatları bugün,9,3,-6,60,26,2.45,2.1153846153846154
üzüm fiyatları,16,10,-6,266,176,4.2481203007518795,4.971590909090909
kahramanmaraş hal fiyatları,34,28,-6,482,393,2.427385892116183,2.3791348600508906
gaziantep sebze hali komisyoncuları,6,0,-6,19,8,3.8947368421052633,3.75
kahramanmaraş sebze hal fiyatları,6,0,-6,14,7,2.428571428571429,2.571428571428571
kekik fiyatları 2026,6,0,-6,94,63,4.01063829787234,5.746031746031746
elazığ sebze hali komisyoncuları telefonları,11,5,-6,48,29,3.2291666666666665,1.793103448275862
istanbul hal fiyatları bugün,27,21,-6,322,269,4.12111801242236,4.657992565055762
gaziantep hal fiyatları bugün,12,7,-5,159,158,5.3584905660377355,4.2025316455696204
2026 patates fiyatları,14,9,-5,52,42,3.7884615384615383,3.880952380952381
nar fiyatı,5,0,-5,24,17,5.125,5.352941176470588
gaziantep hal fiyatları 2026,8,3,-5,47,40,4.042553191489361,3
kahramanmaraş salçalık biber fiyatları,5,0,-5,40,12,7.4,6.5
soğan fiyatları,17,12,-5,247,204,5.753036437246964,6.509803921568627
ankara balık fiyatları bugün,17,12,-5,383,314,5.827676240208877,4.417197452229299
bursa hal fiyatları bugün,8,4,-4,71,47,2.436619718309859,3.0425531914893615
elma fiyatları 2026,9,5,-4,138,118,4.6231884057971016,3.9322033898305087
yaş üzüm fiyatları 2026,5,1,-4,27,15,3.8518518518518516,5.2
adana hal komisyoncuları,5,1,-4,8,8,1.5,14
urfa sebze hali komisyoncuları,5,1,-4,21,11,3.3333333333333335,2.3636363636363633
salçalık domates fiyatları 2026,4,0,-4,84,20,3.2261904761904763,4
niğde patates fiyatları 2026,5,1,-4,73,68,5.5479452054794525,6.205882352941177
ibb hal fiyatları,5,1,-4,222,115,6.608108108108108,7.6347826086956525
karnabahar fiyatı 2026,12,8,-4,27,25,1.5555555555555556,1.4
kayseri hal fiyatları,19,15,-4,676,636,5.1079881656804735,4.897798742138365
anadolu yakası hal fiyatları,5,1,-4,27,36,3.2222222222222223,3.9444444444444446
malatya hal komisyoncuları,10,6,-4,29,18,1.2413793103448276,1.0555555555555556
polatlı kuru soğan fiyatları,9,5,-4,113,85,4.044247787610619,5.4
malatya sebze hali,10,6,-4,144,105,3.5208333333333335,3.2476190476190476
balkabağı fiyatı ne kadar,5,1,-4,17,15,2.235294117647059,3.7333333333333334
mersin hal limon fiyatları,9,5,-4,93,69,5.451612903225806,5.420289855072464
k maraş sebze hali fiyatları,6,2,-4,69,42,2.4347826086956523,2.166666666666667
incir hal fiyatları,5,1,-4,14,11,4,4.181818181818182
istanbul hal fiyat listesi,5,1,-4,32,43,3.5625,4.8604651162790695
sultanbeyli hal fiyatları,4,0,-4,20,12,7.1,7.083333333333333
mandalina fiyatları 2026,6,2,-4,179,163,4.569832402234637,5.631901840490798
malatya sebze hali komisyoncuları,4,0,-4,9,8,1,1.5
yalova hal fiyatları,11,7,-4,35,25,2.057142857142857,2
kayseri sebze hali fiyatları,4,1,-3,112,88,4.1875,4.306818181818182
kahramanmaraş sebze ve meyve hali,4,1,-3,62,24,6.887096774193548,6.375
adana patates hal fiyatları,3,0,-3,13,12,4.846153846153847,21.916666666666668
bursa domates fiyatları,4,1,-3,117,70,5.444444444444445,5.685714285714286
ankara hal,7,4,-3,273,227,6.406593406593407,5.973568281938326
domates fiyatları 2026,4,1,-3,49,11,4.836734693877551,6.636363636363637
sivas sebze hali komisyoncuları,5,2,-3,15,8,1.2,1
turşuluk salatalık fiyatı,4,1,-3,92,37,7.663043478260869,8.81081081081081
ankara kuru soğan hal fiyatları,3,0,-3,52,39,10.596153846153847,5.435897435897436
mersin halinde limon fiyatları,6,3,-3,80,72,6.1375,5.486111111111111
tokat hal,3,0,-3,46,28,4.369565217391305,4.5
güncel limon fiyatları,3,0,-3,69,64,6.739130434782608,5.90625
kavun fiyatı 2026,3,0,-3,22,20,2.909090909090909,3.15
yalova sebze hali fiyatları,7,4,-3,14,11,2.357142857142857,2
toptan soğan fiyatları,7,4,-3,12,9,1.25,1.1111111111111112
limon fiyatları adana,5,2,-3,161,199,8.51552795031056,7.4623115577889445
van hal komisyoncuları,3,0,-3,6,1,2.166666666666667,2
şeftali kilosu kaç tl 2026,3,0,-3,25,15,2.24,2.8666666666666667
çorum hal fiyatları,5,2,-3,87,87,3.0229885057471266,3.574712643678161
kuru soğan fiyatı,4,1,-3,44,35,4.477272727272727,7.114285714285714
hal fiyatı,3,0,-3,23,21,16,4.904761904761905
bursa meyve sebze hali,3,0,-3,43,57,7.488372093023256,6.368421052631579
salçalık domates fiyatı 2026,3,0,-3,20,9,2.55,3.7777777777777777
çorum sebze hali,3,0,-3,28,35,9.25,7.742857142857143
hal fiyatları istanbul anadolu yakası,3,0,-3,13,16,2.5384615384615383,4.1875
istanbul anadolu hal fiyatları,5,2,-3,37,35,3.2162162162162162,4.457142857142857
bursa sebze meyve hali,3,0,-3,54,70,7.611111111111111,6.942857142857143
gaziantep domates fiyatları,3,0,-3,21,12,5.714285714285714,5.666666666666667
kültür mantarı toptan fiyatı 2026,3,0,-3,7,4,1.1428571428571428,1.25
avakado fiyatı 2026,4,1,-3,19,22,2.2105263157894735,1.6818181818181817
kocaeli hal,2,0,-2,37,41,7.1891891891891895,7.902439024390244
çilek kilosu ne kadar 2026,2,0,-2,19,6,2.263157894736842,3.3333333333333335
barbunya kg fiyatı,2,0,-2,20,16,8.2,8.8125
istanbul kuru soğan hal fiyatları,2,0,-2,32,27,5.34375,4.814814814814815
manisa turgutlu sebze meyve hali fiyatları,3,1,-2,59,32,7.288135593220339,6.0625
sakarya hal komisyoncuları,6,4,-2,8,5,1.125,1
konya kuru soğan fiyatları,2,0,-2,23,14,5.695652173913044,4.571428571428571
üzüm fiyatları ne kadar,2,0,-2,9,7,3.6666666666666665,8
hal fiyatları kocaeli,2,0,-2,49,44,6,3.1818181818181817
dolma biber fiyatı,2,0,-2,18,5,7.777777777777778,4.8
mersin muz fiyatları,2,0,-2,11,11,7.636363636363637,7.636363636363637
batman hal komisyoncuları telefon numarası,2,0,-2,11,6,3.090909090909091,3.5
samsun sebze ve meyve hali komisyonculari,3,1,-2,13,4,2.9230769230769234,3
maraş sebze hali fiyatları,3,1,-2,11,4,2.7272727272727275,2.5
ordu hal fiyatları,2,0,-2,20,9,6.3,4.555555555555555
yaban mersini kilosu ne kadar 2026,3,1,-2,56,32,2.5,2.4375
patlıcanın kilosu ne kadar 2026,2,0,-2,24,19,1.7916666666666665,1.7894736842105263
karkas et fiyatları,2,0,-2,46,51,12.608695652173912,12.647058823529411
ankara toptancı hali sebze meyve fiyatları,2,0,-2,12,5,3.4166666666666665,3.2
karnabahar fiyat,2,0,-2,20,14,6.55,5.571428571428571
taze incir fiyatı 2026,2,0,-2,16,13,5.125,7.615384615384615
sarımsak hal fiyatı,2,0,-2,8,5,4.375,7.2
kuru fasulye fiyatı 2026,3,1,-2,107,200,6.850467289719626,8.645
yaş barbunya fiyatı,2,0,-2,17,4,4.235294117647059,4.5
tokat sebze hali komisyoncuları,9,7,-2,28,25,1,1
ankara ulus hali balık fiyatları,6,4,-2,111,85,6.756756756756757,6.694117647058824
balıkesir hal fiyatları,6,4,-2,73,48,3.7945205479452055,3.8333333333333335
demre toptancı hal fiyatları,2,0,-2,4,3,2.75,2.666666666666667
denizli toptanci hali telefon numarası,2,0,-2,7,5,9.857142857142858,6.4
istanbul anadolu yakası hal,2,0,-2,4,0,1,
van sebze hali komisyoncuları telefonları,4,2,-2,6,7,2.333333333333333,2.2857142857142856
limon fiyatları neden düştü,2,0,-2,48,41,7.8125,6.317073170731708
1 ton kekik fiyatı,2,0,-2,16,13,4.875,4.846153846153847
acur fiyatı 2026,2,0,-2,5,2,3.4,4
niğde hal,2,0,-2,93,89,5.978494623655914,5.089887640449438
2026 limon fiyatları,2,0,-2,107,106,5.962616822429907,5.735849056603773
barbunya fiyatı,3,1,-2,156,44,8.814102564102564,8.386363636363637
mersin sebze hali fiyat listesi,2,0,-2,33,14,8.181818181818182,8.142857142857142
kuru barbunya fiyatı 2026,2,0,-2,14,20,2.142857142857143,2.5
malatya sebze meyve hali,2,0,-2,27,28,3.962962962962963,3.0357142857142856
bursa hal salçalık domates fiyatları,2,0,-2,15,7,4.733333333333333,4
bal kabağı kilosu ne kadar 2026,2,0,-2,16,35,1.375,1.8
k maraş salçalık biber fiyatları,3,1,-2,52,50,7.6923076923076925,7.18
ataşehir hal domates fiyatları,2,0,-2,9,8,3.2222222222222223,7.75
kızılcık hal fiyatları,2,0,-2,8,3,1.625,2.333333333333333
kızılcık kilosu ne kadar,2,0,-2,43,7,7.3023255813953485,7.285714285714286
kayseri hal domates fiyatları,2,0,-2,34,27,5.5,4.555555555555555
yaban mersini fiyatları 2026,3,1,-2,29,48,3.0344827586206895,2.583333333333333
patates piyasası,3,1,-2,30,21,3.6666666666666665,6.619047619047619
domates fiyatları,4,2,-2,46,71,6.913043478260869,7.52112676056338
elbistan hal fiyatları,2,0,-2,22,3,2.2727272727272725,2
niğde hal komisyoncuları,3,1,-2,20,9,3.75,3.2222222222222223
niğde sebze hali,2,0,-2,50,82,6.94,7.121951219512195
elma fiyatları,8,6,-2,235,274,7.9361702127659575,14.10948905109489
mandalina fiyatları,4,2,-2,439,546,5.560364464692483,5.705128205128205
bamya fiyat 2026,2,0,-2,42,13,5.976190476190476,6.769230769230769
istanbul hal bülteni,2,0,-2,15,4,13.466666666666667,4.5
istanbul hal,9,7,-2,151,126,5.682119205298013,6.079365079365079
şeftali hal fiyatları,3,1,-2,11,8,4.636363636363637,6.375
limon piyasasi,2,0,-2,57,50,5.912280701754386,5.82
hal barbunya fiyati,2,0,-2,15,9,3.066666666666667,2.5555555555555554
adana hal pazarı,2,0,-2,32,22,7.125,6.363636363636363
trabzon hal komisyonculari,3,1,-2,5,2,1.6,1.5
halde patlıcan fiyatları,2,0,-2,18,14,6.222222222222222,4.857142857142858
alanya toptanci hal fiyatları,2,0,-2,19,2,5.526315789473684,5
k.maraş sebze hali fiyatları,2,0,-2,12,12,2.416666666666667,2.75
kuzu karkas kesim fiyatı,2,0,-2,8,13,11.625,10.23076923076923
hal fiyat listesi,2,0,-2,52,28,9.673076923076923,6.607142857142857
trabzon hal fiyatları,13,11,-2,210,157,3.719047619047619,2.8280254777070066
anjelika erik fiyatı,3,1,-2,39,47,3.0256410256410255,3.765957446808511
kuru soğan toptan fiyatları,2,0,-2,2,0,2.5,
ankara hali,2,0,-2,29,28,10,10.5
hal borsası,2,0,-2,4,7,3.25,4.428571428571429
kekik borsası,2,0,-2,17,33,9.647058823529411,8.787878787878789
mersin nar fiyatları,2,0,-2,38,30,5.026315789473684,5.566666666666666
limonun kilosu kaç para,2,0,-2,2,0,2,
bursa salçalık domates fiyatları,3,1,-2,44,53,8.204545454545453,6.415094339622642
erdemli hal fiyatları bugün,2,0,-2,56,5,1.4285714285714286,2.4
denizli hal fiyatları bugün,6,4,-2,61,50,3.4098360655737703,2.8200000000000003
istanbul meyve sebze hali,2,0,-2,26,13,8.807692307692307,9.846153846153847
osmaniye sebze hali telefon numarası,2,0,-2,145,48,10.813793103448276,9.833333333333334
kilis hal,2,0,-2,11,9,5.909090909090909,5.888888888888889
istanbul meyve hali fiyatları,2,0,-2,6,0,3,
siyah incir fiyatları 2026,2,0,-2,11,0,1.2727272727272727,
kuru üzüm fiyatı manisa,1,0,-1,1,0,2,
siyah incir fiyatı,1,0,-1,2,0,7.5,
kültür mantarı kilosu ne kadar 2026,1,0,-1,14,13,1.5,2.230769230769231
erik kilosu ne kadar,1,0,-1,24,18,6.708333333333333,6.611111111111111
incir kg fiyatı 2026,2,1,-1,41,34,5.048780487804878,4.970588235294118
kekik fiyatı 2026,1,0,-1,7,9,2.571428571428571,3.7777777777777777
tmo üzüm fiyatları 2026,1,0,-1,50,31,2.38,2.709677419354839
mardin hal,1,0,-1,14,5,6.071428571428571,5
aksaray sebze hali,1,0,-1,16,12,6.25,8.75
kiraz fiyatlari,1,0,-1,3,1,1.6666666666666665,4
adana hal limon fiyatları,1,0,-1,3,7,2.666666666666667,4.142857142857142
türkiye patates fiyatları,1,0,-1,10,12,5.8,5.75
soğan borsası,1,0,-1,8,8,3.25,3.5
bursa yenişehir hal fiyatları,1,0,-1,3,2,3.3333333333333335,3
iceberg marul fiyatı,1,0,-1,15,7,5.533333333333333,8.142857142857142
böğürtlen kilosu kaç tl 2026,1,0,-1,13,7,2.9230769230769234,2.142857142857143
ceyhan sebze hali telefon numarası,1,0,-1,19,17,11.263157894736842,10.705882352941176
konya salçalık domates fiyatları,2,1,-1,29,26,4.517241379310345,4.923076923076923
erzincan hal,1,0,-1,27,8,5.481481481481482,4.75
vişnenin kilosu ne kadar 2026,1,0,-1,9,0,5.444444444444445,
çilek kg fiyatı 2026,1,0,-1,10,11,1.7,2.7272727272727275
gaziantep et hali fiyatları,2,1,-1,21,17,10.285714285714286,7
toptan üzüm fiyatları,2,1,-1,4,11,1.25,2
buharkent hal,1,0,-1,3,5,7.666666666666667,8.2
balık fiyatları ankara,6,5,-1,48,31,5.125,4.35483870967742
patlıcan fiyatı,1,0,-1,67,31,6.8059701492537314,10.225806451612904
2026 salçalık domates fiyatları,1,0,-1,16,10,2.5,4.9
sakarya hal fiyatları,1,0,-1,70,22,7.385714285714286,7.318181818181818
bursa hal domates fiyatları,2,1,-1,15,14,4.066666666666666,5.142857142857143
bursa hali,1,0,-1,71,74,7.985915492957746,8.162162162162161
bursa domatesi fiyatı,1,0,-1,79,88,5.455696202531645,6.5
balik hali fiyat,1,0,-1,2,0,9,
kırmızı soğan fiyat,1,0,-1,3,1,17.666666666666668,2
lime limon hal fiyatları,1,0,-1,2,0,4,
bayrampaşa hal açık mı,1,0,-1,7,3,9.285714285714286,8.333333333333332
türkiye soğan fiyatları,1,0,-1,1,1,3,8
bayrampaşa hal domates fiyatları,2,1,-1,10,12,4.4,3.8333333333333335
taze fasulye fiyatları 2026,1,0,-1,10,7,3.4,2.7142857142857144
bamya kilosu ne kadar 2026,1,0,-1,56,48,8.428571428571429,7.4375
vişne satın al,1,0,-1,1,0,14,
kozyatagi hal sebze fiyatlari,1,0,-1,8,4,6.25,6
samsun hal telefon numarası,1,0,-1,6,1,6.666666666666667,7
kivi fiyatı,1,0,-1,26,17,7.769230769230769,9.941176470588236
ankara polatlı soğanı,1,0,-1,1,0,3,
kuru incir fiyatları 2026,1,0,-1,49,0,10.285714285714286,
halde balık fiyatları,1,0,-1,7,2,9.428571428571429,9
bursa hal numaraları,2,1,-1,14,9,3.642857142857143,2.888888888888889
tarlada domates fiyatı,1,0,-1,17,15,15.705882352941176,8.333333333333332
mürdüm erik fiyatları,1,0,-1,13,7,7.615384615384615,9.714285714285714
kekik borsa fiyatı,1,0,-1,6,10,6.333333333333333,4.4
üzüm toptan fiyatı,1,0,-1,9,9,1.7777777777777777,3.6666666666666665
çarşamba sebze hali komisyoncuları,1,0,-1,13,14,5.384615384615385,4.928571428571429
limon fiyatı,1,0,-1,48,11,6.479166666666667,6.909090909090909
taze kızılcık fiyatı,1,0,-1,36,65,10.777777777777779,9.476923076923077
barbunya hal fiyatı,6,5,-1,18,26,6.555555555555555,5.346153846153846
tokat sebze ve meyve toptancılar hali,1,0,-1,7,4,8.428571428571429,7.25
gelendost elma fiyatları,1,0,-1,1,0,5,
pazarda bal kabak fiyatları,1,0,-1,8,23,4.75,4.565217391304348
taze incir fiyatı,1,0,-1,3,4,9.666666666666666,7
niğde nevşehir patates fiyatları,2,1,-1,49,55,7.081632653061225,6.581818181818182
50 kg patates fiyatı,1,0,-1,8,14,4.25,5.357142857142857
enterdonat limon fiyatları,1,0,-1,3,3,6.333333333333333,9.333333333333334
bingöl sebze hali,1,0,-1,16,20,7.4375,6.95
kışlık kuru soğan fiyatları,1,0,-1,18,17,5.166666666666667,5.529411764705882
karpuz fiyatı 2026,1,0,-1,10,7,3.6,3.5714285714285716
ayşe kadın fasulye fiyatı,1,0,-1,12,11,7.166666666666667,8.90909090909091
limon piyasası mersin,1,0,-1,13,22,5.3076923076923075,5.636363636363637
göbek marul fiyat,1,0,-1,3,7,7.333333333333333,8.857142857142858
adana sebze meyve hali,1,0,-1,44,24,8.181818181818182,7.958333333333333
mersin hal fiyatları günlük,2,1,-1,100,93,8.059999999999999,8.064516129032258
ankara da balık fiyatları,1,0,-1,18,17,4,4.117647058823529
bafra hal fiyatları,1,0,-1,16,0,14.5,
kırmızı erik fiyatı,1,0,-1,17,9,5.647058823529412,7.555555555555555
nohut toptan fiyatı,1,0,-1,13,1,8.846153846153847,19
ahududu fiyatı 2026,3,2,-1,30,23,3.3,3.0434782608695654
cin biberi kg fiyatı,1,0,-1,11,7,4.090909090909091,2.7142857142857144
toptan kekik fiyatı,2,1,-1,53,51,5.226415094339623,5.392156862745098
erik hal fiyatı,1,0,-1,7,6,4.428571428571429,2.333333333333333
göral ticaret,1,0,-1,1,0,3,
hal fiyatları bursa,3,2,-1,22,16,2.7727272727272725,3.5625
kızılcığın kilosu ne kadar,1,0,-1,26,2,7.846153846153846,1
ankara meyve sebze hali fiyatları,5,4,-1,168,113,7.107142857142857,8.256637168141593
zeytinyağı fiyatları 2026,1,0,-1,7,6,7.857142857142857,8
izmit sebze hali,1,0,-1,12,10,9.75,10.2
patates fiyatı bugün,1,0,-1,3,1,6.333333333333333,6
anamur muz fiyatları bugün,1,0,-1,5,11,4.8,8.272727272727273
çileğin kilosu ne kadar 2026,1,0,-1,16,14,2.5,1.2857142857142856
kırmızı turp fiyatları,1,0,-1,4,1,7.5,9
maraş hal fiyatları bugün,2,1,-1,10,7,2.3,2.142857142857143
muş hal pazarı,1,0,-1,5,5,3.8,5.6
balkabağı kilosu kaç tl,1,0,-1,38,31,4.631578947368421,4.967741935483871
portakal fiyatları,1,0,-1,92,105,6.760869565217392,9.99047619047619
karpuz fiyat,1,0,-1,7,2,7.142857142857143,8
kahramanmaraş sebze hali komisyoncuları telefonları,2,1,-1,31,8,3.4838709677419355,4.375
tarsus hal komisyoncuları,1,0,-1,15,16,7.4,6.625
sofralık üzüm fiyatları,1,0,-1,7,6,3.4285714285714284,8.333333333333332
marul hal fiyatı,1,0,-1,5,5,6.6,8.2
patates tarlada ne kadar,1,0,-1,11,11,5.090909090909091,6.454545454545454
bursa hali sebze fiyatları,2,1,-1,24,9,3.5833333333333335,3.6666666666666665
alaca ticaret borsasi,1,0,-1,1,1,3,3
patlıcan fiyatları 2026,2,1,-1,19,29,2.1578947368421053,2.862068965517241
incir hal fiyatı,1,0,-1,2,1,1.5,3
güncel muz fiyatları,2,1,-1,18,16,4.222222222222222,4.3125
barbunya pazar fiyatı,2,1,-1,17,8,3.6470588235294117,4.875
sarımsak kg fiyatı,1,0,-1,28,0,9.857142857142858,
hünnap fiyatı 2026,8,7,-1,74,104,2.5135135135135136,2.7788461538461537
aysberk marul fiyatı,1,0,-1,6,7,2.5,3.857142857142857
kuru fasulye toptan fiyatı,2,1,-1,11,7,12.363636363636363,9.428571428571429
yaban mersini fiyatı 2026,1,0,-1,20,20,2.8,2.7
kızılcık fiyat,1,0,-1,10,6,4.1,8.666666666666668
fatsa sebze hali,1,0,-1,2,1,10,10
marul fiyatı,1,0,-1,65,49,7.723076923076923,7.959183673469388
çilek fiyat,1,0,-1,15,6,6.933333333333334,8
böğürtlen fiyatları 2026,1,0,-1,10,6,3.1,2.166666666666667
üzüm kilo fiyatı,1,0,-1,7,3,3.4285714285714284,6.666666666666667
bardak domates fiyatları,1,0,-1,3,2,7,8
ibb hal,1,0,-1,58,9,9.620689655172415,9.666666666666666
polatlı soğan piyasası,1,0,-1,10,9,4.4,5.111111111111111
bursa hal firmaları,1,0,-1,4,1,12.25,3
incir fiyatı 2026,3,2,-1,148,87,4.304054054054054,5.206896551724138
salçalık domates kg fiyatı,1,0,-1,79,67,8.772151898734176,8.313432835820896
2026 kuru üzüm fiyatları,2,1,-1,120,54,8.483333333333334,8.166666666666668
kirazın fiyatı ne kadar,1,0,-1,3,0,3.3333333333333335,
portakal fiyatı,1,0,-1,15,9,7.266666666666667,7.777777777777778
turşuluk salatalık,1,0,-1,2,4,12,9
istiridye mantarı toptan fiyatı 2026,1,0,-1,4,4,6.5,8.25
son dakika patates fiyatları,1,0,-1,6,12,10.333333333333334,5
iskenderun sebze hali komisyoncuları,1,0,-1,18,35,5.944444444444445,6.828571428571428
nektarin fiyatları,1,0,-1,24,23,4.291666666666666,5.217391304347826
ıspanak fiyatı 2026,1,0,-1,7,14,4.714285714285714,2.071428571428571
gaziantep sebze hali,2,1,-1,145,138,9.303448275862069,8.514492753623188
gaziantep mercimek borsası fiyatı,1,0,-1,3,6,8.666666666666668,10.666666666666666
domates hal fiyatları,1,0,-1,14,2,16.714285714285715,4.5
kahramanmaraş meyve sebze hali,1,0,-1,2,5,5.5,9.8
bal kabağı kg fiyatı,3,2,-1,23,25,2.7391304347826084,3.96
konya sebze hali,1,0,-1,48,35,6.458333333333333,6.285714285714286
kastamonu sarimsak kg fiyati,1,0,-1,1,0,11,
hal numaraları,1,0,-1,2,6,2.5,3.3333333333333335
marul toptan fiyatı,1,0,-1,6,10,2.333333333333333,2
antalya hal,1,0,-1,183,88,10.66120218579235,10
limon fiyatları 2026,3,2,-1,148,127,6.283783783783784,5.84251968503937
bursa hal giriş ücreti,1,0,-1,19,18,5.368421052631579,5.5
salatalık hal fiyatı,2,1,-1,17,14,5.9411764705882355,5.428571428571429
nohut kilosu ne kadar 2026,1,0,-1,15,11,9.466666666666667,7.090909090909091
kavun kilosu kaç tl 2026,2,1,-1,10,9,3,3.6666666666666665
izmir hal fiyatları bugün,4,3,-1,148,211,9.702702702702704,9.123222748815166
polatlı soğan borsası,1,0,-1,8,2,5.125,5
antalya toptanci hali komisyoncular listesi,1,0,-1,15,25,3.066666666666667,2.92
sakarya sebze hali fiyatları,1,0,-1,45,8,13.222222222222221,8.625
hal limon fiyatları,2,1,-1,13,13,4.153846153846153,4.538461538461538
taşköprü sarımsağı toptan fiyatı,1,0,-1,14,0,8.571428571428571,
toptan muz fiyatları,1,0,-1,11,7,3.5454545454545454,2.2857142857142856
kayseri sebze hali telefon numarası,1,0,-1,5,4,5.2,6.25
toptan marul fiyatı,1,0,-1,9,2,2.5555555555555554,2
şanlıurfa sebze hali,3,2,-1,27,32,7.666666666666667,8.375
salatalık ne kadar,1,0,-1,7,3,6,10.666666666666666
2026 yaş incir fiyatları,1,0,-1,42,24,5.333333333333333,5.583333333333333
bayrampaşa hal iletişim,1,0,-1,10,2,9.8,7
gaziantep hal sebze fiyatları,1,0,-1,9,5,4.111111111111111,4.6
kornişon salatalık fiyatı 2026,2,1,-1,15,40,5.333333333333333,4.05
bayrampaşa hal numaraları,1,0,-1,45,34,5.844444444444444,9.176470588235293
inegöl hal fiyatları,1,0,-1,10,7,5.8,6.714285714285714
kornişon salatalık kg fiyatı,1,0,-1,4,2,11,20
börülce fiyatı taze,1,0,-1,8,8,8.625,7.875
taze börülce fiyatı,1,0,-1,36,7,9.083333333333334,7.714285714285714
kahramanmaraş hal komisyoncuları,2,1,-1,14,8,4.571428571428571,4.75
elazığ sebze hali komisyoncuları,1,0,-1,18,10,2.111111111111111,2.5
kütahya hal fiyatları,6,5,-1,33,38,2.4242424242424243,2.736842105263158
k.maraş hal fiyatları,3,2,-1,55,21,2.3636363636363633,2.333333333333333
salatalık fiyatı 2026,1,0,-1,13,7,2.1538461538461537,2.857142857142857
sarımsak fiyatı 2026,1,0,-1,16,12,4.375,5.083333333333333
sarımsak fiyat,1,0,-1,2,2,10,9.5
vişne hal fiyatları,1,0,-1,5,3,7.6,2.666666666666667
alanya muz fiyatları,1,0,-1,18,17,17.38888888888889,15.529411764705882
üzüm alım fiyatları,1,0,-1,7,6,9.857142857142858,11.5
kiraz kg fiyat,1,0,-1,3,0,4.333333333333334,
bayrampaşa hal kataloğu,3,2,-1,26,15,6.884615384615385,5.133333333333334
tekirdağ hal fiyatları,1,0,-1,36,12,6.888888888888889,6.416666666666667
balkabağı fiyatları toptan,3,2,-1,21,21,1.7142857142857144,2.8095238095238093
taze barbunyanın kilosu ne kadar,1,0,-1,4,2,5.25,10
bursa sebze meyve hali fiyatları,6,5,-1,91,75,5.769230769230769,8.893333333333334
konya sebze hali komisyoncuları telefonları,5,4,-1,14,13,1.8571428571428572,6.076923076923077
kekik fiyati,1,0,-1,6,1,9.166666666666666,7
pazarda sarımsak fiyatları,1,0,-1,19,6,6.7368421052631575,8.5
yenişehir hal fiyatları,1,0,-1,7,2,3.7142857142857144,8
istanbul hal meyve fiyatları,1,0,-1,6,4,3.3333333333333335,3.25
patlıcan kilosu,1,0,-1,11,2,14,13
denizli hal komisyoncuları,1,0,-1,12,7,4.166666666666666,4
mor soğan fiyat,1,0,-1,4,0,8.25,
taze,1,0,-1,9,4,1.8888888888888888,5
ucuz domates nereden alınır,1,0,-1,7,0,7.714285714285714,
aydın meyve sebze hali,1,0,-1,5,6,11.4,10.833333333333334
denizli sebze meyve hali,1,0,-1,4,2,7.75,8.5
patates ne kadar,1,0,-1,4,3,3.75,10
taze fasulye hal fiyatları,1,0,-1,2,0,2.5,
antalya toptancı hali,1,0,-1,15,21,9.666666666666666,10.714285714285714
mangostan fiyat,1,0,-1,9,0,8.555555555555555,
anjelika erik kg fiyatı,1,0,-1,5,13,5,5.461538461538462
konya büyükşehir belediyesi hal fiyatları,1,0,-1,17,9,2.3529411764705883,2.111111111111111
kayseri hal komisyoncuları telefon numarası,1,0,-1,12,6,5,4.666666666666666
erzurum sebze hali komisyoncuları,1,0,-1,4,3,2.5,1
edremit hal fiyatları,1,0,-1,7,18,4.142857142857142,6.833333333333333
cin biber fiyatları,1,0,-1,18,15,3.4444444444444446,3.466666666666667
kahramanmaraş hal,2,1,-1,62,37,5.145161290322581,5.675675675675675
turşuluk salatalık fiyatı 2026,2,1,-1,13,13,1.3846153846153846,1.4615384615384617
2026 böğürtlen fiyatları,1,0,-1,1,2,4,3
güncel soğan fiyatları,2,1,-1,11,9,3.4545454545454546,3.3333333333333335
mısır kg fiyatı 2026,1,0,-1,30,30,8.333333333333332,8.966666666666667
şanlıurfa meyve sebze hali,1,0,-1,6,8,8.5,10.125
salatalık kaç para,1,0,-1,6,3,6.333333333333333,5.333333333333333
kahta sebze hali,1,0,-1,8,22,8.75,8.09090909090909
barbunya kilosu ne kadar,1,0,-1,5,3,7,7.666666666666667
turşuluk salatalık fiyatları,1,0,-1,16,3,8.625,7
biga hal fiyatları,1,0,-1,8,1,4.375,4
kuru sarımsak fiyatı,1,0,-1,4,1,3.75,5
muzun kilosu ne kadar 2026,1,0,-1,12,16,2.083333333333333,3.125
şeftali fiyatı,1,0,-1,24,6,6.166666666666667,9
kahramanmaraş sebze hali telefon numarası,1,0,-1,6,5,7,5
finike hal fiyatları,1,0,-1,9,9,7.777777777777778,4.888888888888889
mantar hal fiyatı,1,0,-1,5,1,4,10
karpuz kaç tl,1,0,-1,3,0,1,
kirazın kilosu ne kadar,1,0,-1,16,13,4.25,5.384615384615385
turşuluk salatalık pazar fiyatı,2,1,-1,24,20,6.166666666666667,7.65
2026 soğan fiyatları,2,1,-1,12,20,4,3.6
erzurum hal pazarı,1,0,-1,4,16,4.5,4.1875
ankara hal fiyatı,1,0,-1,10,15,4.5,4.8
halde karpuzun kilosu ne kadar,1,0,-1,2,0,1.5,
barbun fasulye fiyatı,1,0,-1,1,0,3,
antalya hali,1,0,-1,28,24,11.214285714285714,9.625
ibb sebze hali fiyatları,1,0,-1,5,5,3.6,4
mersin hal,5,4,-1,192,160,9.8125,10.2
incele,1,0,-1,2,0,1,
1 kilo kiraz kaç tl,1,0,-1,6,1,4,6
adana yüreğir sebze hali,1,0,-1,27,16,9.518518518518519,10.6875
2026 mayer limon fiyatları,1,0,-1,21,26,5.714285714285714,4.923076923076923
mersin hal salçalik biber fiyatları,1,0,-1,11,6,9.090909090909092,8.833333333333332
mersin hal kapya biber fiyatları,1,0,-1,1,3,3,3.3333333333333335
havuç fiyatları,1,0,-1,1,2,2,22.5
enter limon fiyatları,1,0,-1,14,29,6.214285714285714,4.448275862068965
mersin belediyesi hal fiyatları,1,0,-1,5,2,7.6,7
kayısı kg fiyatı 2026,1,0,-1,3,3,2,5
taze şeker fasulye,1,0,-1,1,0,3,
konya mısır fiyatları,1,0,-1,1,0,2,
ankara sebze hali fiyatları,1,0,-1,27,31,5.703703703703703,5.258064516129032
kiraz fiyatı,1,0,-1,47,19,5.23404255319149,29.57894736842105
aydın sebze hali,1,0,-1,5,11,9.2,7.636363636363637
böğürtlen fiyatı 2026,2,1,-1,40,38,2.95,3.973684210526316
balkabağı fiyatları,3,2,-1,11,15,3.6363636363636362,7.2
toptan patates fiyatları,2,1,-1,13,27,2.3846153846153846,3.962962962962963
şeftalinin kilosu ne kadar,1,0,-1,10,0,3.2,
eskişehir sebze meyve hali fiyatları,2,1,-1,28,17,8.142857142857142,3.588235294117647
mürdüm erik fiyatı,1,0,-1,7,8,7.142857142857143,8.25
böğürtlen toptan fiyatı,1,0,-1,16,10,3.9375,15.2
malatya hali,1,0,-1,1,0,3,
izmir sebze hali fiyatları,2,1,-1,47,59,8.404255319148936,8.932203389830509
zonguldak hal,2,1,-1,10,10,6.3,3.7
mersin hal komisyoncuları,3,2,-1,16,9,2.625,2
mersin şeftali fiyatları,1,0,-1,9,6,6.111111111111111,5
brokoli fiyatı 2026,1,0,-1,9,6,2.2222222222222223,1.8333333333333335
mersin hal fiyatı,1,0,-1,18,21,9.38888888888889,8
kuru soğan fiyat,1,0,-1,17,10,6.294117647058823,6.1
alanya hal fiyatları,2,1,-1,101,152,10.613861386138614,7.743421052631579
toptan mandalina fiyatları,2,1,-1,17,11,2.4117647058823533,2.4545454545454546
marul fiyat,1,0,-1,21,10,7.428571428571429,8.8
kızılcık kg fiyatı,1,0,-1,18,3,6,4.333333333333334
kirikhan sebze hali fiyatları,2,1,-1,5,10,8.2,8.8
kornişon salatalık fiyatları,1,0,-1,3,0,12.666666666666666,
kızılcık kilo fiyatı,1,0,-1,9,0,7.777777777777778,
mayer limon fiyatı,2,1,-1,169,129,6.295857988165681,5.263565891472868
halde domates fiyatları istanbul,2,1,-1,11,8,4.363636363636363,4.5
malatya hal,1,0,-1,65,51,4.7384615384615385,4.450980392156863
pembe domates fiyatı,2,1,-1,37,14,7.675675675675675,9.5
çileğin kilosu ne kadar,1,0,-1,4,0,1.25,
granny smith elma fiyatı,1,0,-1,4,3,8.5,6.333333333333333
kayseri hal fiyatları 2026,2,1,-1,33,25,4.727272727272727,4.12
kadıköy hal fiyatları,2,1,-1,34,32,4.264705882352941,11.4375
hal komisyoncusu,2,1,-1,14,7,3.142857142857143,4.857142857142858
patates fiyatı,2,1,-1,47,60,9.446808510638299,10.116666666666667
kuru kayısı fiyatları 2026,1,0,-1,16,6,9.25,12.333333333333334
manisa mısır fiyatları,1,0,-1,13,22,7.615384615384615,9.636363636363637
osmaniye sebze hali fiyatları,1,0,-1,8,4,45.25,3.25
kuru soğan hal fiyatları,3,2,-1,78,88,8.679487179487179,8.045454545454547
kuşkonmaz kg fiyatı 2026,1,0,-1,6,4,2.166666666666667,1.25
kavun hal fiyatları,1,0,-1,7,8,2.857142857142857,5.125
halde bamya fiyatı,1,0,-1,9,7,3.6666666666666665,2
bezelye ne kadar,1,0,-1,1,0,1,
siirt hal,1,0,-1,16,4,3.9375,4
istanbul soğan fiyatları,1,0,-1,1,1,4,5
kabak fiyatları,2,1,-1,49,47,5.63265306122449,7.191489361702128
maliyet ve kazanç,1,0,-1,1,0,3,
erdemli günlük limon piyasası,3,2,-1,106,70,6.169811320754717,5.914285714285715
ürgüp limon piyasası,1,0,-1,11,0,7.181818181818182,
kahramanmaraş hal numaraları,2,1,-1,18,8,4.277777777777778,6.125
kiraz fiyatları,2,1,-1,36,35,11.666666666666666,18.285714285714285
malatya yaş sebze meyve hali,1,0,-1,10,10,6.7,7
ahududu fiyatı,1,0,-1,31,7,8.193548387096774,10.428571428571429
salatalık kg fiyatı,1,0,-1,20,10,8.05,8.6
kırmızı lahana hal fiyatları,1,0,-1,4,6,6.5,9.666666666666666
patates toptan fiyat,1,0,-1,9,9,1.7777777777777777,4.666666666666666
istanbul hal fiyatlari,1,0,-1,19,15,4.631578947368421,3.6666666666666665
karpuz kilosu kaç tl,1,0,-1,5,3,14,16.333333333333336
nevşehir patates fiyatı,1,0,-1,16,17,6.5625,6.470588235294118
çilek fiyatı 2026,1,0,-1,10,4,3.8,3.5
salatalık fiyatı hal,1,0,-1,6,2,4.666666666666666,5
1 kg muz kaç tl,1,0,-1,4,3,6.5,9
mersin halinde salçalık biber fiyatları,1,0,-1,19,44,7.684210526315789,8.681818181818182
istanbul sebze fiyatları,1,0,-1,3,1,4.666666666666666,6
2026 kuru üzüm fiyatı,1,0,-1,15,9,7.933333333333334,7.666666666666667
barbunya fiyat,1,0,-1,24,17,9.375,8.941176470588236
istanbul halleri,1,0,-1,7,0,8.285714285714285,
taze hünnap kg fiyatı,1,0,-1,7,0,3.142857142857143,
limon hal fiyatları,2,1,-1,26,16,3.923076923076923,3.875
bursa sebze hali fiyat listesi,2,1,-1,28,17,3.75,4.1764705882352935
taşköprü sarımsak fiyatı 2026,1,0,-1,6,0,5,
hal istanbul,1,0,-1,29,21,6.344827586206897,6.761904761904762
evet,1,0,-1,27,21,2.7407407407407405,2.7142857142857144
karpuzun kilosu ne kadar 2026,1,0,-1,31,34,3.6129032258064515,4.382352941176471
semiz otu fiyat,1,0,-1,1,1,11,2
kütaş kekik fiyatları 2026,1,0,-1,44,41,6.204545454545454,8.073170731707318
mersin mandalina fiyatları,1,0,-1,76,65,7.7105263157894735,8.046153846153846
diyarbakır sebze hali komisyoncuları,1,0,-1,15,6,3.2,3.6666666666666665
bakla fiyatı 2026,1,0,-1,10,8,1.7,3.375
silifke hal komisyoncuları,1,0,-1,22,11,11.5,11.636363636363637
balık hal fiyatları,1,0,-1,15,8,13,8.125
samsun hal,1,0,-1,40,27,3.8,5.851851851851852
dut fiyatları 2026,1,0,-1,6,9,2.833333333333333,2.111111111111111
alım satım,1,0,-1,1,0,15,
malatya sebze hali telefon numarası,6,5,-1,14,11,1.1428571428571428,1
kırmızı eriğin kilosu ne kadar,1,0,-1,2,3,1,8.333333333333332
kahramanmaraş hali,1,0,-1,11,2,8.181818181818182,10
üzümün kilosu ne kadar 2026,1,0,-1,34,23,1.7058823529411766,4.260869565217391
mazlum,1,0,-1,1,0,6,
bal kabak kilosu ne kadar,1,0,-1,12,4,4.166666666666666,6.5
kayısı kilosu ne kadar,1,0,-1,7,2,7,9.5
istanbul balık hali fiyatları,1,0,-1,2,0,10,
1 ton kuru üzüm fiyatı,1,0,-1,6,0,7.166666666666667,
nar fiyat,1,0,-1,8,2,8.875,5
sarımsak fiyatı,1,0,-1,55,21,7.472727272727273,12.714285714285714
2026 mısır fiyatları,1,0,-1,127,101,10.062992125984252,10.277227722772277
nektarin hal fiyatları,5,4,-1,11,8,2.4545454545454546,1.875
denizli hal fiyat listesi,1,0,-1,6,7,3,2.857142857142857
izmir mandalina fiyatları,1,0,-1,36,27,3.9722222222222223,4.037037037037037
kiraz kilo,1,0,-1,5,3,6.8,4.333333333333334
tarlada soğan fiyatı,1,0,-1,34,29,5.529411764705882,5.931034482758621
sarımsak kilosu,1,0,-1,20,0,9.55,
mayer limon fiyatları,3,2,-1,73,85,7,5.2
gebze hal fiyatları,2,1,-1,34,36,6.205882352941177,5.444444444444445
marul fiyatı 2026,1,0,-1,7,25,1.5714285714285714,2.84
rize sebze meyve hali,1,0,-1,1,1,16,12
bursa hal fiyatı,1,0,-1,5,2,2.6,6.5
toptan kekik fiyatları,1,0,-1,11,11,6,5.2727272727272725
adana yüreğir sebze hali komisyoncuları,1,0,-1,17,15,3.6470588235294117,3.8666666666666667
2026 kiraz fiyatları,1,0,-1,3,1,3.6666666666666665,4
mersin hali salçalık biber fiyatları,1,0,-1,22,5,8.681818181818182,9.6
bursa hal,7,6,-1,179,156,4.94413407821229,4.967948717948718
ödemiş toptan patates fiyatları,1,0,-1,4,5,7,5
limon kg fiyatı,2,1,-1,48,13,7.4375,9.538461538461538
kastamonu sarımsak hal fiyatları,1,0,-1,6,1,13.166666666666666,2
karabük hal nerede,1,0,-1,5,8,10.4,10.5
mersin hal fiyatları limon,1,0,-1,38,16,10.894736842105264,5.875
manisa sebze hali telefon numarası,1,0,-1,15,10,7.466666666666667,7.4
kiraz fiyat,1,0,-1,9,5,4.444444444444445,6
istanbul ataşehir hal fiyatları,1,0,-1,7,1,3.142857142857143,5
kadirli sebze hali telefon,1,0,-1,19,8,10.052631578947368,9.875
demre toptancı hal sebze fiyatları,1,0,-1,4,0,2,
kapya biber,1,0,-1,4,0,2.5,
armut hal fiyatları,2,1,-1,12,5,2.583333333333333,2.2
mersin mezitli,1,0,-1,1,0,1,
sebze hali fiyatları,1,0,-1,21,10,5,5.4
kuru soğan fiyatları 2026,1,0,-1,21,14,4.380952380952381,4.285714285714286
mersin erdemli limon piyasası,1,0,-1,12,5,6.583333333333333,5.2
marketlerde limon fiyatları,1,0,-1,2,2,1,8
suluk elma fiyatları,1,0,-1,13,18,8.076923076923077,6.388888888888889
malatya kayısı fiyatları 2026,1,0,-1,25,27,4.96,8.296296296296298
yaz elması fiyatı,0,0,0,1,1,10,6
kayseri kayısı,0,0,0,0,3,,12
soğan fiyati,0,0,0,1,0,10,
çanakkale hal,0,0,0,5,1,6.6,10
üzümün kilosu,0,0,0,5,1,4.4,8
bursa balık hali nerede,0,0,0,1,1,2,4
mantar yetiştiriciliği kazancı,0,0,0,1,0,3,
sungurlu bugday borsa,0,0,0,0,1,,7
2025 zeytinyağı fiyatları,0,0,0,1,0,63,
kültür mantarı kg fiyatı,0,0,0,7,12,4.571428571428571,4.666666666666666
kayseri hal fiyat,0,0,0,9,3,5.555555555555555,6
kime ait,0,0,0,1,0,2,
marul fiyatları 2026,0,0,0,4,3,1.25,3
kürbis preise,0,0,0,0,1,,2
bal kabağı kilosu ne kadar,0,0,0,10,18,4.1,5.111111111111111
kayseri meyve sebze hali,0,0,0,6,11,7.333333333333333,8.90909090909091
fiyatı nedir,0,0,0,2,4,1.5,5
nohut fiyatı 2026,0,0,0,23,10,9.08695652173913,9
muşmula fiyatları,0,0,0,1,0,8,
elmali hal fiyatlari,0,0,0,2,0,60.5,
bezelye kg fiyatı,0,0,0,2,0,5.5,
aksaray hal,0,0,0,16,16,4.875,6
30 ton,0,0,0,0,1,,1
toptancılar hali,0,0,0,4,3,9.5,7.333333333333333
taze soğan,0,0,0,1,0,5,
1 kilo kiraz ne kadar,0,0,0,1,1,8,10
balıkesir toptancı,0,0,0,3,3,8.666666666666668,12
soğan kg fiyatı,0,0,0,9,3,4.333333333333334,7
güncel buğday fiyatları,0,0,0,1,1,40,61
yeşil soğan hal fiyatları,0,0,0,12,2,19.833333333333332,2.5
tariş kuru incir fiyatları,0,0,0,0,1,,3
kayisi fiyatlari,0,0,0,1,0,9,
çorum ayçiçeği borsa fiyatları,0,0,0,4,1,10.5,11
erzurum sebze hali fiyatları,0,0,0,1,3,8,10
taze dut fiyatı,0,0,0,1,0,4,
taze yaprak fiyatı 2026,0,0,0,0,1,,11
pazarda patates fiyatları,0,0,0,4,8,4.25,4.625
mersin toptancı,0,0,0,7,1,12.285714285714286,14
kuru üzüm fiyatları tariş,0,0,0,1,0,3,
2026 mısır fiyatları ne kadar,0,0,0,3,4,9.666666666666666,8.75
ucuz domates,0,0,0,1,0,11,
mısır alım fiyatı 2026,0,0,0,29,15,10.551724137931034,10.866666666666667
güncel dana karkas kesim fiyatları,0,0,0,0,2,,10
domates sera,0,0,0,2,0,9,
izmir sebze hali,0,0,0,42,55,11,8.98181818181818
mandalina fiyatları adana,0,0,0,9,4,6.777777777777778,4.25
uygulama bul,0,0,0,0,1,,17
mercimek fiyatı antep borsası,0,0,0,1,1,9,8
fiatı,0,0,0,0,1,,8
mersin de salçalık biber ne kadar,0,0,0,3,0,5,
barbunyanın fiyatı ne kadar,0,0,0,2,1,8,9
kanola fiyatı 2026,0,0,0,0,1,,65
kivi kg fiyatı,0,0,0,2,3,15.5,14.666666666666666
kızılcık sopası,0,0,0,1,0,3,
konya borsası mercimek fiyatları,0,0,0,1,0,11,
taze fasulye tarla fiyatı,0,0,0,3,4,5.666666666666667,4.5
tariş incir fiyatını açıkladı mı,0,0,0,1,0,3,
susurluk dereköy,0,0,0,0,1,,7
aylık getirisi ne kadar olur,0,0,0,0,1,,5
kuşkonmaz doğada nasıl bulunur,0,0,0,0,1,,3
çorum hali,0,0,0,3,10,11.666666666666666,11.8
salatalık çengelköy,0,0,0,3,5,73.66666666666667,80.8
fiatı nekadar,0,0,0,0,1,,5
2027,0,0,0,1,0,3,
istiridye mantarı toptan satış fiyatı,0,0,0,5,0,9.6,
sivas,0,0,0,0,1,,3
salatalık fiyat,0,0,0,21,6,6.9523809523809526,8.666666666666668
afyon vişne fiyatları,0,0,0,1,2,11,12
tokat hal fiyatları,0,0,0,2,1,20,32
1 kilo çilek kaç tl,0,0,0,1,0,7,
çuval işi,0,0,0,0,1,,7
fiyatları,0,0,0,3,1,3.6666666666666665,3
kocaeli hal çalışma saatleri,0,0,0,2,0,12.5,
deniz börülcesi kg fiyatı,0,0,0,3,2,11,9
alanya hali,0,0,0,2,1,16,14
karpuz piyasası,1,1,0,3,4,3.6666666666666665,2.25
inegöl hal,0,0,0,8,23,10,11.826086956521738
bayrampaşa meyve sebze hali,0,0,0,5,3,33.2,13.666666666666666
toptan çilek fiyatı,0,0,0,2,2,4.5,5
edirne borsası canlı hayvan fiyatları,0,0,0,1,4,11,6.75
ünye hal,0,0,0,0,2,,7.5
kivi kilosu ne kadar 2026,0,0,0,1,2,1,2.5
dana karkas et fiyatları,0,0,0,5,1,10.2,25
kızılcık çıktı mı,0,0,0,1,0,2,
salihli hal telefon numarası,0,0,0,3,3,10.666666666666666,11
antalya hal zirai ilaç bayileri,0,0,0,0,1,,12
yüreğir hal pazarı,0,0,0,0,3,,13
mango meyve fiyat,0,0,0,1,1,20,19
salatalık kilo fiyatı,0,0,0,1,1,10,10
uşak'ta,0,0,0,1,0,2,
mantarın kilosu,0,0,0,1,0,3,
ne kadar,0,0,0,2,2,1.5,1.5
japon eriği,0,0,0,1,5,3,2.2
güncel karkas et fiyatları,0,0,0,17,8,11.823529411764707,12.625
bursa inegol,0,0,0,1,0,2,
kiraz tarlada kaç para,0,0,0,1,0,5,
mantar serası maliyeti,0,0,0,1,0,3,
turgutlu sebze meyve hali telefon numarası,0,0,0,29,4,8.89655172413793,9.25
tokat barbunyası,0,0,0,0,1,,2
taze fasulye hal fiyatı,0,0,0,11,9,8.09090909090909,6.888888888888889
leblebilik nohut fiyatları,0,0,0,0,1,,1
birecik patlıcanı istanbul da nerede satılır,0,0,0,1,0,2,
karpuz kilo fiyatı,0,0,0,1,0,10,
mersin borsası fasulye,0,0,0,1,0,2,
domates alım fiyatı,0,0,0,5,2,29,8.5
soğan hal fiyatı,0,0,0,5,5,4.4,7.4
elazığ sebze hali iletişim,0,0,0,5,4,5.8,4
kültür mantar üretimi nasıl yapılır,0,0,0,1,0,2,
pazarda bamya fiyatları,0,0,0,5,17,6.6,7.0588235294117645
peki kaç tl olur,0,0,0,0,1,,3
kayısı güncel fiyatları,0,0,0,1,0,10,
dolmalık biber ne kadar,0,0,0,1,0,8,
pazarda dolmalik biber fiyati,0,0,0,1,1,9,1
nar kilo fiyatı,0,0,0,6,8,6.666666666666667,9.5
kivi kg,0,0,0,1,1,76,74
nane kilosu ne kadar,0,0,0,1,0,2,
soğan ne kadar,0,0,0,4,2,3,1
2026 2027 incir fiyatları,0,0,0,3,11,8.333333333333332,8.363636363636363
domates kg kaç tl,0,0,0,1,1,10,11
adana halde domates fiyatları,0,0,0,0,1,,2
mersin hali fiyatları,1,1,0,13,14,7.846153846153846,7.857142857142857
kare karpuz,0,0,0,1,0,2,
çorum alaca nohut borsası,0,0,0,3,16,8.333333333333332,10.4375
ispir fasulye fiyat,0,0,0,0,1,,3
kazanc,0,0,0,1,0,10,
fabrika teslim,0,0,0,0,1,,1
uzum fiyati aciklandi,0,0,0,6,4,2.5,4
mantar fiyatları,0,0,0,15,14,10.933333333333334,12.785714285714286
istiridye mantarı yetiştiriciliği,0,0,0,0,1,,3
karkas et fiyatları ne kadar,0,0,0,0,1,,19
yıllara göre buğday fiyatları,0,0,0,0,1,,52
acur kilosu ne kadar,0,0,0,17,10,8.176470588235293,7.7
hal mersin,0,0,0,9,4,11.88888888888889,11.75
roka tohumu,0,0,0,2,0,2.5,
balıkesir hal,1,1,0,14,26,5.5,4.153846153846153
denizli,0,0,0,2,3,3.5,3
ayva fiyatı,0,0,0,17,9,7.764705882352941,7.333333333333333
konya borsa mercimek fiyatları,0,0,0,2,0,9.5,
marul tanesi ne kadar,0,0,0,4,0,10.5,
hal telefon numarası,0,0,0,2,4,3,5.5
sarımsağın kilosu ne kadar,0,0,0,24,2,11.083333333333334,5
a101 taze fasulye fiyatı,0,0,0,1,0,10,
antalya finike hal fiyatları,0,0,0,3,1,8.333333333333332,6
toptancı sebze hali,0,0,0,3,1,11,12
zeytin ton fiyatı,0,0,0,0,1,,1
ağaç mantarı fiyatı,0,0,0,1,0,25,
kayısı kg fiyatı,0,0,0,0,1,,14
kavurma hal,0,0,0,1,0,1,
lime,0,0,0,1,0,4,
1 kg mantar fiyatı,0,0,0,1,1,1,3
satış için,0,0,0,2,0,3.5,
yaglik,0,0,0,0,2,,1
karpuz kg fiyatı,0,0,0,3,0,11,
geçen sene fiyatı neydi,0,0,0,1,0,2,
konya,0,0,0,3,3,4.333333333333334,4.333333333333334
mor soğan,0,0,0,1,0,4,
ortalama,0,0,0,1,0,1,
mango kilosu ne kadar,0,0,0,1,0,46,
pendik,0,0,0,1,0,2,
salçalık biber fiyatı 2026,0,0,0,1,0,2,
gıda fiyatları,0,0,0,1,1,47,65
gücel,0,0,0,1,0,3,
hatay sebze hali,0,0,0,9,13,4.222222222222222,4.076923076923077
kabak kemane fiyat,0,0,0,2,0,2.5,
patates kg fiyat,0,0,0,1,0,6,
kiraz kilosu kaç tl,0,0,0,2,0,3,
taze kekik fiyatı,0,0,0,0,1,,10
güncel kuru üzüm fiyatları,0,0,0,1,1,3,7
25 tl,0,0,0,1,0,2,
büyük beyaz incir,0,0,0,0,1,,4
balkabağı kilosu ne kadar,0,0,0,4,7,4.25,4.428571428571429
portakal ne kadar,0,0,0,0,2,,7
antalya hal telefon numarası,0,0,0,6,5,8.833333333333332,9.4
muz fiyatları,2,2,0,84,95,6.226190476190476,9.778947368421052
bayrampaşa kuru gıda hali fiyatları,0,0,0,3,6,8,6.166666666666667
beyaz kulak mantarı kilosu ne kadar,0,0,0,0,1,,3
mersin hal üzüm fiyatları,0,0,0,2,1,5.5,11
sardalye,0,0,0,0,1,,1
trabzon meyve sebze hali,0,0,0,26,19,9.307692307692308,7.2631578947368425
yozgat buğday fiyatları,0,0,0,2,0,9,
çeri domates fiyat,0,0,0,4,0,4,
hamsi,0,0,0,1,0,7,
toptan avakado,0,0,0,1,1,9,9
yulaf alım fiyatı,0,0,0,0,2,,9.5
bayrampaşa meyve sebze hali saat kaçta açılıyor,0,0,0,2,0,12,
domates kilo,0,0,0,2,2,3.5,9.5
tek dişli sarımsak,0,0,0,0,1,,2
toptan buğday fiyatı,0,0,0,2,1,5,11
elazığ pazar fiyatları,0,0,0,1,2,8,3
sungurlu nohut borsası,0,0,0,3,4,12,11
ilgın ticaret borsası hububat fiyatları,0,0,0,1,0,10,
2 kasa domates kaç kilo,0,0,0,1,0,39,
5 kilo patates kaç tl,0,0,0,1,0,11,
ananas fiyat 2026,0,0,0,1,3,6,3.6666666666666665
2026 portakal fiyatları,1,1,0,20,26,4.75,5.076923076923077
enter limon piyasası,0,0,0,15,9,5.133333333333334,4.666666666666666
kırıkhan sebze hali yol tarifi,0,0,0,0,2,,9.5
ankara limon fiyatları,0,0,0,2,2,5.5,5.5
ankara da,0,0,0,0,1,,3
avakado fiyatları,0,0,0,0,1,,8
onion price today,0,0,0,1,0,1,
uşak hal fiyatları,0,0,0,3,0,48,
isparta sebze hali,0,0,0,8,11,9.5,8.09090909090909
gaziantep kirmizi mercimek borsası,0,0,0,3,0,9.666666666666666,
çilek market fiyatı,0,0,0,1,3,4,5.333333333333333
bursa hali pazar günü açık mı,0,0,0,1,0,11,
migros karpuz fiyatı,0,0,0,0,1,,27
dut kurusu fiyatı,0,0,0,1,0,2,
canlı hayvan fiyatları,0,0,0,0,1,,19
adana meyve sebze hali,0,0,0,16,16,10.75,7.625
yaş bamya kilosu ne kadar 2026,0,0,0,9,9,7,7.777777777777778
linda domates fiyatları,0,0,0,1,2,1,30
kuru patlıcan ne kadar,0,0,0,0,1,,2
fiyatı nedri,0,0,0,1,0,2,
karım ne olur,0,0,0,0,1,,2
nazilli incir işletmeleri,0,0,0,1,0,7,
konya pazar fiyatları,0,0,0,4,4,5,7.5
zeytinyağı ihracat yasağı ne zaman kalkacak 2026,0,0,0,1,0,11,
trabzon balık hali,0,0,0,0,1,,26
patatesin kilosu kaç para,0,0,0,2,2,30,11
mısır taban fiyatı 2026,0,0,0,5,11,10.2,10.454545454545455
domates salkım,0,0,0,1,0,27,
kuru incir fiyatı 2026,0,0,0,4,2,3,11
2026 kapya biber fiyatları,0,0,0,1,0,8,
ispir fasulye fiyatı 2026,0,0,0,1,0,3,
erzurum sebze hali yol tarifi,0,0,0,7,16,8.857142857142858,9
mersin halde salçalık biber fiyatları,0,0,0,16,18,9.625,10
silifke atayurt hal fiyatları,0,0,0,1,0,2,
dana karkas,0,0,0,1,0,29,
dolmalık biber hal fiyatları,0,0,0,1,1,6,2
mersin sebze meyve hali fiyat listesi,0,0,0,81,92,9.851851851851851,9.01086956521739
urfa hal,0,0,0,11,10,7,5.8
üzüm hal fiyatı,0,0,0,1,1,4,5
mandalin fiyatları,0,0,0,24,31,7,6.516129032258065
antalya hal karpuz fiyatları,0,0,0,1,0,8,
türkiye domates fiyatı,0,0,0,5,3,5.8,8.666666666666668
ankara ticaret borsası et fiyatları,0,0,0,4,3,10.5,10.666666666666666
kabak çekirdeğinin kilosu ne kadar,0,0,0,1,0,3,
kırmızı pancar,0,0,0,2,0,2.5,
bursa balik hali nerede,0,0,0,1,0,21,
gazipaşa toptancı hali,0,0,0,6,7,10.666666666666666,12.428571428571429
taşköprü sarımsağı fiyat 2026 fiyatları,0,0,0,4,0,7.75,
üzüm borsası manisa,0,0,0,2,0,3,
kırmızı mercimek fiyatları,0,0,0,0,3,,38.333333333333336
antalya karpuz fiyatları,0,0,0,3,0,34.666666666666664,
adana limon fiyat,0,0,0,15,15,7.2,6.066666666666666
cin biberi kilosu kaç tl,0,0,0,3,4,5.333333333333333,3.5
01.09.2026,0,0,0,1,0,3,
limon ne kadar,0,0,0,13,0,3.6923076923076925,
çavdar kg fiyatı,0,0,0,3,2,6,7
tmo mısır fiyatı 2026,0,0,0,1,2,3,10.5
ankara market fiyatları,0,0,0,1,0,3,
sebze halı,0,0,0,5,2,10.4,9.5
bayrampaşa sebze hal,0,0,0,1,2,12,8
2026 yulaf fiyatları,0,0,0,4,0,8.5,
eylül,0,0,0,1,0,3,
kütahya toptancı,0,0,0,1,1,11,10
bayrampaşa hali fiyatları,1,1,0,10,4,3.5,3
erdemli hal piyasası,0,0,0,1,1,3,3
mercimek borsa fiyatı,0,0,0,0,1,,10
uzum fiyati,0,0,0,3,2,7.333333333333333,9
kekik fiyatı,0,0,0,47,40,8.74468085106383,9.825
pirinç borsa fiyatları,0,0,0,4,6,10.25,9.166666666666666
kavun kg kaç tl,0,0,0,0,1,,11
اريد البيع,0,0,0,1,0,11,
alaşehir şaraplık üzüm fiyatları,0,0,0,1,0,37,
japon eriği ağacı,0,0,0,0,1,,2
mersin domates fiyatları,0,0,0,4,3,7.75,9.333333333333334
bugün itibariyle,0,0,0,1,0,2,
toptan kavun,0,0,0,1,0,8,
bursa salçalık biber fiyatları,0,0,0,1,7,11,6.428571428571429
mango fiyatı,0,0,0,1,0,9,
bursa balık fiyatları,0,0,0,5,3,12.4,11.666666666666666
maydonoz döner fiyat listesi,0,0,0,0,1,,4
2026 yaş kayısı fiyatları,0,0,0,5,2,7,8
fiyat aralığı,0,0,0,0,1,,2
kumluca sebze hal fiyatları bugün,0,0,0,0,1,,4
balkabağı kg,0,0,0,7,0,8.571428571428571,
limon kilosu ne kadar 2026,0,0,0,11,11,2.3636363636363633,2.6363636363636367
konya ereğli sebze meyve hali,0,0,0,2,2,12.5,10
acur salatalık,0,0,0,1,0,2,
izmir sebze meyve hal fiyatları,0,0,0,6,1,10.166666666666666,8
edirne canlı hayvan borsası,0,0,0,0,12,,9.083333333333334
kabak kilosu,0,0,0,2,2,6,10.5
tarlada mısır fiyatları,0,0,0,1,6,9,9.833333333333334
düzce sebze meyve hali,0,0,0,10,6,9.1,9
sebze hali mersin,0,0,0,0,4,,9.75
adana hali,0,0,0,48,47,4.833333333333334,4.170212765957446
mandalina fiyatları hal,1,1,0,11,19,3.3636363636363638,3.5789473684210527
osmaniye sebze hali,1,1,0,184,90,8.75,7.188888888888889
kültür mantarı kilosu,0,0,0,6,5,6.166666666666667,9.2
antalya hal fiyatları günlük,0,0,0,1,0,54,
ibb hal fiyat,0,0,0,6,8,7.166666666666667,8.25
mersin limon fiyatlari,0,0,0,2,3,6,5.333333333333333
güvem eriği kg fiyatı,0,0,0,0,1,,4
hatay iskenderun,0,0,0,1,0,6,
kilogramı ne kadar,0,0,0,1,0,2,
kekik fiyatı denizli,0,0,0,2,2,11,11
nevşehir hal fiyatları,0,0,0,1,2,6,16
yatak limon,0,0,0,6,6,8.166666666666668,11.666666666666666
düzce,0,0,0,1,0,7,
domates kilosu,0,0,0,19,6,8.105263157894736,8.833333333333332
yüreğir,0,0,0,0,1,,2
polorosso marul,0,0,0,1,0,10,
hal karpuz fiyatları,0,0,0,1,3,5,3.6666666666666665
şeftali kaç tl,0,0,0,10,5,7.7,6.6
ticari,0,0,0,1,0,2,
bamya kg fiyatı 2026,0,0,0,10,25,7.4,7.64
narenciye piyasası,0,0,0,8,14,21.125,9.428571428571429
karkas kesim fiyatı dana,0,0,0,0,1,,11
bayrampaşa hal telefon numarası,0,0,0,3,0,11.666666666666666,
urfa mercimek fiyatları,0,0,0,3,0,10.666666666666666,
adiloğulları kayseri,0,0,0,2,2,10.5,13
pazar günü hal açık mı,0,0,0,1,0,16,
kadıköy hal numaraları,1,1,0,10,15,5.3,6.4
anjelika erik reçeli,0,0,0,0,1,,3
silor salatalık,0,0,0,2,1,2,2
kadıköy sebze hali,0,0,0,9,3,20.666666666666668,10.666666666666666
istiridye mantarı hal fiyatları,0,0,0,1,0,9,
kasa domates fiyatları,0,0,0,4,2,8.5,1
uzunköprü buğday fiyatları,0,0,0,1,0,17,
istanbul kavun fiyatları,0,0,0,2,0,3,
boncuk fasulye fiyatları,0,0,0,8,0,8.75,
a101 domates fiyatı bugün,0,0,0,1,0,66,
akhisar toptan zeytinyağı fiyatları,0,0,0,1,0,40,
kuzu eti fiyatları 2026,0,0,0,2,1,10,16
sogan kac tl,0,0,0,0,1,,1
mersin limon fiyatları 2026,1,1,0,67,53,5.522388059701493,4.830188679245283
kayısının kilosu,0,0,0,1,0,8,
42 renk pamuk fiyatı,0,0,0,0,2,,10.5
fiyat bellimi,0,0,0,1,0,2,
nerede,0,0,0,0,1,,5
böğürtlen hal fiyatları,0,0,0,7,1,33.142857142857146,2
böğürtlenin fiyatı ne kadar,0,0,0,13,2,7.615384615384615,9
migros taze barbunya fiyatı,0,0,0,3,0,14.666666666666666,
yaş kekik fiyatı,0,0,0,5,2,4.6,5.5
canlı inek kg fiyatı,0,0,0,0,1,,11
sebze meyve,0,0,0,0,1,,3
pancar,0,0,0,1,0,3,
bayrampaşa sebze hali çalışma saatleri,0,0,0,0,1,,3
hal fiyatlari,0,0,0,32,47,6.53125,5.127659574468085
kastamonu hal fiyatları,0,0,0,1,1,5,26
kiyasla,0,0,0,1,0,7,
dün ne kadardı,0,0,0,1,0,2,
kereviz sapı,0,0,0,1,0,2,
ergen meyvesi,0,0,0,2,0,2,
pirincin kilosu ne kadar 2026,0,0,0,0,1,,5
izmir meyve sebze hali,0,0,0,20,26,11.25,9.576923076923077
pirzola kilosu ne kadar 2026,0,0,0,0,1,,30
1 kilo limon,0,0,0,2,0,10,
santa maria armut nerede yetişir,0,0,0,1,0,2,
kestane,0,0,0,0,1,,2
patates dönüme kaç kilo verir,0,0,0,2,0,2,
fasülyenin kilosu ne kadar,0,0,0,0,1,,8
1 tonne,0,0,0,0,1,,3
kuzu kargas,0,0,0,1,2,43,61
tarlada patates fiyatı,0,0,0,42,41,5.166666666666667,5
birton erik fiyatları,1,1,0,15,21,6.666666666666667,7.0476190476190474
antalyahalfiyatlari,0,0,0,0,1,,17
alaca ticaret bor,0,0,0,0,4,,10.75
patates kova fiyat,0,0,0,1,0,42,
2026 darı fiyatları,0,0,0,9,0,8.666666666666668,
karnabahar fidesi fiyatları,0,0,0,1,0,3,
taze incir kaç tl,0,0,0,0,1,,1
kiren kilosu ne kadar,0,0,0,4,1,1,1
tokat sebze hali yol tarifi,0,0,0,51,39,8.490196078431373,9.128205128205128
mercimek fiyatı,0,0,0,1,0,35,
çeri domates fiyatı,0,0,0,3,0,2.666666666666667,
kabuklu,0,0,0,0,2,,1
kültür,0,0,0,0,4,,2.75
salçalık domates,2,2,0,27,25,13.962962962962964,13.68
mandalina kilosu ne kadar,0,0,0,5,4,8.2,1.25
kuru soğan kg fiyatı,0,0,0,0,1,,2
mantar kilosu ne kadar,0,0,0,5,2,10.4,17.5
bursada olan,0,0,0,0,1,,17
elmalı domates,0,0,0,0,1,,8
kilosu,0,0,0,0,1,,2
ben satacam,0,0,0,1,0,2,
kudret narı kilosu ne kadar,0,0,0,0,1,,10
emiralem hal fiyatları,0,0,0,3,0,27,
taze incir kg fiyatı,0,0,0,2,5,12.5,10.6
mürdüm eriği kilosu ne kadar,0,0,0,7,3,2.2857142857142856,3
sogan fiyatlari,1,1,0,11,11,3.8181818181818183,4.909090909090909
bursa palamut fiyatları,1,1,0,16,14,7.875,6.642857142857143
kekik fabrikası,0,0,0,0,1,,3
antalya toptancı hal is ilanları,0,0,0,1,0,31,
1 kg limon,0,0,0,4,0,9.5,
kurutulmuş domates,0,0,0,1,0,5,
tonu kaç tl,0,0,0,1,0,2,
zeytinyağı borsası fiyatları,0,0,0,0,1,,19
pazarda domates ne kadar,0,0,0,0,1,,6
yaş üzüm kilosu kaç lira,0,0,0,3,5,5,7
lahana fiyatları,0,0,0,5,0,25.6,
muz,0,0,0,2,2,2,2
taze barbunya fiyat,1,1,0,15,9,3,6.555555555555555
kereviz kilosu kaç tl,0,0,0,9,0,7.555555555555555,
salihli hal,0,0,0,6,8,10.833333333333334,10.25
parekende,0,0,0,0,2,,3
üzüm kg fiyatı,0,0,0,12,3,6,6.666666666666667
izmir hal telefon numarası,0,0,0,2,4,8,7.75
mersin sebze fiyatları,0,0,0,3,1,13.333333333333334,14
gaziantep kırmızı mercimek,0,0,0,2,0,5,
barbunya fasulye fiyatı,0,0,0,1,3,18,11
hal f,0,0,0,2,3,3,3
vişne pazar fiyatı,0,0,0,3,1,6.333333333333333,6
1 bağ roka kaç gram,0,0,0,0,7,,9
en küçük,0,0,0,0,1,,2
gaziantep sebze hali iletişim,0,0,0,8,2,5.25,4.5
1 kg domates ne kadar,0,0,0,0,1,,11
dörtyol hal komisyoncuları,0,0,0,0,4,,7.75
buğdayın kilosu kaç,0,0,0,1,0,49,
granny,0,0,0,1,0,2,
patlican fiyati,0,0,0,3,5,5.666666666666667,9.4
brokoli kilosu ne kadar,0,0,0,5,3,2.6,6.333333333333333
kuru üzüm fiyatları açıklandı mı,0,0,0,3,0,3,
migros balık fiyatlari bugün,0,0,0,0,1,,2
erzincan hal fiyatları,0,0,0,3,1,10,11
soğan,0,0,0,2,2,4.5,5.5
tarla domates fiyatları,0,0,0,2,2,8.5,9
5 kilo,0,0,0,1,0,9,
1 kg şeftali kaç tl,0,0,0,2,1,3,11
pazarda şeftali fiyatları,0,0,0,7,8,4.285714285714286,4.75
kirazın kilosu kaç para,0,0,0,1,0,5,
istavrit,0,0,0,1,0,2,
salihli meyve sebze hali,0,0,0,1,3,9,12.333333333333334
yemlik kuru bakla fiyatı,0,0,0,1,0,3,
mercimek fiyatı 2026,0,0,0,0,1,,1
limon tarlasi,0,0,0,0,1,,54
altın çilek kilosu ne kadar 2026,0,0,0,1,3,6,10.333333333333334
yeni dünya,0,0,0,3,1,46,10
2025 kuru üzüm fiyatları,0,0,0,1,1,4,7
1 bağ nane kaç gram,0,0,0,3,3,4.333333333333334,6.333333333333333
1 kg barbunya fiyatı,0,0,0,2,2,12.5,16
yaprağın kilosu ne kadar 2026,0,0,0,1,0,9,
satsuma,0,0,0,0,1,,2
şok muz fiyatı,0,0,0,1,0,4,
türkiye zeytinyağı litre fiyatı 2026 eylül,0,0,0,0,1,,5
taze fasulye,0,0,0,1,1,5,4
bögürtlen fiyatı,0,0,0,2,0,1,
bal kabağı sezonu,0,0,0,0,1,,7
barbunyanın kilosu kaç para,0,0,0,3,0,8,
1 kasa kayısı kaç tl,0,0,0,1,0,9,
gazipaşa hal,0,0,0,1,7,8,8
adresleri,0,0,0,1,0,6,
ceyhan sebze hali,0,0,0,2,4,12,11
mürdüm eriği,0,0,0,1,0,2,
salçalık domates en ucuz,0,0,0,6,5,7.833333333333333,5.8
misir fiyati 2026,0,0,0,4,3,9.25,10.333333333333334
limon hal fiyatları mersin,0,0,0,0,19,,5.7368421052631575
dip elma fiyatları,0,0,0,1,4,8,5.75
en uygun soğan fiyatları,0,0,0,0,1,,12
tmo mısır fiyatı,0,0,0,1,0,3,
son dakika sebze fiyatları,0,0,0,5,4,4.6,6.75
adana limon fiyatları 2026,0,0,0,25,25,8.4,6.2
maydanoz fiyatları,0,0,0,2,4,15.5,11.25
çamlıyol manavı,0,0,0,1,0,7,
ordu hal nerede,0,0,0,0,2,,6
üzümün kilosu ne kadar,0,0,0,8,15,3.875,12.8
a101 salçalık domates,0,0,0,1,0,31,
bir kasa domates kaç tl,0,0,0,1,20,7,5.5
salça zamanı ne zaman,0,0,0,1,0,90,
hal fiyatları izmir,0,0,0,25,29,6.32,10.517241379310345
kumluca hal fiyatları bugün,0,0,0,2,0,24,
edirne borsa kuzu,0,0,0,0,4,,10
zeytinyağı borsa fiyatı,0,0,0,3,10,10.666666666666666,10.2
izmir sebze meyve hali,0,0,0,14,11,11.214285714285714,14
aysberg fiyat,0,0,0,4,2,5.75,4.5
masrafi,0,0,0,0,1,,4
kereviz fidesi fiyatları,0,0,0,1,0,4,
fasülyeli fiyat listesi 2026,0,0,0,5,5,5.8,9.8
kızılcık nerede satılır,0,0,0,2,0,4,
prix tomate au kilo grand frais,0,0,0,0,1,,3
soğan kg,0,0,0,2,0,28.5,
fiyat farkı varmı,0,0,0,0,1,,4
alaca buğday fiyatları,0,0,0,0,3,,9.333333333333334
halde soğan fiyatları,0,0,0,3,3,3.6666666666666665,4.666666666666666
sakarya mısır fiyatları,0,0,0,0,3,,11
komle,0,0,0,1,0,2,
halde vişne fiyatları,0,0,0,1,0,5,
kayseri balık hali,0,0,0,4,2,2.5,4
mersin ticaret borsası,0,0,0,1,0,2,
bal kabak fiyatları,0,0,0,10,10,5.7,5.8
onlarıda ekle,0,0,0,1,0,7,
can erik kilosu ne kadar,0,0,0,1,0,1,
soğanın tarladan çıkış fiyatı,0,0,0,1,2,8,6
cherry fiyatlari,0,0,0,1,0,7,
denizli sebze hali iletişim,0,0,0,5,9,9.6,10.333333333333334
ankara karkas et fiyatları,0,0,0,11,7,15,15.285714285714286
bahçelerde bal kabak satılır,0,0,0,14,13,8.928571428571429,8.615384615384615
aydın acarlar hal fiyatları,0,0,0,3,0,11.666666666666666,
domates en ucuz,0,0,0,0,11,,10.272727272727273
yaban mersini satış fiyatı,0,0,0,0,1,,1
1 kg domates kaç tl,0,0,0,1,15,12,9.133333333333333
1 kg kültür mantar fiyatı,0,0,0,11,8,5.7272727272727275,3.625
ibb balık hali fiyatları,0,0,0,15,1,9.733333333333333,10
taze barbunya fasulye fiyatı,0,0,0,5,1,2.4,6
patlıcan fiyatları,0,0,0,6,8,6.333333333333333,8.125
çorum ticaret borsasında buğday fiyatları,0,0,0,0,3,,10.333333333333334
sebze hali konya,0,0,0,8,10,7.625,7.8
soğan fiyatları ne kadar,0,0,0,3,6,4.666666666666666,7
elazığ sebze fiyatları,0,0,0,0,2,,10.5
tonu kaç para,0,0,0,1,0,2,
manisa hal telefon numarası,0,0,0,3,6,9.666666666666666,8.833333333333332
gürpınar balık hali fiyatları 2026 fiyatları,0,0,0,0,1,,5
altunhisar patates fiyatları,0,0,0,5,3,6.2,7.333333333333333
borsa nohut fiyatı,0,0,0,1,1,8,11
mürdüm eriği kilo fiyatı,0,0,0,2,1,1,10
انقرة,0,0,0,1,0,5,
migros da soğan fiyatları,0,0,0,0,1,,4
en pahalısı hangisi,0,0,0,0,1,,3
dere oti,0,0,0,0,1,,1
evet isterim,0,0,0,1,1,6,2
hesapla,0,0,0,1,0,3,
1 kg kuzu eti ne kadar,0,0,0,1,0,17,
uzunköprü ticaret borsası buğday fiyatlari,0,0,0,1,0,16,
2026 fiyatları mı bunlar,0,0,0,0,1,,3
bal kabağı fiyatları,0,0,0,13,7,3,6.571428571428571
acur kilosu ne kadar 2026,0,0,0,4,5,4.5,3.2
börülce kg fiyatı,0,0,0,1,0,9,
kuru mısır fiyatı,0,0,0,1,0,3,
semiz otu fiyatı,0,0,0,1,0,9,
tariş kuru üzüm fiyatları 2026,0,0,0,1,0,5,
geçen seneye göre,0,0,0,0,1,,1
kiraz fiyatları hal,0,0,0,0,1,,3
suruç,0,0,0,1,0,2,
sungurlu ticaret borsası,0,0,0,2,4,16,7.25
patatesin kilosu,0,0,0,5,10,11.6,12.7
tekirdağ balık hali fiyatları,0,0,0,13,7,18.153846153846153,9.714285714285714
borsa pamuk,0,0,0,0,9,,6.777777777777778
böğürtlen fiyatı,0,0,0,9,11,6.222222222222222,9.181818181818182
olur,0,0,0,4,6,3.25,4.666666666666666
adana hal müdürlüğü,0,0,0,3,0,12,
barbun fiyat,0,0,0,0,1,,1
dil balığı fiyatı 2026,0,0,0,3,2,8.333333333333332,3.5
güncel sogan fiyatı,0,0,0,2,0,8,
balkabağı fiyatı,0,0,0,10,11,4,5.363636363636363
hal giriş ücreti,0,0,0,6,6,6.833333333333333,7.166666666666667
afyon şuhut patates fiyatları,0,0,0,1,0,8,
tmo kuru üzüm fiyatları 2026,0,0,0,1,2,2,4
diyarbakır mercimek fiyatları,0,0,0,1,0,21,
edremit ticaret borsasi zeytinyaği fiyatları,0,0,0,16,23,8.6875,8.608695652173914
bandırma balık hali fiyatları,0,0,0,0,1,,1
gazipaşa hal fiyatları 2026,0,0,0,0,3,,8
1 ton kültür mantar kompost fiyatı 2026,0,0,0,10,6,4.7,7.833333333333333
a101 barbunya fiyatı,0,0,0,1,2,27,24.5
getirisi ne kadar olur,0,0,0,1,0,3,
salçalı biber,0,0,0,0,1,,3
muz fiyat,0,0,0,16,3,6.5,11
niğde kuru fasulye fiyatları,0,0,0,1,1,33,43
sebze hali van,0,0,0,1,0,20,
taris uzum fiyati,0,0,0,2,0,2,
kapya biber hal fiyatı,0,0,0,3,1,2.666666666666667,3
lime fiyat,0,0,0,3,3,19,11.333333333333334
canlı hayvan borsası edirne,0,0,0,0,3,,10
eriğin kilosu ne kadar 2023,0,0,0,2,0,6.5,
süs biberinin kilosu ne kadar,0,0,0,0,1,,3
1 kasa domates kaç kilo,0,0,0,1,0,73,
mısır kilo fiyatı,0,0,0,1,0,38,
2 ton kayısı kaç tl,0,0,0,4,3,5.75,1.3333333333333333
dağ kekiği fiyatı 2026,0,0,0,18,13,6.944444444444445,9.384615384615385
palamut hal fiyatları,1,1,0,6,3,4.666666666666666,2.666666666666667
hafta sonra,0,0,0,1,0,5,
sebze meyve toptan fiyatları,0,0,0,4,3,29.5,35.666666666666664
sivas patates fiyatları,0,0,0,1,0,11,
mevsimi ne zaman,0,0,0,0,1,,1
20 kilo,0,0,0,2,0,4,
ankara karkas et kesim fiyatı,0,0,0,1,0,10,
domates kilosu kaç para,0,0,0,3,5,9.333333333333334,9.6
taze barbunya ne kadar,0,0,0,6,1,6.166666666666667,11
incir toptan satış fiyatı,0,0,0,1,6,11,9.5
incir pazar fiyatı,0,0,0,3,4,3,4
tarsus sebze hali,0,0,0,0,1,,12
turp fiyatları,0,0,0,5,2,10,6
patates kilo kaç tl,0,0,0,0,1,,9
üzüm fiyatları açıklandı,0,0,0,0,1,,5
antalya hal fiyatlari,0,0,0,1,0,26,
izmit balık hali fiyatları,0,0,0,1,0,13,
taze barbunya,0,0,0,1,0,4,
where to buy tomatoes in bulk,0,0,0,1,0,12,
köy sarımsağı fiyatı,0,0,0,1,0,1,
istanbulda karpuz fiyatları,0,0,0,0,2,,1
alaca borsa fiyatları,0,0,0,4,11,8.75,9.545454545454545
adana limon hal fiyatları,0,0,0,1,83,11,6.301204819277109
bursa balık hali hangi günler açık,0,0,0,0,3,,15.666666666666666
bardak domates,0,0,0,1,0,1,
hal kaçta açılıyor,0,0,0,2,0,8,
kuzu kulagı,0,0,0,1,0,1,
kuşkonmaz fiyatları,0,0,0,6,8,17,21.875
konya soğan fiyatları,0,0,0,3,2,9.333333333333334,6
patates tarla fiyatı,0,0,0,19,31,5.894736842105263,5.387096774193548
fiyatlar nasıl,0,0,0,0,1,,3
lahana kg fiyatı,0,0,0,0,1,,27
نعم اريد,0,0,0,1,0,7,
balkabağı satın al,0,0,0,1,0,18,
buğday ton fiyatı,0,0,0,0,4,,67.75
salatalık kaç tl,0,0,0,5,5,8.6,6.4
2024 kuru üzüm fiyatları,0,0,0,0,1,,6
halde,0,0,0,17,10,8.529411764705882,6.4
2026 kuru incir fiyatı kg türkiye,0,0,0,0,1,,11
hal 30,0,0,0,0,1,,4
tarsus toptancı,0,0,0,2,0,12,
çorum borsası buğday fiyatları,0,0,0,0,1,,16
kavunun kg fiyatı,0,0,0,2,1,10.5,9
kuşadası kirazlı,0,0,0,1,0,3,
niğde yaş sebze meyve hali,0,0,0,0,2,,10
ordu sebze meyve hali,0,0,0,1,1,7,11
meysuluk elma fiyatları,1,1,0,84,75,8.892857142857142,8.226666666666667
mor erik fiyatı,0,0,0,1,1,1,1
rize toptancı,0,0,0,1,1,12,10
toptan fiyatı,0,0,0,3,1,4.333333333333334,2
balık hal fiyatları izmir,0,0,0,8,2,10.25,9
fiyat,0,0,0,10,9,3.2,3.3333333333333335
kayseri hal kapya biber fiyatları,0,0,0,23,23,6.826086956521739,6.739130434782608
kadirli hal,0,0,0,10,13,10,9.307692307692308
çatak,0,0,0,1,0,2,
aydın toptancı hali,0,0,0,0,1,,11
kivi kaç tl,0,0,0,0,3,,7.333333333333333
bir kilo,0,0,0,0,1,,3
semiz otu kilosu,0,0,0,0,1,,10
jalapeno biber kilosu kaç tl,0,0,0,9,5,10.777777777777779,11
sakarya patates hali,0,0,0,16,14,10.75,10
kavun fiyatları 2026,1,1,0,9,11,2.888888888888889,4.454545454545455
kazancım,0,0,0,1,0,1,
1 tane muz kaç tl,0,0,0,3,0,7.666666666666667,
2026 mısır taban fiyatı,0,0,0,4,4,11.75,11
mısır piyasası 2026,0,0,0,1,3,9,11
rozmarin,0,0,0,1,0,12,
hal sebze meyve,0,0,0,7,6,8.285714285714285,5.833333333333333
karpuz kilosu,0,0,0,5,1,10.2,15
mantar yetiştiriciliği nasıl yapılır,0,0,0,0,1,,2
9 eylül,0,0,0,0,1,,2
izmir hal fiyatları balık,0,0,0,5,1,8.4,7
edremit sebze hali,0,0,0,2,2,20,13
denizli çekirdek piyasası,0,0,0,1,3,15,40.333333333333336
kapya fiyat,0,0,0,0,1,,11
mor erik,0,0,0,0,1,,3
sebze meyve tedarik istanbul,0,0,0,1,1,23,25
2023 domates fiyatları,0,0,0,7,1,44.57142857142857,10
mersin hali,0,0,0,53,46,10.037735849056604,9.021739130434783
birjantin erik,0,0,0,0,1,,4
canlı hayvan borsası,0,0,0,0,3,,11.333333333333334
kırıkkale hal fiyatları,0,0,0,2,0,9.5,
kırmızı pancar fiyatları,0,0,0,1,0,3,
domates kaç para,0,0,0,4,2,10.5,9.5
ankon domates fiyatları,0,0,0,1,1,1,1
yulaf fiyatı 2026,0,0,0,3,6,9.333333333333334,9
найти в каталоге,0,0,0,1,0,17,
antalya hal fiyatları,0,0,0,11,26,44.45454545454545,25.923076923076923
mandalina kilosu kaç tl,0,0,0,0,1,,1
malatya hal pazarı,0,0,0,12,16,5.416666666666667,5.875
средний,0,0,0,0,1,,2
muz kilosu kaç tl,0,0,0,2,1,10,1
patates kilosu,0,0,0,8,12,23,32.83333333333333
ankara kuru soğan fiyatları,2,2,0,52,56,4.5,4.839285714285714
muz market,0,0,0,0,1,,18
alaca ticaret borsasi nohut fiyatları,0,0,0,17,29,9.176470588235293,9.655172413793103
osmaniye hali,0,0,0,2,1,17.5,52
siyah incir kg fiyatı,0,0,0,7,1,8.142857142857142,10
sakarya,0,0,0,1,0,6,
aydın sebze meyve hali,0,0,0,0,4,,10.75
bursa sebze hali,2,2,0,32,34,10.8125,7.588235294117647
ankara hal soğan fiyatları,0,0,0,3,6,5.666666666666667,5
balıkesir toptancı hali,0,0,0,2,8,4.5,2.625
1 kg domates,0,0,0,1,0,10,
bir kasa üzüm kaç kilo,0,0,0,1,0,10,
lahana,0,0,0,1,0,1,
yaş bamya,0,0,0,1,0,2,
maaliyet,0,0,0,1,0,2,
10 kilo karpuz kaç tl,0,0,0,1,0,7,
kuru börülce fiyatı migros,0,0,0,0,2,,3
konya balık hali fiyatları,0,0,0,0,1,,24
ayşe kadın,0,0,0,1,2,3,1.5
2026 yılı kuru üzüm fiyatları,0,0,0,10,5,10,8.2
sogan kilo fiyat,0,0,0,1,0,11,
edirne borsası karkas et fiyatları,0,0,0,0,1,,9
yeşil fasulye fiyat,0,0,0,1,0,9,
100 metrekare,0,0,0,0,1,,3
güncel sarımsak fiyatları,0,0,0,2,2,6,3.5
gürsu,0,0,0,1,0,1,
tariş incir fiyatları 2026 fiyatları,0,0,0,3,0,3,
gemlik,0,0,0,1,0,5,
kavun çeşitleri,0,0,0,1,2,1,1
ağustos ayı,0,0,0,1,0,3,
mersin hal domates fiyatları,0,0,0,28,10,8.714285714285715,8.8
kekik fiyatları denizli,0,0,0,29,11,9.344827586206897,10.818181818181818
mersin yeni hal,0,0,0,2,2,11,10.5
erzurum hal yol tarifi,0,0,0,0,1,,8
güncel sebze fiyatları,0,0,0,1,0,1,
nizip salçalık biber fiyatları,0,0,0,1,3,1,1
semt pazarı,0,0,0,1,0,2,
yaş kayısı fiyatları,0,0,0,3,3,9.333333333333334,9
toptan sarımsak fiyatları sahibinden,0,0,0,1,0,2,
şanlıurfa hal pazarı biber fiyatları,0,0,0,1,0,10,
konya ticaret borsası bakliyat fiyatları,0,0,0,0,1,,28
abb hal fiyat listesi,0,0,0,1,0,7,
toptan incir,0,0,0,0,1,,11
kafkas et fiyatları,0,0,0,1,1,11,11
çekirdeksiz yaş üzüm fiyatı,0,0,0,1,1,5,5
100 bın,0,0,0,1,0,1,
limonun tanesi ne kadar,0,0,0,2,0,11,
fasulye ne kadar,0,0,0,0,1,,1
kompostoluk erik fiyatları,0,0,0,0,2,,2
fasulye kilosu,0,0,0,1,0,32,
1 kilo bal kabağı,0,0,0,0,1,,2
konya ilgın ticaret borsası buğday fiyatları,0,0,0,1,0,8,
kiraz fiyati,0,0,0,0,1,,7
kavun piyasası,0,0,0,1,0,6,
kuşkonmazın faydaları ve zararları,0,0,0,0,1,,3
elazığ yeni sebze hali,0,0,0,9,8,8.555555555555555,9.25
nohut tarla fiyatı,0,0,0,1,0,11,
kırmızı mercimek borsa fiyatı,0,0,0,1,1,7,10
fiatı ne kadar,0,0,0,1,0,4,
gaziantep nohut borsası,0,0,0,1,2,2,6
frambuaz kilosu ne kadar,0,0,0,1,0,1,
yeşil fasulye kilosu kaç tl,0,0,0,1,0,9,
nar,0,0,0,0,1,,3
şaraplık üzüm fiyatları 2026,0,0,0,81,12,9.395061728395062,5.833333333333333
1 kilo patates ne kadar,0,0,0,1,0,1,
muş hal,0,0,0,3,8,4.666666666666666,4.75
satış listesi,0,0,0,1,0,9,
kayseri kuru kayısı fiyatları,0,0,0,1,0,11,
samsun çarşamba hal,0,0,0,2,6,8,7.166666666666667
a101 salatalık fiyatı,0,0,0,0,2,,33
manisa toptancı,0,0,0,0,2,,7.5
salatalığın kilosu ne kadar 2026,0,0,0,3,3,1.3333333333333333,3.6666666666666665
yerli muz kg,0,0,0,0,1,,18
hadim kiraz fiyatları,0,0,0,0,1,,10
dana karkas et fiyatları 2026,0,0,0,14,3,10.285714285714286,11
jalapeno biber turşusu fiyatı,0,0,0,0,2,,2
mantar a101,0,0,0,0,1,,3
antalya toptancılar,0,0,0,1,0,13,
kırmızı elma,0,0,0,0,1,,2
angela erik,0,0,0,0,2,,11
bayrampaşa hal çalışma saatleri,0,0,0,0,2,,8.5
hindistan cevizi ne kadar,0,0,0,0,1,,3
bugün alanya hal fiyatlari,0,0,0,0,5,,5
güncel fiyat mı,0,0,0,0,1,,6
güncel incir fiyatları,0,0,0,10,8,6.9,7.875
avokado adet fiyat,0,0,0,1,0,11,
peki fiyat ne olur,0,0,0,1,0,2,
toptan kuru kayısı fiyatları,0,0,0,3,1,19,11
sivas arpa fiyatları,0,0,0,0,3,,10
ikisini de hesapla,0,0,0,0,1,,2
çileğin kilosu kaç tl,0,0,0,0,1,,19
ankarada vişne fiyatları,0,0,0,1,0,6,
kazanç ne kadar,0,0,0,1,0,2,
hal fiyatları gazipaşa,0,0,0,2,2,9,10.5
çavdar fiyatı,0,0,0,2,5,9.5,9.6
salçalık domates fiyatı ne kadar,0,0,0,1,2,9,10.5
patlıcan fiyatı ne kadar,0,0,0,1,4,8,7
eskişehir hal nerede,0,0,0,5,2,9.8,10.5
turgutlu hal fiyatları,0,0,0,15,16,8.466666666666667,26.375
gaziantep hal rayiç,0,0,0,0,2,,6.5
sera domatesi,0,0,0,0,1,,6
mersin halinde şeftali fiyatları,0,0,0,1,3,5,5.666666666666667
2026 kornişon salatalık fiyatları,0,0,0,1,0,5,
ankara büyükşehir belediyesi hal fiyatları,0,0,0,5,10,4,3.6
ödemiş kaymakçı,0,0,0,0,1,,1
balıkesir sebze meyve hali,1,1,0,15,13,3.3333333333333335,3.5384615384615383
isparta hal fiyat listesi,0,0,0,9,2,8.444444444444445,8
haşlanmış barbunya fiyatları,0,0,0,5,4,18.8,20.25
yeşil mercimek fiyatları borsa,0,0,0,1,0,18,
bolu hal,0,0,0,5,14,2.8,3.642857142857143
1 kilo taze yaprak fiyatı 2026,0,0,0,0,1,,11
adana sebze hal,0,0,0,5,5,7,6.2
domates kilo ne kadar,0,0,0,3,1,6,5
barbunya kilosu kaç tl,0,0,0,4,2,12.75,10
toptan bulgur fiyatları,0,0,0,2,0,11.5,
erik anjelik,0,0,0,0,1,,11
1 kg taze bezelye fiyatı,0,0,0,0,2,,10.5
istanbul sebze hali çalışma saatleri,0,0,0,0,3,,68.33333333333333
karatay hali,0,0,0,6,3,11,12
çarşamba sebze meyve hali,0,0,0,1,1,11,9
roka,0,0,0,0,1,,5
mangostan fiyatı,0,0,0,2,0,7.5,
antalya meyve fiyatları,0,0,0,0,3,,69.33333333333333
semizotu kilosu kaç tl,0,0,0,0,2,,9
tekirdağ saraplik üzüm fiyatları,0,0,0,2,0,3,
afyon hal fiyatları,0,0,0,1,3,10,11
portakal finike,0,0,0,1,0,10,
2026 şaraplık üzüm fiyatları,0,0,0,20,5,8.9,8.6
kuru soğan ne kadar,0,0,0,2,1,1,4
mersin halinde salçalık biber fiyatı,0,0,0,3,2,8.333333333333332,10
gaziantep mercimek fiyatları,0,0,0,1,1,25,25
taze kızılcık nerede satılır,0,0,0,1,0,4,
gebze yeni sebze meyve hali,0,0,0,0,1,,3
في عنتاب,0,0,0,1,0,11,
satıcıyım,0,0,0,0,1,,4
dolma biberin kilosu ne kadar,0,0,0,3,1,8,9
konya hali,0,0,0,3,4,16.666666666666664,12
hal açık mı,0,0,0,1,0,9,
salça fabrikası domates fiyatları,0,0,0,16,16,7.9375,7.875
patatesin tonu kaç tl,0,0,0,8,2,6.375,9.5
ne kadar kazandırır,0,0,0,1,0,3,
osmaniye sebze meyve hali,0,0,0,1,4,13,8.5
yeni dünya fiyatı,0,0,0,1,1,9,6
kayseri toptancı,0,0,0,4,0,11.75,
hal kaça kadar açık,0,0,0,0,2,,10.5
pazarda bakla fiyatı,0,0,0,4,7,5.5,5.714285714285714
erik kilosu,0,0,0,13,5,9.923076923076923,6.6
patates 1. il,0,0,0,2,0,10,
patatesin kilosu ne kadar 2026,0,0,0,14,18,3.142857142857143,5.277777777777778
ordu sebze hali yol tarifi,0,0,0,2,1,10.5,11
zencefil fiyatları,0,0,0,0,3,,18.666666666666668
kizilcik,0,0,0,1,0,2,
sok domates fiyat,0,0,0,1,0,4,
pazarda üzüm fiyatları,0,0,0,8,9,3.125,5.222222222222222
kayısının kilosu kaç para,0,0,0,0,1,,9
salatalık fiyatları 2026,1,1,0,6,10,1.6666666666666665,2.7
fiyatları nasıl,0,0,0,1,0,6,
anamur hal fiyatları,0,0,0,6,3,20.666666666666668,9
çorum,0,0,0,1,0,2,
market manav,0,0,0,0,1,,5
birecik patlıcanı fiyatı,0,0,0,5,0,2.6,
kuru üzüm satış fiyatı,0,0,0,0,1,,23
1 kilo patates kaç tl,0,0,0,2,4,6,5.5
iskenderun sebze hali fiyatları,0,0,0,14,6,7.5,7.833333333333333
erigin kilosu 2023,0,0,0,0,1,,87
ayva fiyatları,0,0,0,9,13,12.222222222222221,10
adana hal karpuz fiyatları,0,0,0,2,0,52.5,
istiridye mantarı hal fiyatı,0,0,0,10,4,6.9,7.25
turşuluk salatalik,0,0,0,1,0,3,
blueberry toptan fiyatı,0,0,0,1,0,1,
satış fiyatı,0,0,0,2,0,2,
pazarda karpuz fiyatları,0,0,0,8,4,6.75,6.75
kilosu kaç lira,0,0,0,1,0,2,
mersin hal fiyatları bugün,0,0,0,9,24,12.11111111111111,8.791666666666668
amasya çorum kuru soğan fiyatları bugün,0,0,0,2,0,11,
toptan patates,0,0,0,3,0,7.666666666666667,
hal balık fiyatları,0,0,0,20,10,17.35,9.2
piyasa fiyatı ne kadar,0,0,0,0,1,,4
45 mm,0,0,0,0,1,,1
anadolu yakası sebze meyve hali,0,0,0,8,4,11.375,11
patates kilosu ne kadar 2026,0,0,0,8,3,3,5
ıspanak fiyat,0,0,0,2,5,10.5,6.8
kaysı fiyatları,0,0,0,0,2,,9
mürdüm eriği kg fiyatı,0,0,0,8,11,3.875,8.90909090909091
bahçe eriği,0,0,0,1,0,2,
بالتركي,0,0,0,0,1,,2
taze soğan fiyat,0,0,0,1,0,22,
fiyat bilgisi ver,0,0,0,0,1,,6
kırmızı üzüm,0,0,0,0,1,,3
limonun kilosu ne kadar,0,0,0,42,12,7.904761904761905,11.5
denizli meyve sebze hali,0,0,0,15,7,10.266666666666667,10.142857142857142
karamanda,0,0,0,1,0,4,
suluk vişne fiyatları,0,0,0,0,3,,8.333333333333332
kırıkkale hal domates fiyatları,0,0,0,0,1,,3
kuş konmaz fiyat,0,0,0,3,0,9,
pazarda marul fiyatı,0,0,0,2,8,5.5,5.5
sofralık üzüm,0,0,0,1,0,1,
domatesin fiyatı ne kadar,0,0,0,2,8,11,8.75
ayaş domatesi kaç lira,0,0,0,0,4,,9.75
kayısı kilo ne kadar,0,0,0,0,1,,1
günçel,0,0,0,1,0,2,
antalya sebze fiyatları,0,0,0,5,0,22.8,
gazipaşa avokado hal fiyatları,0,0,0,1,0,11,
halde kırmızı biber fiyatları,0,0,0,4,0,4.25,
pırasa fiyatı,0,0,0,2,0,9,
mürdüm eriği kg,0,0,0,0,1,,2
urfa sebze hali,0,0,0,35,40,7,7.175
sarimsak fiyati guncel,0,0,0,1,0,8,
ahududu kilosu kaç tl,0,0,0,21,0,8.666666666666668,
gaziantep kırmızı mercimek fiyatı,0,0,0,1,1,4,11
kozan portakal fiyatları,0,0,0,2,2,49.5,40
seftali fiyat,0,0,0,2,0,8,
2026 ama,0,0,0,1,0,3,
üzüm borsa fiyatı,0,0,0,2,0,4.5,
limon ihracatı 2026,0,0,0,3,0,2.666666666666667,
havuç kg fiyatı,0,0,0,0,1,,6
çilek kg fiyat,0,0,0,0,1,,3
fiyat değişir mi,0,0,0,0,1,,2
kg ne kadar,0,0,0,1,0,2,
kornişon ne zaman çıkar,0,0,0,1,0,3,
maydanoz kaç tl,0,0,0,0,2,,10
edirne ticaret borsası canlı hayvan fiyatları,0,0,0,1,7,6,8.428571428571429
börülcenin kilosu ne kadar,0,0,0,1,0,9,
yarı bodur,0,0,0,1,0,4,
şeftali fiyatı 2026,0,0,0,3,6,4,4.333333333333334
ananasın kilosu ne kadar,0,0,0,0,1,,11
malatya ticaret borsası günlük kayısı fiyatları,0,0,0,0,1,,77
mini hal kahramanmaraş,0,0,0,0,1,,7
denizli hal telefon numarası,0,0,0,8,11,10.125,10
salihli üzüm kesim fiyatları 2026,0,0,0,1,0,3,
diyarbakır sebze hali yol tarifi,0,0,0,0,5,,9.8
lüfer fiyatları,0,0,0,1,0,1,
hal alanya,0,0,0,1,2,11,6
kayisi fiyati,0,0,0,0,2,,10.5
yas incir,0,0,0,0,1,,1
altın çilek fiyatı 2026,0,0,0,33,26,9.303030303030303,9.961538461538462
gaziantep mısır borsası,0,0,0,2,0,2,
elazığ hal fiyatları,0,0,0,0,5,,38.4
gaziantep mercimek borsası,0,0,0,1,0,11,
beyaz barbunya fiyatı,0,0,0,3,0,19.333333333333332,
istanbul incir fiyatları,0,0,0,0,2,,2
çilek hal fiyatları,0,0,0,10,23,5.1,8.521739130434781
ahududu kaç tl,0,0,0,3,1,10.666666666666666,12
nohut borsa fiyatları,0,0,0,2,0,30,
dinlenme limon fiyatları,0,0,0,6,8,7.666666666666667,7.375
marul,0,0,0,1,2,2,3.5
istiridye mantarı fiyatı 2026,0,0,0,20,18,7.65,8.055555555555555
tmo 2026 nohut fiyatları,0,0,0,0,1,,1
bursa hal açılış kapanış saatleri,0,0,0,0,2,,11.5
çorum alaca ticaret borsasi buğday fiyatları,0,0,0,0,4,,10
agria patates fiyatları,0,0,0,1,1,1,3
karaman hal,0,0,0,6,14,8.166666666666668,6.142857142857143
onur market domates fiyatı,0,0,0,0,1,,2
malatya yaş kayısı fiyatları,0,0,0,0,1,,11
turşuluk,0,0,0,0,3,,3.6666666666666665
meyve sebze hali istanbul,0,0,0,5,9,6.6,7
palamut fiyat,0,0,0,1,0,33,
güncel fiyat durumu,0,0,0,0,1,,3
vişne ne kadar,0,0,0,1,0,1,
incir fiyatları açıklandı mı,0,0,0,1,7,3,8.714285714285715
güncel elma fiyatları,0,0,0,1,3,10,7.666666666666667
siyah,0,0,0,1,1,3,3
mantar,0,0,0,1,0,1,
alaca borsası arpa fiyatları,0,0,0,0,1,,11
antalya hal çilek fiyatları,0,0,0,1,0,3,
bakla fiyatı,0,0,0,7,4,5.714285714285714,8.5
kırmızı mercimek fiyatı,0,0,0,0,1,,35
kuru üzüm toptan fiyat,0,0,0,0,1,,11
uzunköprü,0,0,0,0,1,,7
kastamonu sarımsak fiyatı 2026,0,0,0,1,0,11,
kara erik,0,0,0,1,0,3,
turgutlu hal telefon numarası,0,0,0,1,9,11,9.333333333333334
bal kabağı satın al,0,0,0,2,2,16.5,23
yemeklik patates,0,0,0,1,0,4,
et borsasi fiyatları,0,0,0,1,0,11,
satılık bal kabağı,0,0,0,1,4,5,9.25
bulgurun kilosu ne kadar 2026,0,0,0,0,8,,5.375
sarımsak kg,0,0,0,1,1,13,26
kuru fasulye kilosu ne kadar 2026,0,0,0,43,29,8.348837209302324,8.620689655172413
şeftali ne kadar,0,0,0,1,0,2,
starking elma,0,0,0,1,0,2,
osmaniye sebze hali yol tarifi,0,0,0,2,0,13.5,
patates tarladan çıkış fiyatı,0,0,0,0,2,,6
1 kg erik kaç tl,0,0,0,0,1,,8
2026 2027 tariş incir fiyatları,0,0,0,1,0,3,
bolu patates fiyatları,0,0,0,1,0,2,
çorum buğday fiyatı,0,0,0,0,1,,11
antalya hal piyasası,0,0,0,2,3,32,29.333333333333332
incir ne kadar,0,0,0,2,0,1.5,
çorum nohut borsasi,0,0,0,1,9,2,9.88888888888889
في قونيا,0,0,0,0,1,,2
kayseri yamula patlıcan fiyatları,0,0,0,6,5,9.5,6.2
domatesin kasası ne kadar,0,0,0,4,1,11.25,1
kültür mantarı yetiştiriciliği,0,0,0,3,3,3,2.666666666666667
taze barbunya hal fiyatı,0,0,0,5,6,3.4,3.8333333333333335
1 kilo sarımsak ne kadar,0,0,0,1,1,1,5
kazanç,0,0,0,0,1,,2
asparagus nedir,0,0,0,0,1,,2
patlıcan kurusu fiyat,0,0,0,1,0,2,
ort fiyat,0,0,0,0,1,,6
2026 istiridye mantarı kompost fiyatı kg türkiye,0,0,0,2,0,8,
alanya sebze hali,0,0,0,7,8,9,9
karpuzun tarla fiyatı,0,0,0,1,0,1,
hatay zeytinyağı fiyatları,0,0,0,0,1,,3
patates kilo,0,0,0,1,2,11,23.5
1 kg patates fiyatı,0,0,0,0,1,,12
taze bamyanın kilosu ne kadar,0,0,0,0,2,,9.5
kayseri hali salçalık domates fiyatları,0,0,0,7,6,6,6.5
yayla kekigi,0,0,0,0,1,,1
yerli sarımsak fiyatı,0,0,0,3,0,7.666666666666667,
patates kaç tl,0,0,0,4,3,1,3
isterim,0,0,0,2,0,3,
söğüt sebze hal fiyatları,0,0,0,1,0,11,
bursa hali fiyatları,0,0,0,6,2,3,3.5
bahçeye sarımsak nasıl ekilir,0,0,0,1,0,2,
mantar yetiştiriciliği,0,0,0,1,1,3,3
1 kg limon kaç tl,0,0,0,10,3,9.3,13
usak hal fiyatları,0,0,0,4,3,10.5,10.666666666666666
aylik kazanç,0,0,0,1,0,2,
kabak kilosu ne kadar,0,0,0,2,4,11,6.25
kudret narı nerede yetişir,0,0,0,0,2,,3
tariş üzüm fiyatı,0,0,0,1,0,2,
eriğin kilosu kaç tl,0,0,0,3,2,5.333333333333333,8
domates piyasası,0,0,0,0,4,,5
edirne canlı hayvan borsası baskül fiyatları,0,0,0,1,0,15,
adana kuru soğan fiyatları,0,0,0,3,3,9,4
kapya biber kilosu ne kadar,0,0,0,0,1,,2
esenler hal,0,0,0,2,0,32.5,
kuruyemiş borsası,0,0,0,1,0,63,
barbunya pazara ne zaman gelir,0,0,0,6,3,1.6666666666666665,1
bir kasa limon kaç kilo,0,0,0,3,2,6,8.5
salatalık fiyatı,0,0,0,55,31,5.036363636363636,7.225806451612903
erik kurusu fiyatları,0,0,0,1,4,2,2
zeytin yağı borsası,0,0,0,0,1,,11
alanya hal pazarı,0,0,0,3,6,12.333333333333334,10.666666666666666
kornişon fiyatları,0,0,0,0,2,,13.5
şanlıurfa hal pazarı fiyatları,0,0,0,5,15,9,7.8
okitsu mandalina fiyatları,0,0,0,10,38,7.6,6.7368421052631575
aldi domates fiyatları,0,0,0,0,1,,15
konya taze fasulye fiyatları,0,0,0,4,2,5.5,5.5
yaş,0,0,0,4,2,2.75,2
pamuk borsası,0,0,0,0,5,,79.4
güncel patates fiyatları,1,1,0,35,24,4.057142857142857,4.5
istanbul hal fiyatları 2026,1,1,0,2,4,2.5,3
antep borsası mercimek fiyatı,0,0,0,106,33,9.90566037735849,9.545454545454545
ahududu kilosu,0,0,0,1,1,9,30
armut kaç tl,0,0,0,2,7,11,9
üzüm kilosu,0,0,0,12,15,8.833333333333332,8.333333333333332
1 bağ maydanoz kaç tl,0,0,0,1,6,10,6.5
gaziantep borsası hububat fiyatları,0,0,0,1,0,26,
halgovtr,0,0,0,154,89,5.954545454545454,6.887640449438202
sarımsağın kilosu kaç,0,0,0,0,1,,3
mersin hal piyasası bugün,0,0,0,3,6,8,7.166666666666667
can erik fiyatı,0,0,0,1,0,6,
hal 18,0,0,0,1,0,51,
kuzu fiyatları canlı,0,0,0,0,1,,6
izmir kavun,0,0,0,0,1,,11
başka,0,0,0,5,1,3,5
1 kilo salatalık kaç tl,0,0,0,18,7,8.38888888888889,10.142857142857142
kasa,0,0,0,0,1,,2
turgutlu hali,0,0,0,0,4,,26.5
kütlü pamuk fiyatları,0,0,0,0,1,,6
mersin hal fiyatları meyve 2026,0,0,0,61,56,8.39344262295082,6.178571428571429
تجارا,0,0,0,0,1,,2
grefruit,0,0,0,1,0,8,
halde elma fiyatları,0,0,0,9,14,6.555555555555555,5.642857142857143
bursa,0,0,0,0,5,,3.8
sogan fiyat,0,0,0,3,1,5.333333333333333,4
kazanç ne olur,0,0,0,1,0,1,
borsada buğday fiyatları,0,0,0,0,1,,46
barbunya hal fiyatları,0,0,0,14,5,19.642857142857142,5.8
kuzu canlı kg fiyatı,0,0,0,0,3,,10.666666666666666
kütahya,0,0,0,1,1,1,4
pamuk fiyatı 2026,0,0,0,0,1,,51
konya kuru fasulye fiyatları,0,0,0,0,1,,15
alaca borsasi buğday fiyatları,0,0,0,3,10,10.333333333333334,11.2
1 kasa domates,0,0,0,0,2,,1.5
asma yaprağı fiyat 2026,0,0,0,5,6,7.8,9
bu yıl nohut fiyatları,0,0,0,0,1,,4
bayrampaşa meyve sebze hali iletişim,0,0,0,7,1,10.285714285714286,12
ankara et borsası fiyatları,0,0,0,0,1,,11
karkas et kilosu,0,0,0,1,0,32,
toptan satış fiyatı,0,0,0,1,0,6,
fiyat ne kadar olur,0,0,0,0,1,,1
limon fiyatlari,0,0,0,15,12,5.933333333333334,7.166666666666667
meyve sebze toptancısı,0,0,0,1,0,8,
çuval soğan,0,0,0,0,1,,4
avakado hal fiyatlari,0,0,0,0,2,,1
incir kilosu kaç tl,0,0,0,0,2,,7
pazı fiyatları,0,0,0,16,12,5.875,10.583333333333334
limon tane fiyatı,0,0,0,4,0,7,
çerezlik kabak fiyatları,0,0,0,20,27,7.25,8.962962962962962
kuru incir fiyatları,0,0,0,0,2,,2
alaca ticaret borsası nohut fiyatları,0,0,0,4,9,11.25,9.444444444444445
sarımsağın kilosu kaç lira,0,0,0,1,0,9,
böğürtlenin kilosu kaç para,0,0,0,4,2,6,7
erik fiyatları 2026,1,1,0,28,23,1.8214285714285714,1.7826086956521738
yaprak fiyatları 2026,0,0,0,0,1,,10
antalya sebze meyve hali,0,0,0,5,4,9.2,10.5
halde fiyat,4,4,0,8,5,1.625,1.8
mürdüm,0,0,0,2,1,2,2
ceyhan hal,0,0,0,12,5,10.333333333333334,9.8
2026 malatya kayısı fiyatları,0,0,0,2,2,4,4.5
tariş yaş üzüm fiyatları,0,0,0,1,1,2,3
acarlar hal fiyatları,0,0,0,2,1,60.5,11
çorum nohut fiyatları,0,0,0,1,0,11,
halden,0,0,0,1,0,1,
mersin hal telefon numarası,1,1,0,36,21,8.833333333333332,8.857142857142858
kumluca sebze meyve fiyatları,0,0,0,1,0,26,
yeni sebze hali,0,0,0,1,0,7,
şeftalinin kilosu,0,0,0,1,2,1,8
erik ton,0,0,0,1,0,9,
yağlık zeytin fiyatları 2026,0,0,0,14,33,9,8.545454545454547
ortaca hal fiyatları,0,0,0,1,0,8,
eskişehir toptancı,0,0,0,4,0,9,
fiyatları nedir,0,0,0,1,0,2,
adana yüreğir hal,0,0,0,18,25,7.944444444444445,7.76
kapya biber hal fiyatları,0,0,0,8,5,36.375,4.8
isparta elma fiyatları,0,0,0,26,27,7.1923076923076925,7.888888888888889
adana hal kompleksi,1,1,0,24,17,9.291666666666666,6.294117647058823
vişne fiyatları,0,0,0,7,0,7.857142857142857,
istanbul esenyurt,0,0,0,1,0,9,
hal 26,0,0,0,1,0,6,
bolu patatesi,0,0,0,1,0,1,
vişne kg fiyatı,0,0,0,2,1,12.5,1
kuru kayısı fiyatı,0,0,0,0,1,,2
yaş kayısının kilosu ne kadar,0,0,0,0,1,,9
şeftali kilosu ne kadar,0,0,0,2,3,1,1.3333333333333333
sultani,0,0,0,1,0,2,
gazipaşa hal fiyatları bugün,0,0,0,0,2,,13
bolu sebze meyve hali,0,0,0,9,12,10.222222222222221,9.25
hatay da limon fiyatları,0,0,0,2,1,6,5
karpuz fiyatları ne kadar,0,0,0,1,0,5,
büyük pembe domates,0,0,0,1,0,10,
sakaryada,0,0,0,1,0,7,
kahramanmaraş salatalık fiyatları,0,0,0,5,4,5.2,3.75
antalya toptancı hali fiyatları,0,0,0,2,3,7.5,3.3333333333333335
brokoli kilosu,0,0,0,2,3,8,2.666666666666667
ekmeklik buğday fiyatı,0,0,0,2,0,15,
izmir hal fiyat listesi,1,1,0,66,80,7.924242424242424,7.4125
manavgat karpuz hal fiyatları,0,0,0,1,0,8,
patates fiyatları ödemiş,0,0,0,2,0,37.5,
market patates fiyatları,0,0,0,4,4,4.5,10.75
ayaş domates fiyatı,0,0,0,0,16,,7.8125
zeytinyağı kg fiyatı,0,0,0,0,1,,1
manisa turgutlu hal fiyatları,0,0,0,5,3,6.2,6.666666666666667
anjelıka erık,0,0,0,0,1,,2
karnabahar kilosu,0,0,0,2,0,10.5,
kiraz fiyatları 2026,0,0,0,2,1,1.5,2
marketlerde soğan fiyatları,0,0,0,1,0,3,
incirin kilosu ne kadar,0,0,0,0,1,,10
1 kasa domates ne kadar,0,0,0,0,1,,11
malatya toptan kayısı fiyatları,1,1,0,29,64,10.275862068965518,9.765625
tekmen hal fiyatları,0,0,0,5,0,44.6,
hal pazarı şanlıurfa,0,0,0,12,42,11.416666666666666,10.166666666666666
karadut fiyatı,0,0,0,1,0,1,
niğde toptancılar,0,0,0,9,4,7.888888888888889,7.75
beyaz incir,0,0,0,1,0,1,
çin biberi,0,0,0,1,1,3,2
tarlada patates,0,0,0,0,1,,11
köy domatesi,0,0,0,1,0,3,
pazarda çilek fiyatları,0,0,0,6,3,11.833333333333334,7.666666666666667
"evet, isterim.",0,0,0,1,0,2,
denizli domates,0,0,0,0,1,,16
karabük toptancı,0,0,0,1,2,15,12.5
bamyanın kilosu kaç para,0,0,0,0,2,,11.5
eski hal,0,0,0,1,0,10,
antalya büyükşehir belediyesi toptancı hal kompleksi,0,0,0,0,1,,6
antalya hal piyasasi,0,0,0,1,0,30,
1 ton buğday kaç para,0,0,0,1,0,52,
ankara hal fiyatlari,0,0,0,7,13,4.714285714285714,3.6153846153846154
satılık domates,0,0,0,2,3,5.5,5
ankara karkas et fiyatı,0,0,0,0,2,,11
patates tarlada kaç tl,0,0,0,7,3,5.428571428571429,6
kırkağaç kavun,0,0,0,0,1,,5
mantar fiyatı,0,0,0,2,1,11,8
üzüm kilo,0,0,0,1,0,1,
taze barbunya kaç lira,0,0,0,8,5,4.625,3.4
enterdonat,0,0,0,0,1,,3
bamya toptan satış,0,0,0,0,1,,2
adana hal iletişim,0,0,0,1,4,8,6.5
bursa siyah incir,0,0,0,1,0,12,
bal kabağı kaç tl,0,0,0,3,2,1,4.5
mantar fiyat,0,0,0,4,0,6.5,
aydıncık hal fiyatları,0,0,0,5,0,45.6,
kocaeli balık hali fiyatları,0,0,0,6,7,11.666666666666666,10.142857142857142
mersin hal şeftali fiyatları,0,0,0,7,8,6.857142857142857,6.375
patetes,0,0,0,1,0,2,
fiyatlar,0,0,0,0,2,,1.5
et karkas fiyatları,0,0,0,3,3,14.333333333333334,13
ankara halinde balık fiyatları,0,0,0,0,7,,4.142857142857142
kumluca hal fiyatı,0,0,0,1,0,46,
domates fiyatlari,0,0,0,4,9,11.25,4.222222222222222
deniz börülcesi fiyat,0,0,0,0,3,,29.333333333333332
trabzon,0,0,0,0,1,,3
lolorosa,0,0,0,2,4,7.5,7
kayısı fiyatı 2026,1,1,0,41,31,2.7073170731707314,4.225806451612903
bayram paşa hal,0,0,0,0,3,,6.666666666666667
konya domatesi,0,0,0,0,7,,7
taze ahududu fiyat,0,0,0,2,1,15.5,4
pazarda armut fiyatları,0,0,0,3,4,5.333333333333333,5.75
sungurlu buğday borsası,0,0,0,1,0,6,
kilosu nekadar,0,0,0,1,2,3,2.5
satalik,0,0,0,0,1,,12
izmir toptancı hali,0,0,0,14,1,8.928571428571429,9
gaziantep sebze meyve hali,0,0,0,0,2,,11
hal bursa,0,0,0,16,8,4.875,5.25
hatay soğan fiyatları,0,0,0,0,1,,11
kuzu eti kg fiyatı 2026,0,0,0,1,1,11,11
eren meyvesi nedir,0,0,0,0,1,,3
mayer 2026,0,0,0,0,1,,4
kıska soğan fiyatı,0,0,0,0,1,,37
en ucuz domates hangi markette,0,0,0,0,1,,49
yaban mersini kg,0,0,0,1,0,9,
bursa kent hali,0,0,0,8,16,9.25,11.75
pahalı bir şey mi,0,0,0,1,0,5,
elmanın kilosu ne kadar,0,0,0,2,11,7,7.363636363636363
pazarda bezelye fiyatı,0,0,0,1,1,1,11
manisa hal yol tarifi,0,0,0,0,3,,10
adıyaman sebze meyve hali,0,0,0,6,3,7.333333333333333,6.333333333333333
minola,0,0,0,1,0,4,
izmir hal karpuz fiyatları,0,0,0,0,1,,11
kızılcık kirazi,0,0,0,1,0,2,
domates toptan fiyat,0,0,0,6,2,4.333333333333334,7
adapazarı balkabağı,0,0,0,0,1,,3
arpa tonu ne kadar,0,0,0,0,1,,36
bayrampaşa,0,0,0,2,1,3,9
pazarda kavun fiyatları,0,0,0,1,1,6,10
meyve suluk elma fiyatları,2,2,0,96,113,6.385416666666667,6.469026548672566
taze sarımsak fiyatı,0,0,0,1,0,7,
bolu hal pazarı,0,0,0,0,2,,11
kayseri,0,0,0,1,1,3,2
kornişon ne kadar,0,0,0,0,1,,4
malatya da toptan kayısı fiyatları,0,0,0,6,8,10.5,9.75
kırıkkale hal salçalık domates fiyatları,0,0,0,0,1,,3
ereğli konya,0,0,0,0,1,,2
anjelik erik reçeli nasıl yapılır,0,0,0,0,1,,3
istanbul bayrampaşa hal,0,0,0,16,14,7.9375,9.071428571428571
bayrampaşa hal fiyatları,53,53,0,636,461,3.558176100628931,2.9392624728850327
en yakın hal,0,0,0,17,9,5.588235294117647,7.111111111111111
çorum mor soğan fiyatları,0,0,0,7,3,9.571428571428571,6.666666666666667
patlıcan kg fiyatı,0,0,0,19,6,8.210526315789473,10.166666666666666
çorum ticaret borsası fiyatları,0,0,0,1,0,29,
alanya hal piyasası,0,0,0,0,3,,6.333333333333333
söğüt hal piyas,0,0,0,0,1,,12
istanbul avokado fiyatları,0,0,0,2,0,34.5,
karpuz kac tl,0,0,0,1,0,3,
hicaz narı,0,0,0,0,1,,2
tariş incir fiyatları 2026,0,0,0,3,0,3,
kayısı 2026,0,0,0,2,0,1,
a101 soğan fiyatı,0,0,0,0,1,,61
kaç tl yapar,0,0,0,0,1,,11
9 ton,0,0,0,1,0,2,
gaziantep sarısalkım,0,0,0,0,1,,2
brokoli kilo fiyatı,0,0,0,2,2,9.5,4.5
antalya toptancı hal fiyatları,0,0,0,2,1,28,11
buğday borsası,0,0,0,1,0,41,
büyük hal,0,0,0,7,2,9.857142857142858,10
9 eylül 2026,0,0,0,0,1,,7
20 tl nar,0,0,0,1,1,16,1
antep borsası mercimek fiyatları,0,0,0,7,1,9.571428571428571,7
migros şeftali fiyatı,0,0,0,0,1,,6
şok ta patlıcan fiyatı,0,0,0,0,1,,3
kiraz satın al,0,0,0,1,0,2,
hepsini görmek istiyorum,0,0,0,0,1,,9
istanbulda hal nerede var,0,0,0,0,2,,8.5
bursa şeftali fiyatları,0,0,0,2,5,6.5,5.4
zencefil fiyat,0,0,0,0,1,,20
taze olarak,0,0,0,1,1,6,2
kültür mantar fiyatları,0,0,0,4,5,4,6.6
kuru fasulye fiyatları,0,0,0,1,0,2,
domates kılosu ne kadar,0,0,0,0,1,,1
1 kg buğday fiyatı,0,0,0,1,2,42,45
taze soğan fiyatı 2026,0,0,0,0,3,,2
gelir ne olur,0,0,0,1,0,2,
mersin halinde domates fiyatları,0,0,0,3,8,10.666666666666666,9
satmak istiyorum,0,0,0,1,1,1,2
aydın hali,0,0,0,1,1,11,11
kızılcık kaç para,0,0,0,0,1,,10
karnabahar kilosu ne kadar,0,0,0,2,1,1.5,1
aksaray sebze meyve hali,0,0,0,18,9,9.166666666666666,9.11111111111111
peki kilosu ne kadar,0,0,0,1,0,3,
gaziantep sebze hali telefon numaraları,0,0,0,11,6,6.181818181818182,5
mersin hal biber fiyatları,0,0,0,11,6,8.727272727272727,7.666666666666667
yeşil incir fiyatı,0,0,0,0,1,,7
böğürtlenin kilosu kaç tl,0,0,0,2,3,3.5,7.666666666666667
çorum borsası ayçiçeği fiyatları,0,0,0,6,11,10.333333333333334,10.090909090909092
bugünkü balık fiyatları,0,0,0,0,2,,11
çanakkale meyve sebze hali,0,0,0,2,0,8.5,
kutahya,0,0,0,1,0,3,
jalapeno,0,0,0,0,1,,2
almak istiyorum,0,0,0,0,1,,5
çanakkale sebze hali,0,0,0,7,4,10.428571428571429,10
serik hal piyasası,0,0,0,1,0,26,
karacabey soğan,0,0,0,1,0,1,
güncel karkas et fiyatları 2026,0,0,0,1,1,10,11
sebze hali antalya,0,0,0,2,1,8,11
adnan menderes hali,0,0,0,9,2,12.11111111111111,12
orhangazi çilek tarlası,0,0,0,1,0,3,
alabaş turp fiyat,0,0,0,0,1,,3
mersin biber fiyatları,0,0,0,4,2,8.5,8.5
ceyhan hal fiyatları,0,0,0,2,1,9.5,11
cilek fiyat,0,0,0,1,1,9,2
vişne fiyatı ne kadar,0,0,0,9,3,5.444444444444445,6.333333333333333
kumluca hal fiyat listesi,0,0,0,1,1,30,47
patlıcan,0,0,0,2,1,7,1
kuru soğan en ucuz,0,0,0,0,2,,8
a101 şeftali fiyatı,0,0,0,1,0,3,
patatesin kilosu ne kadar 2022,0,0,0,2,0,7.5,
domates kg,0,0,0,6,5,12,50
mersin borsası nohut,0,0,0,4,0,51.25,
hal nerde,0,0,0,2,0,11.5,
çilek yetiştiriciliği,0,0,0,1,1,3,3
aksaray toptancı,0,0,0,5,2,9,9
salkim domates fiyat,0,0,0,1,0,8,
hal bülteni izmir,0,0,0,2,9,8.5,16.555555555555557
meysuluk elma fiyatları 2026,0,0,0,0,8,,6.125
halkalı,0,0,0,0,1,,2
pancar kg fiyatı 2026,0,0,0,10,11,8.4,5.909090909090909
en ucuz meyve,0,0,0,0,1,,7
kereviz fiyatları,0,0,0,11,7,13.454545454545455,10.285714285714286
çarliston biber fiyatı,0,0,0,0,3,,8.666666666666668
domates fiyatı 2022,0,0,0,1,0,8,
orjinal zeytinyağı fiyatı,0,0,0,1,0,3,
son dakika mısır fiyatları ne zaman açıklanacak,0,0,0,1,0,2,
sarımsağın kilosu kaç tl,0,0,0,1,0,10,
yerli salatalık fiyatları,0,0,0,6,3,2.333333333333333,3.3333333333333335
ananas kaç tl,0,0,0,0,11,,10.545454545454545
viranşehir hal pazarı,0,0,0,0,1,,9
asparagus ne demek,0,0,0,0,1,,3
sivas bugday alim fiyatlari,0,0,0,4,0,8.75,
bal kabağı satış,0,0,0,3,3,10,8
sarımsak tohumu,0,0,0,1,0,5,
gölhisar sebze hal fiyatları,0,0,0,2,0,11,
tarlada domates ne kadar,0,0,0,0,9,,6.666666666666667
şuhut patates fiyatları,0,0,0,1,0,6,
taze nane fiyatı,0,0,0,1,0,19,
meyve sebze fiyatları,0,0,0,1,1,44,96
taze beyaz barbunya fiyatı,0,0,0,4,2,5.75,12
elmalı hal fiyatı,0,0,0,2,1,61,57
karabük hal,0,0,0,11,9,6,6.111111111111111
kiraz kg fiyatı,0,0,0,5,2,3.6,3
serik hal fiyatlari,0,0,0,1,0,20,
carrefour muz fiyatı,0,0,0,1,0,35,
taze beyaz fasulye fiyatı,0,0,0,2,7,7,7.857142857142857
toptan vişne fiyatları,0,0,0,1,0,5,
hal sebze,0,0,0,13,1,7.846153846153846,7
taze karadut fiyatı,0,0,0,1,1,1,1
10 kilo patates kaç tl,0,0,0,3,2,9.333333333333334,8.5
sivri biber fiyatı,0,0,0,7,1,7.142857142857143,8
ıspanak kg fiyatı,0,0,0,4,6,8.25,7.666666666666667
soğan fiyatı 2026,0,0,0,13,5,2.8461538461538463,3.4
çalı fasulye fiyatı,0,0,0,5,0,7.2,
anamur hal muz fiyatları,1,1,0,15,8,4.466666666666667,4.25
tavada kuşkonmaz tarifi,0,0,0,1,0,6,
domates kurusunun fiyatı ne kadar,0,0,0,0,1,,3
adana w murcott fiyatları,0,0,0,0,7,,9.428571428571429
rozmerin,0,0,0,0,1,,3
denizli den,0,0,0,0,1,,3
sivas hal yol tarifi,0,0,0,2,0,8,
yaş üzüm toptan fiyatı,0,0,0,6,2,1.5,1.5
1 kasa limon kaç kilo,0,0,0,0,1,,9
niğde hal fiyatları,0,0,0,1,1,4,11
mısır tonu ne kadar 2026,0,0,0,10,3,10.3,10.666666666666666
50,0,0,0,1,0,4,
kuzu karkas et fiyatları,0,0,0,11,16,10,10.5
kuru mürdüm eriği fiyatı,0,0,0,2,3,2,2
black diamond erik kg fiyatı,0,0,0,1,0,3,
kuş üzümü fiyat,0,0,0,2,0,2.5,
fiyatları ne kadar,0,0,0,0,1,,3
mersin hal kataloğu,0,0,0,4,5,5.25,6.2
batman sebze hali yol tarifi,0,0,0,5,9,10,9.555555555555555
serbest piyasa mısır fiyatları,0,0,0,1,0,3,
izmir sebze hali fiyatları 2026 fiyatları,1,1,0,61,19,8.311475409836065,8.210526315789473
maliyet,0,0,0,1,1,2,1
polatlı ticaret borsası nohut fiyatlari,0,0,0,2,0,2,
kastamonu taşköprü sarımsağı fiyatı,0,0,0,1,0,3,
maydonoz döner taco fiyat,0,0,0,0,1,,2
topraksız tarımda,0,0,0,1,0,1,
kızılcık,0,0,0,10,3,3.1,2
kivi fiyat,0,0,0,12,4,9.083333333333334,7
bir ton,0,0,0,1,0,2,
niğde hal pazarı,0,0,0,0,23,,9.869565217391305
tarladan karpuz fiyatları,0,0,0,1,0,10,
bim domates fiyatı,0,0,0,1,0,2,
yalova sebze hali,0,0,0,14,12,8.428571428571429,9.583333333333334
et fiyatları,0,0,0,0,23,,16.565217391304348
güncel salçalık domates fiyatları,0,0,0,1,1,1,5
kekik kg fiyatı,0,0,0,0,2,,16
birecik patlıcanı kilosu ne kadar,0,0,0,0,1,,3
muz kaç tl,0,0,0,4,1,7.75,4
fiyati nekadar,0,0,0,0,1,,3
patates tarlada kaç para,0,0,0,2,4,5,5.5
kiwi,0,0,0,2,0,2.5,
sadece 2 tane mi var,0,0,0,1,0,2,
toptan sarımsak alan firmalar,0,0,0,2,0,2,
mantar üretimi,0,0,0,2,0,2,
pazarda vişne fiyatları,0,0,0,8,7,10,7.571428571428571
1 numara,0,0,0,1,0,2,
1 kilo soğan fiyatı,0,0,0,0,1,,7
çekirdeksiz beyaz üzüm,0,0,0,1,0,4,
mersin ticaret borsası kuru fasulye fiyatları,0,0,0,1,0,2,
kültür mantarı tohumu nasıl elde edilir,0,0,0,0,1,,2
vedat dalokay hal kompleksi,0,0,0,16,20,10.375,11
bursa balık hal,0,0,0,0,13,,10.615384615384615
üzümün kilosu kaç oldu,0,0,0,0,1,,1
adana hal fiyatları,0,0,0,2,5,44.5,46.6
kuru fasulye fiyatı borsa,0,0,0,1,0,3,
kırmızı lahana fiyatı,0,0,0,6,1,7,3
biber fiyatı,0,0,0,2,0,59.5,
edirne borsası kuzu baskül fiyatı,0,0,0,0,1,,9
limon mersin,0,0,0,1,1,12,12
kavunun kilosu kaç tl,0,0,0,4,3,10,10.333333333333334
migros sarımsak fiyatı,0,0,0,2,0,3,
2026 yılı zeytin fiyatları,0,0,0,0,3,,9.333333333333334
kornişon fiyatları 2026,0,0,0,0,16,,4.5
bingöl,0,0,0,0,1,,2
bursa domates,0,0,0,0,3,,4
patates fiyati,0,0,0,5,8,9.8,8.5
kg fiyatı ne,0,0,0,1,0,2,
limon tanesi ne kadar,0,0,0,2,2,6.5,10.5
mersin hali telefon numarası,0,0,0,11,5,9.181818181818182,9
greyfurt,0,0,0,1,0,3,
kekik kilosu ne kadar,0,0,0,0,2,,10
enginar kg fiyatı,0,0,0,1,0,21,
kumluca hal sebze fiyatları,0,0,0,0,1,,13
salcalik,0,0,0,1,1,3,2
ankarahal,0,0,0,8,3,3.5,3.3333333333333335
sebze hali samsun,0,0,0,4,7,6.75,7.428571428571429
bamya fiyatı ne kadar,0,0,0,0,2,,10.5
adana nar fiyatları,0,0,0,10,8,5.9,5.75
akhisar zeytinyağı borsası fiyatları,0,0,0,0,1,,44
2026 danelik mısır fiyatı,0,0,0,6,0,2.666666666666667,
saf kekik yağı fiyatı,0,0,0,0,1,,3
malatya hal fiyatları,0,0,0,3,0,69.66666666666667,
kızılcık kaç tl,0,0,0,8,1,5.375,10
sivri domates en ucuz,0,0,0,1,0,45,
hal balık fiyatları istanbul,0,0,0,1,0,1,
yozgat boğazlıyan,0,0,0,0,1,,2
marketlerde salçalık domates fiyatları,0,0,0,1,9,9,9.555555555555555
şok karpuz fiyatı,0,0,0,2,0,2,
zencefil kilosu ne kadar,0,0,0,0,1,,22
toptan mısır fiyatları,0,0,0,2,0,8.5,
kavun fiyati,0,0,0,2,0,9,
toptan kuru incir fiyatları,0,0,0,23,8,10.782608695652174,14.375
2026 pancar fiyatları,0,0,0,2,13,8,8.461538461538462
serik piyasa,0,0,0,1,0,23,
hayvan borsası,0,0,0,0,5,,12.2
kuru üzüm kilosu ne kadar 2026,0,0,0,2,4,2.5,4
migros sebze meyve fiyatları,0,0,0,1,0,4,
dut kurusu fiyat,0,0,0,1,0,3,
kara lahana fiyatı,0,0,0,9,2,15.333333333333334,9.5
bursada salçalık domates fiyatları,0,0,0,7,9,8,7.333333333333333
incir kg fiyatı,0,0,0,0,2,,6.5
polatlı borsa fiyatları,0,0,0,0,1,,51
1 ton zeytin fiyatı,0,0,0,1,1,1,1
mısırın tanesi ne kadar,0,0,0,0,1,,3
patates kaç lira,0,0,0,2,0,1,
bu sene bamya fiyatları,0,0,0,0,3,,6
golden,0,0,0,2,0,3.5,
kabak hal fiyatı,0,0,0,7,7,7.285714285714286,7.428571428571429
edremit zeytinyağı borsası fiyatları,0,0,0,0,9,,9.444444444444445
avokado kilosu kaç tl,0,0,0,2,0,9.5,
büyükşehir belediyesi hal fiyatları,0,0,0,2,4,6,4.75
a101 kapya biber fiyatı,0,0,0,0,2,,2.5
canlı baskül kuzu fiyatları edirne,0,0,0,0,1,,11
hal meyve sebze fiyatları,0,0,0,4,1,6.25,7
kültür mantarı fiyatı 2026,1,1,0,15,23,1.7333333333333334,1.5217391304347827
happy center domates fiyatı,0,0,0,1,0,5,
domates çorbası,0,0,0,1,0,1,
2026 tmo nohut fiyatları,0,0,0,0,2,,4.5
kıvırcık fiyat,0,0,0,3,3,7.666666666666667,3
alanya hal fiyat,0,0,0,2,1,11.5,4
ankara mamak,0,0,0,1,0,5,
patates hat satın al,0,0,0,1,0,3,
migros mandalina,0,0,0,1,0,7,
edirne hal,0,0,0,9,6,6.555555555555555,7
karpuz kilosu ne kadar,0,0,0,4,0,10.5,
mürdüm eriği fiyatları,0,0,0,2,0,1,
mersin limon fiyatı,0,0,0,36,15,9.11111111111111,5.866666666666666
meyve fiyatları 2026,0,0,0,0,1,,1
karabük sebze meyve hali,0,0,0,11,1,11.090909090909092,13
cilek fiyati,0,0,0,0,2,,10.5
karkas kuzu et fiyatları,0,0,0,7,7,9.428571428571429,8.857142857142858
soğan fiyatı ne kadar,0,0,0,0,1,,11
bostan patlıcan fiyat,0,0,0,1,4,63,9.25
lime kilosu,0,0,0,0,1,,63
ibb balık hali,0,0,0,14,1,10.928571428571429,15
muzun tanesi ne kadar,0,0,0,2,0,8,
pazarda sebze fiyatlari,0,0,0,1,0,15,
ankara sebze meyve hali,0,0,0,19,22,11.263157894736842,10.909090909090908
manisa meyve sebze hali,0,0,0,5,5,7,7.8
2026 adana mısır fiyatları,0,0,0,3,5,9.333333333333334,8.8
1 kilo muz kaç tl,0,0,0,10,7,9.5,12
atayurt hal fiyatları,0,0,0,9,2,32.22222222222222,14.5
tarım ziraat patates fiyatları,0,0,0,6,11,4.666666666666666,7.2727272727272725
2026 pirinç fiyatları,0,0,0,0,1,,11
karfurda domates kaç para,0,0,0,0,1,,8
pazarda incir fiyatları,0,0,0,0,5,,5.4
1 kilo kabak kaç tl,0,0,0,6,3,9.333333333333334,7
çilek ne kadar,0,0,0,0,1,,9
kara erik şurubu fiyatı,0,0,0,0,1,,3
karnab,0,0,0,1,0,1,
patates kilosu kaç para,0,0,0,0,4,,9.25
pasiflora,0,0,0,1,0,1,
1 ton erik,0,0,0,2,2,6,4
ahududu fidanı fiyatı,0,0,0,0,1,,2
domates,0,0,0,9,5,3.3333333333333335,3.6
mısır fiyatları ceyhan adana yakınında,0,0,0,2,0,20,
balkabağı fiyat,2,2,0,23,25,3.3043478260869565,4.359999999999999
limon lamas,0,0,0,2,0,20.5,
domates toptan,0,0,0,0,2,,2
karkas et ne kadar,0,0,0,0,1,,28
urfa sebze hali komisyonculari,0,0,0,1,2,5,2.5
market domates fiyatları,0,0,0,1,0,11,
1 kg taze fasulye fiyatı,0,0,0,1,0,8,
golden elma fiyatları,0,0,0,0,1,,11
istanbulda soğan fiyatları,0,0,0,1,2,8,1
amasya hal kataloğu,0,0,0,0,1,,11
4 eylül,0,0,0,1,0,3,
kuzu canlı ağırlık fiyatı,0,0,0,0,3,,10.666666666666666
antalya sebze hali,0,0,0,10,13,26.8,9.461538461538462
tohumluk,0,0,0,1,0,4,
karatay hali konya,0,0,0,0,2,,12
güncel kavun fiyatları,0,0,0,3,2,7,8.5
çekirdeksiz karpuz fiyat,0,0,0,1,0,14,
tokat meyve sebze hali,0,0,0,2,7,5,7
marul com,0,0,0,4,0,51.5,
2026 tariş üzüm fiyatları,0,0,0,0,1,,2
alaca borsasi nohut fiyatları,0,0,0,5,3,8.8,10
nevşehir patates fiyati,0,0,0,7,4,8,6
kuşkonmazın fiyatı ne kadar,0,0,0,1,1,8,9
sebze hali çalışma saatleri,0,0,0,0,2,,1.5
toptan kuru fasulye fiyatları,0,0,0,14,15,7.857142857142857,9.066666666666666
niğde hal yol tarifi,0,0,0,16,29,7.3125,7.172413793103448
bursa domates mersin hal fiyatları,0,0,0,0,4,,5.25
ankara et fiyatı,0,0,0,14,4,9.857142857142858,10.5
kumluca sebze hal fiyatları,0,0,0,0,2,,18
papaz erik fiyat,0,0,0,0,1,,11
2020 soğan fiyatları,0,0,0,2,0,6.5,
kekik alım fiyatları,0,0,0,7,2,3,3
karpuz fiyatları hal,0,0,0,0,4,,4.5
malatya hal kataloğu,0,0,0,9,2,6.333333333333333,5
tekeli hal fiyatları,0,0,0,3,0,32.33333333333333,
salcalik domates,0,0,0,17,2,9.705882352941176,21.5
bursa sebze meyve hali yol tarifi,0,0,0,11,16,9.909090909090908,8.9375
2 kilo domates,0,0,0,1,2,9,8
alanya sebze hal fiyatları,0,0,0,20,16,7.7,7
çorum ticaret borsasi nohut fiyatları,0,0,0,0,1,,11
mürdüm eriği ne kadar,0,0,0,0,1,,1
dolmalık biber kg fiyatı,0,0,0,5,0,8.4,
limon kilo,0,0,0,1,1,1,49
antalya kumluca sebze fiyatları,0,0,0,1,0,23,
baklanın kilosu ne kadar,0,0,0,1,1,1,10
maydanoz demet fiyatı,0,0,0,1,0,8,
sorgun nohut fiyatları,0,0,0,3,1,2.333333333333333,7
2026 pamuk fiyatları,0,0,0,0,2,,44
canlı kuzu kg fiyatı,0,0,0,0,4,,9.75
kuru kekik fiyatı,0,0,0,11,3,9.909090909090908,8.666666666666668
kayısı tonu ne kadar,0,0,0,2,2,6,8.5
bir demet ne kadar,0,0,0,4,1,1,1
barbunya kaç tl,0,0,0,8,11,11.5,9.545454545454545
fasülye fiyat,0,0,0,11,4,10.363636363636363,8.75
limon fiyatları hal,0,0,0,1,7,6,5.142857142857143
ayaş domates kendin topla,0,0,0,0,1,,7
hal müdürlüğü,0,0,0,3,7,9.333333333333334,10.857142857142858
mantar kilo fiyatı,0,0,0,3,0,6.333333333333333,
manisa sebze hali,0,0,0,18,4,10.444444444444445,5.75
2026 tariş incir fiyatları,0,0,0,1,0,3,
peki kavun,0,0,0,1,0,1,
köy soğanı fiyatı,0,0,0,0,1,,3
kaç tl ye satabilirim,0,0,0,1,0,3,
denizli kekik alım satım fiyatı,0,0,0,1,4,10,6.25
dag cilegi,0,0,0,1,0,2,
mantar ne kadar,0,0,0,1,2,11,6.5
karkas kuzu fiyatı 2026,0,0,0,1,0,10,
migros şeftali,0,0,0,1,0,5,
1 kilo mısır kaç tl,0,0,0,1,0,41,
kuzu eti satış fiyatı,0,0,0,1,3,20,48
satmak için soruyorum,0,0,0,1,0,1,
dane misir fiyat,0,0,0,0,1,,35
kadirli sebze hali,0,0,0,10,14,9.8,12.642857142857142
1 kg pancar kaç tl,0,0,0,0,3,,10.666666666666666
taris uzum fiyatlari borsası,0,0,0,4,0,2,
kirazın kilosu kaç,0,0,0,1,0,3,
jalapeno kg fiyatı,0,0,0,0,4,,5.5
markette patates fiyatları,0,0,0,3,0,31.333333333333332,
kuzu borsası fiyatları,0,0,0,1,0,11,
isparta hal komisyoncuları,0,0,0,7,3,4.857142857142858,4.333333333333334
kabak çekirdeği fiyatları 2026,0,0,0,1,2,2,2
bursa domatesinin kilosu ne kadar,0,0,0,4,3,10.5,8.666666666666668
pazar fiyatlari,0,0,0,1,0,5,
yaş fasulye,0,0,0,1,0,3,
mor soğan toptan fiyatları,0,0,0,2,2,5.5,7
belediye sebze meyve hali fotoğraflar,0,0,0,0,1,,1
trabzon hali,0,0,0,5,5,10.4,10
biber kilosu kaç tl,0,0,0,0,1,,20
marul kaç tl,0,0,0,3,7,8.666666666666668,6.428571428571429
hatay antakya sebze hali fiyatları,0,0,0,5,3,7.6,7.333333333333333
kiren nedir,0,0,0,1,0,3,
100 kilo domates kaç tl,0,0,0,0,9,,6.222222222222222
tekrar dene,0,0,0,0,1,,3
islim kayısı fiyatları,0,0,0,0,1,,19
istanbul eyüp,0,0,0,1,0,3,
halde domates fiyatları,0,0,0,12,13,5.583333333333333,7.461538461538462
trüf mantarı kilosu kaç tl,0,0,0,2,0,2.5,
çorum ili,0,0,0,0,1,,5
zeytin kg fiyatı 2026,0,0,0,3,0,10.666666666666666,
kırmızı erik kg fiyatı,0,0,0,4,6,3.25,6.5
mersin borsası fasulye fiyatları,0,0,0,2,0,61.5,
üzüm fiyatı açıklandı mı,0,0,0,12,7,5.333333333333333,8.571428571428571
gaziantep domates hal fiyatları,1,1,0,12,17,11.666666666666666,16.941176470588236
istanbul balık hal fiyatları,0,0,0,21,0,11,
domates fiyati,0,0,0,5,10,5.6,7
izmir büyükşehir hal fiyatları,0,0,0,1,2,5,6
karpuz kaç,0,0,0,0,1,,20
istiridye mantar fiyatı 2026,0,0,0,4,5,6.25,8.2
a101 kırmızı erik,0,0,0,0,1,,4
sivri biber hal fiyatı,0,0,0,1,0,7,
sungurlu ticaret borsası buğday fiyatları,0,0,0,2,4,10,9.75
süt mısır hal fiyatları,0,0,0,3,1,7,10
vişne kg,0,0,0,1,1,72,64
adana hal konum,0,0,0,8,8,11.625,10.875
börülce fiyatı,0,0,0,21,8,10.571428571428571,12.125
karaman hal fiyatları,0,0,0,0,2,,15.5
alyağ borsa,0,0,0,2,0,49.5,
bursa hal nerede,0,0,0,11,8,10.545454545454545,10
yaş üzümün kilosu ne kadar,0,0,0,7,8,4.571428571428571,5.875
yeni hal antalya,0,0,0,0,1,,26
portakalın kilosu ne kadar,0,0,0,0,1,,79
konya fasulye fiyatları,0,0,0,0,2,,10.5
kayısı fiyatı,0,0,0,2,3,6.5,11.666666666666666
toptan arpacık soğan fiyatları,0,0,0,0,1,,4
mersin nohut,0,0,0,0,1,,75
zeytinyağı kilosu ne kadar 2025,0,0,0,1,0,53,
elma 2026,0,0,0,0,1,,11
antep mercimek fiyatı,0,0,0,0,1,,28
adana soğan fiyatları,0,0,0,2,0,8,
3 ton kayısı kaç tl,0,0,0,0,4,,5.5
kabak misafir evi yorumlar,0,0,0,1,0,3,
ankara hal sakatat fiyatları,0,0,0,1,0,79,
antalya gazipaşa hal fiyatları,0,0,0,2,4,14,8.25
ahududu kg fiyatı,0,0,0,3,0,3.6666666666666665,
ünye hal lokantası,0,0,0,1,1,31,33
market kavun fiyatları,0,0,0,3,0,9,
domatesin kilosu,0,0,0,7,8,8.428571428571429,9
alaşehir yaş üzüm fiyatları,0,0,0,2,0,15,
satmak için,0,0,0,0,2,,3.5
bursa hali çalışma saatleri,0,0,0,1,0,11,
bir teneke,0,0,0,0,1,,4
alanya hal fiyatları bugünkü,0,0,0,1,1,10,7
kiraz kaç,0,0,0,2,2,6.5,3
zeytinyağ kilosu ne kadar 2026,0,0,0,8,8,8.625,7.875
ليش رخيص,0,0,0,1,0,4,
ankara vişne fiyatları,0,0,0,2,2,7,7.5
karpuz sipariş,0,0,0,0,1,,53
acarlar toptancı hali,0,0,0,2,0,10,
sivas hal pazarı,0,0,0,9,7,6.333333333333333,9.571428571428571
bu sene incir fiyatları,0,0,0,0,7,,5.571428571428571
adana büyükşehir belediyesi hal fiyatları,0,0,0,0,3,,5
çavdar fiyat,0,0,0,1,0,5,
yeşil fasulye kilosu ne kadar,0,0,0,2,0,3,
silifke hal fiyatları,0,0,0,5,0,11.4,
dane mısır fiyatları,0,0,0,1,0,2,
bezelye hal fiyatı,0,0,0,0,1,,7
kayısı satış fiyatı,0,0,0,0,1,,9
kumluca hal fiyatları 2023,0,0,0,0,1,,19
bursa sebze meyve hali nerede,0,0,0,3,2,9.333333333333334,12.5
kayseri pazar fiyatları,0,0,0,43,34,9.534883720930232,7.970588235294118
limon kilosu kaç tl,0,0,0,21,6,8.19047619047619,8.333333333333332
alaca borsası,0,0,0,1,3,5,11.666666666666666
elmalı belediyesi hal fiyatları,0,0,0,1,0,43,
tokat sebze hali telefon numarası,0,0,0,2,0,3,
hal rayiç,0,0,0,11,8,8.272727272727273,7.5
lütfen,0,0,0,3,3,3.3333333333333335,2.666666666666667
tarlada kiraz fiyatı,0,0,0,2,0,3,
yaban mersini toptan fiyat 2026,0,0,0,0,1,,1
patates en çok hangi ilde yetişir 2026,0,0,0,1,0,3,
patates,0,0,0,2,0,2.5,
incir fiyat,0,0,0,0,1,,27
mısır fiyatları ne zaman açıklanacak,0,0,0,1,0,2,
havuç,0,0,0,1,1,2,1
yeni hal diyarbakır,0,0,0,0,2,,9
çift kasa,0,0,0,1,0,10,
gümüldür,0,0,0,0,1,,2
fasulye fiyat,0,0,0,1,0,9,
kayseri yeni hal,0,0,0,1,0,6,
ibb hal fiyat listesi,0,0,0,6,14,5.333333333333333,7
bursa hal fiyat,0,0,0,6,2,3.6666666666666665,3.5
buğday fiyatları polatlı,0,0,0,1,0,49,
hatay bölgesi,0,0,0,0,1,,7
ankara büyükşehir belediyesi toptancı hali yorumlar,0,0,0,17,1,10.294117647058824,12
armut fiyat,0,0,0,2,3,10.5,5.666666666666667
ilgın ticaret borsasi anlık fiyatları,0,0,0,0,1,,18
soğan nerede ucuz,0,0,0,0,1,,10
misir,0,0,0,0,1,,5
adana mısır fiyatı,0,0,0,2,0,9.5,
patates fiyatı 2026,18,18,0,121,113,4.2809917355371905,4.513274336283185
yaban mersini kaç lira,0,0,0,0,3,,11.333333333333334
istanbulda hal nerede,0,0,0,7,4,6.857142857142857,10.25
adana mandalina,0,0,0,0,2,,11
alberto fasulye fiyatı,0,0,0,0,1,,28
antalya hal kavşağı,0,0,0,0,1,,21
gazipaşa hal fiyati,0,0,0,0,1,,11
erzin narenciye piyasası,0,0,0,1,0,4,
idealtepe,0,0,0,0,1,,5
şeker fasulye toptan fiyatları,0,0,0,1,0,11,
kaça satıldı,0,0,0,0,1,,3
çorum moru soğan fiyatları,0,0,0,14,10,9.857142857142858,9.5
kırmızı mercimek borsası,0,0,0,0,1,,10
çikolata domates fiyatı,0,0,0,1,1,1,1
konya hal pazarı,0,0,0,8,9,6.875,7.666666666666667
kadıköy hal komisyoncuları,1,1,0,4,11,4.25,3.727272727272727
santa maria armut fiyatları,1,1,0,18,10,2.7777777777777777,5.7
fasulye,0,0,0,2,1,4,3
mersin hal fiyati,0,0,0,1,0,7,
demre hal fiyatları bugün,0,0,0,3,0,15.333333333333334,
mantar üretim tesisi,0,0,0,1,1,2,2
çilek kg,0,0,0,1,3,30,34.666666666666664
beyaz turp,0,0,0,1,0,2,
kavun kaç tl,0,0,0,0,2,,8.5
2026 kuru bamya fiyatları,0,0,0,1,0,3,
bursa balık hali kaçta açılıyor,0,0,0,2,4,7,5.5
adana domates fiyatları,0,0,0,1,0,9,
hatay hal,0,0,0,11,12,4.909090909090909,3.6666666666666665
mersin sebze meyve hali,0,0,0,1,1,10,12
ortalama fiyatı,0,0,0,2,0,2,
hatay antakya sebze hali,0,0,0,0,1,,11
pamuk kaç sent,0,0,0,0,1,,33
bursa nar,0,0,0,0,1,,11
geliri ne olur,0,0,0,0,1,,1
adana portakal piyasası,0,0,0,8,20,9.75,7.6
izmir hali fiyatları,0,0,0,15,15,12.866666666666667,7.066666666666666
toptanci hali,0,0,0,4,1,8.75,8
böğürtlen fiyat,0,0,0,39,11,6.923076923076923,11.818181818181818
gazipasa hal,0,0,0,1,1,8,10
salçalık domates kaç lira,0,0,0,1,3,11,9
kırmızı erik,0,0,0,1,0,10,
kükürt mantarı fiyatı,0,0,0,0,1,,3
yarım demet maydanoz ne kadar,0,0,0,3,3,7.666666666666667,5.666666666666667
dolmalık biber fiyatı,1,1,0,17,7,7.705882352941177,2.142857142857143
mandalina fiyat,0,0,0,42,19,6.428571428571429,6.2631578947368425
yeşil zeytin fiyatları 2026,0,0,0,1,0,3,
diyarbakır,0,0,0,0,1,,2
konya ticaret borsası nohut fiyatları,0,0,0,4,1,11.5,19
yeşil fasulye hal fiyatları,1,1,0,11,7,6.181818181818182,5.428571428571429
havuç kaç tl,0,0,0,0,1,,9
kızılcık fiyatları ne kadar,0,0,0,4,2,8.5,11
narenciye fiyatları,0,0,0,6,10,82.33333333333333,51.5
hal pazari,0,0,0,4,2,15,11
yer elması kilosu ne kadar,0,0,0,1,0,8,
tokat hal nerede,0,0,0,5,9,7.6,8.88888888888889
sarımsak kilosu ne kadar,0,0,0,15,2,7.466666666666667,6.5
fasulye fiyatı,0,0,0,1,0,5,
konya toptancı hali,0,0,0,10,5,5.9,7.6
bursa kent hali yorumlar,0,0,0,16,5,11.125,10.4
ankara kuzu pirzola fiyatları,0,0,0,1,0,12,
minik bamya fiyatı,0,0,0,0,1,,3
50 kilo mısır fiyatı,0,0,0,3,0,8.333333333333332,
nohut alım fiyatı,0,0,0,0,1,,7
50 kilo buğday ne kadar,0,0,0,0,1,,61
1 kasa çilek fiyatı,0,0,0,7,3,7.142857142857143,3.3333333333333335
dörtyol sebze hali,0,0,0,34,18,8.382352941176471,9.277777777777779
aksaray sebze hali yol tarifi,0,0,0,11,5,8.363636363636363,9.2
itb üzüm borsası,0,0,0,1,0,2,
düzce toptancı,0,0,0,3,1,10.333333333333334,11
karkas kuzu eti fiyatı,0,0,0,7,4,10.571428571428571,9.25
muz kilosu ne kadar,0,0,0,0,2,,10
1 kilo çilek fiyatı,0,0,0,1,0,11,
beyaz üzüm fiyatları,0,0,0,0,3,,1
hal ankara,0,0,0,14,18,7.142857142857143,5.944444444444445
kuzu eti kesim fiyatı,0,0,0,0,1,,10
alaca bugday fiyati,0,0,0,2,3,10,9.333333333333334
mersin hal fiyatlari,0,0,0,6,23,9.666666666666666,8.478260869565219
hal fiyatları anadolu yakası,1,1,0,6,4,2.666666666666667,4.25
çorum kuru soğan fiyatları,0,0,0,2,15,5,7.8
gaziantep fıstık komisyoncuları iletişim,0,0,0,11,0,11.090909090909092,
kırkağaç kavun fiyatı,0,0,0,0,1,,6
kuru üzüm ton fiyatı,0,0,0,2,0,10,
mantar yetiştirme,0,0,0,1,0,2,
2026 pancar fiyatı,0,0,0,0,1,,11
40 kg,0,0,0,0,1,,2
bursa hal fiyat listesi,2,2,0,16,10,3.25,2.9
1 ton soğan kaç tl,0,0,0,1,1,6,8
erik ne kadar,0,0,0,2,2,3.5,4.5
nohut fiyatı borsa,0,0,0,2,1,11.5,9
rize hal,0,0,0,13,19,9.76923076923077,8.368421052631579
şekerpare fiyatı 2026,0,0,0,5,11,1.8,5.545454545454546
dut kg fiyatı,0,0,0,1,0,11,
tane mısır fiyatı 2026,0,0,0,9,6,8.11111111111111,9.333333333333334
kızılcık neye iyi gelir,0,0,0,1,0,3,
ne kadar kar bırakır,0,0,0,0,1,,10
kırmızı soğan fiyatları,0,0,0,1,0,5,
sırık domates,0,0,0,0,1,,2
enginar fiyat 2026,0,0,0,1,1,10,10
brokoli satın al,0,0,0,0,1,,26
zeytinyağlı,0,0,0,1,0,3,
domates ne kadar,0,0,0,8,19,8,7.2631578947368425
sakız kabağı,0,0,0,1,0,2,
k maraş sebze meyve hali,0,0,0,3,4,6,4.75
sarılop,0,0,0,1,0,1,
istiridye mantarı kilo fiyatı 2026,0,0,0,4,1,6.75,7
balkabağı al,0,0,0,3,0,16,
numarasını atsana,0,0,0,0,1,,4
zeytinyağı fiyatları borsa,0,0,0,0,3,,10.666666666666666
salça yapmak için,0,0,0,1,0,1,
gaziantep ticaret borsası sert buğday fiyatı,0,0,0,0,1,,30
kirazı,0,0,0,1,0,5,
istanbul hal domates fiyatları,2,2,0,16,9,4.3125,3.888888888888889
pazarda yeşil fasulye fiyatları,0,0,0,6,10,4.166666666666666,3.5
aralık,0,0,0,1,0,1,
çilek kilo fiyatı,0,0,0,4,0,11.25,
ergen meyvesi faydaları,0,0,0,0,1,,3
gümüldür mandalina,0,0,0,0,1,,2
starking,0,0,0,0,1,,1
1 kg hakiki zeytinyağı kaç tl?,0,0,0,0,1,,6
uzunköprü borsası buğday fiyatları,0,0,0,0,1,,22
mısır fiyatları antep borsası,0,0,0,1,0,4,
eskişehir hal pazarı,0,0,0,2,9,6.5,6.777777777777778
kapya biber fiyat hal,0,0,0,2,0,5.5,
migros ankon domates,0,0,0,0,1,,4
muz 2026,0,0,0,0,1,,1
mürdüm erik fiyat,0,0,0,1,1,3,9
edremit ticaret borsasi zeytinyağı fiyatları,0,0,0,0,3,,6
2026 bamya fiyatları,0,0,0,4,13,6,5.846153846153846
taze fasülye fiyat,0,0,0,6,1,9.166666666666666,2
ulukale dutu fiyatı,0,0,0,0,1,,2
1 kg mantar tohumundan ne kadar mantar çıkar,0,0,0,0,2,,3
araştır,0,0,0,0,1,,3
pazar,0,0,0,2,2,4,2
patatesin fiyatı,0,0,0,1,0,6,
sarıkız fasulye fiyatı,0,0,0,1,1,11,7
rezaki üzüm,0,0,0,1,1,1,1
biber fiyatı 2026,0,0,0,31,37,8.064516129032258,8
adnan menderes hali konya,0,0,0,0,2,,9.5
dolma biber fiyat,0,0,0,1,0,1,
antalya domates fiyatları,0,0,0,0,2,,68
lahana fiyatı 2026,0,0,0,11,1,6.7272727272727275,6
ist,0,0,0,0,1,,2
ahududu kilosu ne kadar,0,0,0,4,0,11,
nevşehir kuru fasulye fiyatları,0,0,0,1,0,2,
mandalina kg,0,0,0,0,1,,11
istanbulda,0,0,0,1,0,10,
antalya limon fiyatları,0,0,0,6,11,5,8.636363636363637
1 kilo erik ne kadar,0,0,0,1,0,1,
fiyat ne kadar,0,0,0,1,1,2,2
perşembe pazarı fiyatları,0,0,0,0,1,,7
adana hal mayer limon fiyatları,0,0,0,1,4,7,3.75
niğde meyve sebze hali,0,0,0,7,13,8.285714285714285,7.3076923076923075
pazar sebze fiyatları,0,0,0,3,5,47.666666666666664,2.4
silifke limon piyasası,0,0,0,16,10,9.625,7.9
patates fiyatlari,0,0,0,12,18,5.083333333333333,6
kırkağaç kavunu fiyatları,0,0,0,7,0,9.285714285714286,
pshalis,0,0,0,16,13,5.875,7.615384615384615
toptan koçan mısır fiyatları,0,0,0,7,5,9.142857142857142,2.6
ıceberg marul,0,0,0,0,1,,3
kuzu eti kg fiyatı 2025,0,0,0,0,1,,46
meyve sebze hali,0,0,0,35,34,8.714285714285715,7.617647058823529
tane mısır ton fiyatı,0,0,0,2,1,8.5,10
evet paylas,0,0,0,0,1,,11
carrefour soğan fiyatı,0,0,0,1,0,4,
tmo nohut fiyatları 2026,0,0,0,0,13,,9.76923076923077
bursa hal yol tarifi,0,0,0,3,2,17.333333333333332,6.5
bezelye kilosu ne kadar,0,0,0,1,0,10,
siverek hal pazarı,0,0,0,12,22,11.166666666666666,11
sebze fiyatları güncel,0,0,0,4,0,6.25,
bursa toptancı hali,0,0,0,7,5,6.571428571428571,5.6
erkenci mandalina fiyatları,0,0,0,10,16,7.5,6.25
yeşil erik fiyatı,0,0,0,2,2,22,10.5
eskişehir kuru soğan fiyatları,2,2,0,64,45,6.171875,4.866666666666667
üzüm borsasi,0,0,0,1,0,43,
çarliston biber fiyat,0,0,0,1,0,7,
dut kg,0,0,0,1,1,2,5
nohut fiyatları,0,0,0,8,8,52.125,52
ofis nohut fiyatları,0,0,0,1,0,10,
yüreğir sebze hali,0,0,0,17,21,10.588235294117647,11.285714285714286
gazipaşa hal fiyatı,0,0,0,8,17,9.125,8.529411764705882
meyve,0,0,0,1,0,1,
kuru soğan fiyatları ankara,0,0,0,3,0,3.6666666666666665,
yükseldimi,0,0,0,0,1,,1
avokado kilosu,0,0,0,1,2,17,11
yumurta domates fiyatı,0,0,0,2,2,5.5,15.5
patates satışı,0,0,0,2,1,18,20
erik can,0,0,0,0,3,,1
serik hal,0,0,0,9,13,12.666666666666666,9.76923076923077
mısır fiyatları yorumları,0,0,0,1,0,2,
kabak ne kadar,0,0,0,2,3,1,4
adana limon piyasa,0,0,0,0,5,,6.4
mısır hal fiyatı,0,0,0,4,0,6.25,
alabalık,0,0,0,1,0,1,
fasulye sırık fiyatları,0,0,0,0,4,,7.5
kavun kilo fiyatı,0,0,0,1,1,11,4
manisa kuru incir fiyatı,0,0,0,0,2,,6.5
muzbir muz fiyatları,0,0,0,28,24,5.607142857142857,7.083333333333333
roka tohumu fiyatları,0,0,0,2,0,2,
dağ çileği fiyatı 2026,0,0,0,1,2,9,11
yalan atma,0,0,0,0,1,,3
domates kilo fiyatı,0,0,0,5,0,13.6,
toptan kuru bakla fiyatı,0,0,0,1,10,11,10.5
yeşil sebze fiyatları,0,0,0,4,4,32.75,41.75
1 kilo portakal kaç tl,0,0,0,0,2,,4
vişne fiyatları 2026,0,0,0,3,2,5,5
salihli hal komisyonculari,0,0,0,9,4,7.222222222222222,6
eriğin kilosu ne kadar,0,0,0,25,21,9.08,6
sebze hali yol tarifi,0,0,0,0,8,,8.75
satiş,0,0,0,1,0,2,
ev yapımı erik marmelatı fiyatı,0,0,0,1,0,3,
vişne kaç tl,0,0,0,0,1,,8
vişne kg fiyatı 2026,0,0,0,4,2,4,5.5
kivi kilosu ne kadar,0,0,0,2,5,37,8.6
denizli hal fiyatlari,0,0,0,12,10,3.0833333333333335,3.3
nizip hal fiyatları,0,0,0,0,6,,5.166666666666667
kıvırcık kuzu karkas fiyatları,0,0,0,0,1,,33
patates fiyatları 2021,0,0,0,2,0,2,
yeşil erik fiyatı 2026,0,0,0,3,1,5.333333333333333,5
bim'de karpuz kaç lira,0,0,0,0,1,,2
beyaz patates fiyatları,0,0,0,1,4,11,9.25
tokat zile,0,0,0,1,0,2,
tarlada kavun fiyatı,0,0,0,0,2,,5
fiyatı nekadar,0,0,0,0,1,,2
mantar kilosu kaç tl,0,0,0,1,3,9,6
karpuz kaç lira,0,0,0,0,3,,9
ayaşta domates fiyatları,0,0,0,0,8,,4.75
pazarda mısır fiyatları,0,0,0,4,3,8.5,14.666666666666666
yeşil mercimek borsa,0,0,0,0,1,,16
metro çiğli,0,0,0,1,0,2,
mısır kilosu ne kadar 2026,0,0,0,21,14,8.904761904761905,9.142857142857142
toptan hal,1,1,0,7,6,5,8.166666666666668
şeftali kilosu,0,0,0,3,3,3.6666666666666665,2.666666666666667
toptan kayısı fiyatları,0,0,0,4,6,7.75,7.5
kapya biber fiyatı 2026,0,0,0,0,1,,3
elazığ sebze hali hangi günler açık,0,0,0,3,8,10.666666666666666,11.25
avokado fiyatları,0,0,0,3,2,24,17
ist hal,0,0,0,1,0,7,
çorum arpa fiyatları,0,0,0,0,1,,11
tarsus hal fiyatları günlük,0,0,0,3,0,5.333333333333333,
bursa domatesi,0,0,0,0,2,,2
yaban mersini kilosu kaç tl,0,0,0,9,1,16,46
erik kaç tl,0,0,0,6,9,4.333333333333334,5
listele,0,0,0,1,1,8,5
mürdüm eriği kaç para,0,0,0,0,4,,3.25
ibb hal bülteni,0,0,0,22,15,5.363636363636363,6.4
antalya sebze hali fiyatları,0,0,0,0,2,,40.5
söğüt hal fiyatları bugün,0,0,0,2,0,10.5,
canli kuzu kesim fiyatları,0,0,0,0,1,,11
mersin mandalina,0,0,0,0,1,,12
nereden alabilirim?,0,0,0,0,1,,6
hal gaziantep,0,0,0,5,2,7,6
acurun kilosu ne kadar,0,0,0,9,8,7.555555555555555,8.875
hakmarda domates ne kadar,0,0,0,1,0,3,
iletişim,0,0,0,1,0,7,
taze barbunya fiyatı 2026,2,2,0,25,12,2.08,2.083333333333333
aydın sebze hali fiyatları,0,0,0,0,2,,58
limon kilo fiyatı,0,0,0,1,2,3,5
eskişehir sebze meyve hali telefon numarası,0,0,0,8,4,10.75,12
taze fasulye güncel fiyat,0,0,0,0,2,,2.5
amasya sebze hali telefon,0,0,0,3,2,9.333333333333334,8
ankara polatlı kuru soğan fiyatları,0,0,0,2,0,4,
siyah incir kilosu ne kadar,0,0,0,3,0,8,
sultanbeyli meyve sebze hali,0,0,0,0,1,,28
çekirdeksiz üzüm fiyatı,0,0,0,6,1,11.666666666666666,3
organik domates kurusu fiyatı,0,0,0,0,2,,2.5
yalova sebze meyve hali yol tarifi,0,0,0,0,4,,9
bayrampaşa sebze meyve hal,0,0,0,1,0,12,
korkuteli yeleme,0,0,0,1,0,4,
salçalık domates ne zaman biter,0,0,0,0,1,,9
kilo fiyatı nedir,0,0,0,1,1,1,5
ıspanak kilosu ne kadar,0,0,0,2,8,1,7.875
yatak limonu,0,0,0,1,2,9,15.5
sivas buğday fiyatları,0,0,0,13,4,8.461538461538462,8.5
1 kg istiridye mantarı fiyatı 2026,0,0,0,4,0,5.75,
mersin ticaret borsası mercimek fiyatı,0,0,0,0,2,,39
4 ton kayısı kaç tl,0,0,0,9,3,2.5555555555555554,3.6666666666666665
domates tarla fiyatı 2026,0,0,0,2,0,6.5,
çorum alaca buğday fiyatları,0,0,0,2,11,9,9.636363636363637
antalya toptancı,0,0,0,2,7,11,12.571428571428571
yulaf kilosu ne kadar 2026,0,0,0,4,5,7.5,6
dana karkas et fiyatı 2026,0,0,0,0,3,,7.333333333333333
itb üzüm,0,0,0,1,1,3,3
kaç,0,0,0,1,0,5,
takoz havuç,0,0,0,0,1,,1
güncel kayısı fiyatları,0,0,0,20,19,9.9,9.368421052631579
sungurlu ticaret,0,0,0,1,0,18,
balıkesir,0,0,0,2,0,2,
barbunya kilo fiyatı,0,0,0,2,0,11.5,
kiraz,0,0,0,1,0,4,
sakarya hali domates fiyatları,0,0,0,0,1,,10
soğan kaç lira,0,0,0,1,1,1,1
istanbul hal piyasası,1,1,0,15,11,3.1333333333333333,4.272727272727273
w murcott fiyat,0,0,0,3,4,7.333333333333333,6.75
vişne kilosu ne kadar,0,0,0,1,0,57,
tarlada soğan fiyatları,0,0,0,5,5,6,6
tmo üzüm fiyatı,0,0,0,1,2,3,2.5
aksaray sebze hali fiyatları,0,0,0,0,5,,6.4
barbunya kilosu ne kadar 2026,0,0,0,0,8,,2.5
limonun kilosu ne kadar 2026,0,0,0,31,26,3.193548387096774,3.1923076923076925
börülce fiyat,0,0,0,5,1,9.6,10
bezelye kilosu kaç tl,0,0,0,1,0,10,
çorlu sebze meyve hali fiyatları,0,0,0,23,7,8.173913043478262,6.571428571428571
limon toptan fiyat,0,0,0,1,3,1,3
kızılcık fiyatı ne kadar,0,0,0,9,2,5,8.5
bu yıl incir fiyatları,0,0,0,0,6,,4
erdemli limon fiyat,0,0,0,3,6,5.666666666666667,5.833333333333333
karpuz kilo fiyatı 2026,0,0,0,1,2,4,3
1 kilo sarımsak kaç tl,0,0,0,9,0,10.11111111111111,
marul kac tl,0,0,0,0,1,,7
demre hal piyasası,0,0,0,1,1,2,2
dana karkas fiyatı,0,0,0,1,0,11,
hal piyasası,0,0,0,8,7,19.25,6.285714285714286
adet,0,0,0,0,2,,2.5
sarımsak yetiştiriciliği,0,0,0,1,0,3,
çorum alaca borsası nohut fiyatları,0,0,0,0,1,,9
more,0,0,0,1,0,2,
armut piyasa değeri,0,0,0,2,2,4,9
kocaeli hal fiyatlari,0,0,0,6,7,3,3.142857142857143
sungurlu ticaret bor,0,0,0,3,0,12,
mısır borsa,0,0,0,0,1,,53
ankara soğan fiyatları,0,0,0,12,11,7,5.2727272727272725
kirazın kilosu kaç tl,0,0,0,4,2,4.5,4.5
alım yapmayı düşünüyorum,0,0,0,0,1,,2
hünnap hünnap,0,0,0,1,0,2,
evey,0,0,0,0,1,,1
adana hal fiyatları 2026,0,0,0,0,2,,10.5
karpuz fiyatlari,0,0,0,0,4,,5.5
patates güncel fiyat,0,0,0,3,2,3,6
konya fasulye borsası,0,0,0,2,9,3,10.88888888888889
manisa üzüm kesim fiyatları,0,0,0,0,1,,3
taze bamya fiyat,0,0,0,1,0,15,
hünnap fiyatı 2025,0,0,0,0,1,,10
tunceli sebze hali,0,0,0,0,1,,11
kahta hal,0,0,0,0,5,,12.4
fethiye sebze meyve hali,0,0,0,1,0,14,
piyasada ne kadar,0,0,0,1,0,1,
misir fiyatları,0,0,0,0,1,,11
toptan fiyatı nedir,0,0,0,0,1,,7
nohut fiyatları borsa,0,0,0,1,0,2,
istanbul hali nerede,0,0,0,5,5,10.4,10.6
kuru kayısı kg fiyatı 2026,0,0,0,5,5,8.6,9.6
50kg,0,0,0,1,0,3,
gazipaşa hal piyasası,0,0,0,2,5,10,8.6
kuru bamya fiyatı,0,0,0,0,1,,2
petemek domates,0,0,0,2,5,95,66.4
havuç kilo fiyatı,0,0,0,0,1,,59
10 tl,0,0,0,1,0,1,
kırmızı erik kilosu kaç tl,0,0,0,10,3,3.7,5.666666666666667
ankara palamut,0,0,0,0,1,,23
kuşkonmaz sipariş,0,0,0,0,1,,6
mısır kırması 50 kg fiyatı,0,0,0,1,0,2,
zeytinyağı borsa fiyatları,0,0,0,0,3,,13
sungurlu borsa buğday fiyatları,0,0,0,8,9,9.375,9.666666666666666
kokulu üzüm fiyatları,0,0,0,1,1,3,3
yaş incir,0,0,0,1,0,2,
fasulye fiyatları borsa,0,0,0,6,0,9.5,
kuşkonmaz nasıl yetiştirilir,0,0,0,1,0,3,
soğan kilosu kaç tl 2026,0,0,0,2,7,6.5,5
resimde at,0,0,0,1,0,3,
havuç fiyatı,0,0,0,0,5,,13.6
vişne kilosu kaç tl,0,0,0,3,4,8.666666666666668,7.5
eskişehir pazarı,0,0,0,1,0,7,
bugday fiyatları,0,0,0,1,1,54,53
yeni dünya kilosu ne kadar,0,0,0,0,1,,5
5 kilo salça kaç kilo domatesten çıkar,0,0,0,0,1,,3
1 kilo kiraz kaç tl 2026,0,0,0,2,4,2.5,3.25
karaçulha hal fiyatları,0,0,0,2,0,6,
dolmalık biber kilosu kaç tl,0,0,0,1,0,11,
elma kg fiyatı,0,0,0,4,0,8.5,
tmo kuru üzüm fiyatları,0,0,0,1,0,3,
bal kabağı kilosu,0,0,0,7,2,2.857142857142857,3.5
toptan kapya biber fiyatları,0,0,0,3,0,10,
tokat toptancılar sitesi,0,0,0,1,4,12,10
belediye hal fiyatları,0,0,0,1,1,5,4
kg fiyatı ne kadar,0,0,0,1,0,2,
meyve hali istanbul,0,0,0,13,8,7.538461538461538,7.875
halde kapya biber fiyatları,0,0,0,8,2,36.75,3.5
ampül kabak,0,0,0,0,1,,10
kiraz kilosu,0,0,0,16,14,5.0625,5
a101 karpuz,0,0,0,2,0,3.5,
tokat toptancı,0,0,0,0,1,,11
yüreğir hali,0,0,0,4,0,10.5,
seneye,0,0,0,0,1,,2
mersin nektarin fiyatları,0,0,0,2,0,9,
muz kg fiyat,0,0,0,2,0,9,
alaca arpa fiyatları,0,0,0,2,0,9.5,
limon kaç lira,0,0,0,2,2,10,8.5
halde sebze fiyatları,0,0,0,4,7,4.5,6
كم حقه,0,0,0,1,0,5,
gatem sebze hali,0,0,0,19,13,13.052631578947368,11.153846153846153
muz fiyatları hal,0,0,0,17,13,6.470588235294118,6.230769230769231
avokado adet fiyatı,0,0,0,1,2,11,11.5
domates kasası fiyatları,0,0,0,2,0,4,
güncel fiyatlar mı,0,0,0,1,0,2,
sofralık zeytin fiyatları,0,0,0,1,0,35,
istanbul ataşehir,0,0,0,0,1,,4
semiz otu kilo fiyatı,0,0,0,2,2,4,8
kil biber hal fiyatları,0,0,0,3,0,6,
ıskarta kayısı fiyatları,0,0,0,0,1,,9
anpa gross domates fiyatı,0,0,0,1,0,1,
roka fiyatı,0,0,0,4,3,6.25,8.333333333333332
1 ton sarımsak kaç tl,0,0,0,6,3,4.166666666666666,9
сколько оно стоит сейчас,0,0,0,1,0,3,
kaç paraya satılır,0,0,0,0,1,,2
2026 fıyatı,0,0,0,0,1,,5
patates kg,0,0,0,0,3,,9.333333333333334
yaş kekik kg fiyatı,0,0,0,1,2,9,1
kayseri sebze hal,0,0,0,0,2,,10
soğan kilosu kaç tl,0,0,0,2,1,5,5
zeytin kilosu ne kadar 2026,0,0,0,1,0,1,
soğan kg fiyatı 2026,0,0,0,1,1,2,2
barbunya fiyatı ne kadar,0,0,0,3,3,8.333333333333332,7.333333333333333
nohut satış fiyatı 2026,0,0,0,0,1,,11
bu sene vişne fiyatları,0,0,0,1,0,6,
sıkmalık portakal,0,0,0,0,1,,1
kaynaklar hal,0,0,0,0,1,,4
kirazin kilosu 2026,0,0,0,1,0,2,
brokoli fiyat a101,0,0,0,2,0,12,
aksaray hal pazarı,0,0,0,1,5,8,9.2
a101 kavun fiyatı,0,0,0,0,1,,48
fuji elma fiyatı,0,0,0,0,1,,5
semizotu kg fiyatı,0,0,0,3,1,4.666666666666666,8
havran edremit,0,0,0,0,1,,3
alanya hal kavşağı,0,0,0,1,0,20,
alanya sebze meyve hali,0,0,0,1,0,11,
kayısı fiyatları malatya,0,0,0,1,0,11,
elma fiyatı,0,0,0,9,3,9,7.333333333333333
soğan kg fiyat,0,0,0,2,0,6,
ne kadar eder,0,0,0,1,0,2,
hatay dörtyol mandalina fiyatları,0,0,0,1,0,2,
salatalık pazar fiyatı,0,0,0,2,0,3,
bugün a101 de domates ne kadar,0,0,0,1,0,3,
elma kilosu ne kadar 2026,0,0,0,4,4,2.5,2.75
mersin ticaret borsası fasulye fiyatları,0,0,0,6,0,2.166666666666667,
aykar komisyon,0,0,0,6,8,4.666666666666666,8.375
bamya kaç tl,0,0,0,0,4,,6.75
vanda,0,0,0,0,1,,2
buğday kilo fiyatı,0,0,0,1,0,49,
kızıltepe hal pazarı,0,0,0,0,2,,7.5
kayseri salçalık domates,0,0,0,1,9,18,8.88888888888889
inegöl sebze hali,0,0,0,0,2,,12
muğla hal,0,0,0,8,4,5.25,6.5
antalya hal komisyoncular listesi,1,1,0,45,21,25.8,2.0476190476190474
2026 taze incir fiyatları,0,0,0,2,0,7.5,
mandalina borsası,0,0,0,0,15,,7.2
börülce izmir,0,0,0,2,0,22,
sebze hali nerede,0,0,0,5,3,6.8,8
kavun kilosu,0,0,0,3,3,7.333333333333333,22
polatlı borsası buğday fiyatları,0,0,0,1,0,60,
sarımsak fiyatları 2026,0,0,0,16,11,4.25,6.2727272727272725
burda domatesi,0,0,0,0,1,,10
izmir limon,0,0,0,0,1,,6
karpuz ne kadar,0,0,0,5,0,6,
15 tane,0,0,0,0,1,,9
pazarda domates fiyati,0,0,0,0,1,,9
mersin hal fiyatları facebook,0,0,0,2,0,4,
ananas fiyatı 2026,0,0,0,33,49,4.272727272727273,4.836734693877551
enginar kilosu ne kadar,0,0,0,1,0,29,
taymur,0,0,0,1,0,4,
muhacir pazarı,0,0,0,1,0,2,
salça,0,0,0,1,1,3,5
havuc kg,0,0,0,0,1,,71
bodrum hal fiyatları,0,0,0,5,1,8.6,8
nevşehir yaş üzüm fiyatları,0,0,0,4,4,4,6.75
napolyon kiraz kg fiyatı,0,0,0,0,1,,1
hal çilek fiyatı,0,0,0,1,4,6,6.5
1 kg salatalık kaç tl,0,0,0,4,7,6.5,7.857142857142857
pembe domates fiyat,0,0,0,1,1,7,1
salçalık domates market fiyatları,0,0,0,8,3,8.375,6
antalya serik hal,0,0,0,0,1,,10
nar kasa,0,0,0,0,1,,95
arpa fiyatları,0,0,0,0,2,,53.5
50 kg soğan fiyatı,0,0,0,0,4,,8
fiyati nedir,0,0,0,1,0,3,
ısparta,0,0,0,1,0,5,
kara erik şurubunun fiyatı,0,0,0,0,1,,3
adana halinde domates fiyatları,0,0,0,2,0,14,
vedat dalokay hali,0,0,0,3,8,12,11.75
buca sebze hali,0,0,0,2,0,41.5,
antalya hal fiyatı,0,0,0,1,0,23,
mavikent hal fiyatları,0,0,0,1,1,17,18
erik kilo,0,0,0,1,1,10,9
taze bakla fiyatı ne kadar,0,0,0,1,0,1,
buğday fiyatları 2021,0,0,0,1,0,53,
karpuz,0,0,0,2,2,2.5,3.5
karpuz tarla fiyatı,0,0,0,2,0,1,
hal lokantası telefon numarası,0,0,0,0,2,,17
ordu sebze hali fiyatları,0,0,0,3,4,3,4
ankara hal kataloğu,0,0,0,4,6,9,7.166666666666667
çarşamba hali,0,0,0,8,11,11.75,9
güncel pazar fiyatları,0,0,0,3,3,13,6.333333333333333
ayva kilosu ne kadar,0,0,0,0,1,,6
tmo pirinç fiyatları 2026,0,0,0,0,1,,11
cinokop,0,0,0,1,0,1,
sarpa balığı fiyatı,0,0,0,0,6,,9
diyarbakır sebze hali fiyatları,0,0,0,0,1,,6
tarlada,0,0,0,3,0,2.333333333333333,
zwetschgen angebot diese woche,0,0,0,0,1,,9
mersin nohut fiyatları,0,0,0,4,3,9,45.666666666666664
barbunya fiyatı taze,0,0,0,23,5,4,5.6
vişne fiyatı 2026,0,0,0,19,10,4.894736842105264,5
çorum alaca ticaret borsası buğday fiyatları,0,0,0,9,9,9.11111111111111,9.555555555555555
ayaş domatesi sipariş,0,0,0,0,1,,6
böğürtlen fiyatları,0,0,0,3,2,6,8
ataşehir hal,0,0,0,2,2,17.5,9
samsun toptancı,0,0,0,8,0,13.125,
soğanın fiyatı,0,0,0,0,1,,1
sera,0,0,0,0,1,,4
polatlı ticaret borsası canlı,0,0,0,1,0,35,
kuru erik fiyatı,0,0,0,2,3,2,2
tariş incir fiyatları,0,0,0,2,0,2,
ananas ne kadar,0,0,0,1,0,22,
erik nerden bulabilirim,0,0,0,0,1,,6
adana hali limon fiyatları,0,0,0,0,3,,43.333333333333336
adana sebze hali çalışma saatleri,0,0,0,0,1,,10
can erik,0,0,0,0,1,,2
bamyanin kilosu kac tl 2026,0,0,0,20,18,7.65,5.722222222222222
afyon patates hal fiyatları,0,0,0,17,21,9.117647058823529,8.571428571428571
mercimek borsası,0,0,0,4,49,11,10.122448979591837
kırmızı lahana,0,0,0,1,1,2,2
bu sene kayısı fiyatları,0,0,0,0,1,,10
alanya hal fiyatları bugün,0,0,0,1,1,10,4
karpuzun fiyatı,0,0,0,3,0,6.333333333333333,
kivi piyasası,0,0,0,11,10,3.4545454545454546,3.1
pazarda domates fiyatları,0,0,0,10,4,36.1,10
konya domates,0,0,0,0,2,,10.5
karadut pekmezi fiyatı,0,0,0,0,1,,3
antep mercimek borsası,0,0,0,1,0,23,
kuru hal fiyatları,0,0,0,1,0,2,
1 dönüm çilek kaç kilo verir,0,0,0,1,0,3,
çilek kilosu kaç tl,0,0,0,2,0,19,
kadirli hal fiyatları,0,0,0,1,0,10,
mantar kilo,0,0,0,2,0,4,
adana mayer limon,0,0,0,0,8,,3.5
dörtyol narenciye piyasası,0,0,0,1,3,4,5.666666666666667
izmir,0,0,0,0,4,,3.25
kiraz kaç tl,0,0,0,2,1,6,7
yüreğir hal,0,0,0,24,26,9.041666666666666,7.653846153846154
açık,0,0,0,2,0,1.5,
kiraz kurusu fiyatı,0,0,0,2,2,2,45
üzüm kg,0,0,0,2,0,1,
hicaz nari,0,0,0,1,0,5,
kuru erik fiyatı a101,0,0,0,1,0,2,
halde erik fiyatı,1,1,0,7,8,3,2.625
cin biber kilosu kaç tl,0,0,0,7,6,3.2857142857142856,3.3333333333333335
muz fiyatları anamur,0,0,0,5,4,9,9
nar kg,0,0,0,2,1,22,28
edirne canli hayvan borsası fiyatları,0,0,0,0,19,,8.157894736842106
kuzu pirzola kg fiyatı türkiye eylül 2026,0,0,0,0,3,,6.666666666666667
bezelye pazarda ne zaman biter,0,0,0,1,0,2,
karkas et fiyatı,0,0,0,21,18,11.047619047619047,11.055555555555555
turgutlu hal,0,0,0,11,9,12,12.333333333333334
2000,0,0,0,1,0,1,
ananas fiyat,0,0,0,9,11,15.666666666666666,16
fiyatı ne kadar,0,0,0,2,4,3.5,2
gaziantep,0,0,0,2,1,4.5,1
kirazin kilosu,0,0,0,1,0,5,
ankara balık hali perakende satış var mı,1,1,0,15,18,9.4,9.666666666666666
mısır fiyat 2026,0,0,0,39,32,9.692307692307692,9.78125
kuru bakla fiyatı 2026,0,0,0,1,4,11,7
ıspanak ne kadar,0,0,0,2,2,6.5,10
cherry domates fiyat,0,0,0,9,3,8.11111111111111,7
ham nektarin,0,0,0,1,0,2,
domates kilosu kaç tl,0,0,0,28,14,9.071428571428571,9.785714285714286
nevşehir kabak borsa fiyatı,0,0,0,1,0,40,
izmir balık hali,0,0,0,1,0,42,
2026 şeftali fiyatları,0,0,0,2,3,5,5
üzüm fiyatı ne zaman açıklanacak,0,0,0,0,2,,2.5
ogren,0,0,0,1,0,2,
tariş kuru üzüm fiyatları,0,0,0,1,0,2,
avokado adet,0,0,0,1,0,3,
antalya hal bülteni,0,0,0,0,4,,72
manisa,0,0,0,3,0,2,
nohut kaç tl 2026,0,0,0,2,3,11,6
sahil de,0,0,0,0,1,,2
tarla sera,0,0,0,0,1,,8
yaş bamya fiyatı 2026,0,0,0,10,3,6,1
kavun kilosu kaç tl,0,0,0,10,3,11.3,9.666666666666666
kabak çekirdeği fiyatı 2026,0,0,0,6,1,2,2
trabzon balık hali fiyatları,0,0,0,2,4,15,14.75
alaca ticaret borsası nohut,0,0,0,4,26,7.5,9.307692307692308
şeftalinin kilosu kaç tl,0,0,0,1,1,7,11
mersin hal fiyatları günlük meyve,3,3,0,151,217,8.927152317880795,8.534562211981566
asparagus türkçe,0,0,0,1,0,2,
kavunun fiyatı ne kadar,0,0,0,0,5,,10
kumpir patatesi fiyatı,0,0,0,1,0,2,
kekik fiyatlari,0,0,0,2,6,8,8.666666666666668
toptan karpuz fiyatları,1,1,0,5,2,2.2,6
adana hal portakal fiyatları,0,0,0,1,0,8,
salatalık kg,0,0,0,1,0,19,
erik kg,0,0,0,5,5,7.2,10
manisa salçalık domates fiyatları,0,0,0,3,3,3,5.666666666666667
kırkağaç kavunu,0,0,0,1,0,3,
domates pazarda kaç tl,0,0,0,0,1,,1
karkas dana eti fiyatları,0,0,0,2,1,11,10
ankara büyükşehir hal fiyatları,0,0,0,0,5,,4.4
bulgur fiyatı 2026,0,0,0,5,7,8.8,7.142857142857143
adana hal nerede,0,0,0,5,7,9.6,10.714285714285714
rio domates fiyatı,0,0,0,1,0,24,
kuzu karkas kg fiyatı,0,0,0,2,0,19.5,
bayrampaşa sebze hali hangi günler açık,0,0,0,1,0,12,
gazipaşa hal fiyat,0,0,0,2,0,8,
domates ne zaman ucuzlar,0,0,0,1,0,1,
dut pekmezinin kilosu ne kadar,0,0,0,1,0,3,
kapya hal fiyatları,0,0,0,3,1,5,2
domates fiyatı hal,0,0,0,8,2,6.125,11
alaca nohut borsası,0,0,0,24,76,8.291666666666668,9.473684210526315
maraş sebze hali,0,0,0,11,14,8.363636363636363,8.928571428571429
bursa siyah incir hal fiyatı,0,0,0,10,4,2.7,3.5
sebze hali diyarbakır,0,0,0,0,1,,8
adana tarlada limon fiyatları,0,0,0,4,13,8,7.846153846153846
kültür mantari,0,0,0,1,0,2,
kapya biber kaç tl,0,0,0,0,3,,2
kavun kaç lira,0,0,0,1,3,18,9.666666666666666
marul kilosu kaç tl,0,0,0,5,3,10.4,7.333333333333333
antalya komisyoncular listesi,0,0,0,1,0,2,
patates fiyatı ne kadar,0,0,0,7,11,7.428571428571429,9.363636363636363
üzüm fiyat,1,1,0,13,8,5.230769230769231,9.125
mantar işinden zarar edenler,0,0,0,0,1,,3
a101 mandalina fiyatı,0,0,0,0,1,,48
urfa hal fiyatları,0,0,0,5,6,19.8,7.166666666666667
kavun kg fiyat,0,0,0,6,0,8.666666666666668,
bir kasa domates kaç kilo,0,0,0,1,2,8,5.5
kabuklu kırmızı mercimek fiyatı,0,0,0,0,2,,45
bim kuru üzüm fiyatı 2026,0,0,0,5,3,10.8,6.333333333333333
zeytinyağı kilosu ne kadar 2026,0,0,0,24,14,7.958333333333333,10.285714285714286
zonguldak hal nerede,0,0,0,0,2,,13.5
kornişon salatalık fiyatı,0,0,0,45,3,10.11111111111111,3
çilek kilosu ne kadar,0,0,0,3,1,1,2
hangi meyveler var,0,0,0,1,0,3,
aksaray meyve sebze hali,0,0,0,2,1,8,9
mersin balık hali fiyatları,0,0,0,0,1,,9
bursada,0,0,0,1,0,3,
erdemli,0,0,0,1,0,5,
antalya halinde domates kaç para,0,0,0,1,0,3,
tmo nohut fiyatları,0,0,0,0,3,,9.666666666666666
yeşil soğa,0,0,0,0,1,,1
mangosten fiyatı,0,0,0,2,0,11,
istanbul kadıköy hali,0,0,0,0,2,,13.5
kültür mantarı fiyatları,0,0,0,3,6,3.3333333333333335,8.5
hatay dörtyol,0,0,0,0,1,,2
karkas et fiyati,0,0,0,1,0,9,
marulun tanesi ne kadar,0,0,0,0,2,,10
patlıcanın fiyatı,0,0,0,1,0,1,
hünnapın kilosu ne kadar,0,0,0,0,1,,11
hal market,0,0,0,0,1,,7
çorum belediyesi hal fiyatları,0,0,0,11,4,4.454545454545455,3
canlı dana kilo fiyatı,0,0,0,0,1,,32
1 kilo karpuz kaç tl,0,0,0,1,1,10,11
10 kg karpuz,0,0,0,1,0,8,
kaç lira eder,0,0,0,1,0,3,
seneye nasıl olur,0,0,0,0,1,,2
zeytinyağı fiyatı 2026,0,0,0,1,0,4,
hünnap kilosu kaç tl,0,0,0,44,0,9.295454545454545,
kekiğin kilosu ne kadar,0,0,0,3,1,2,11
kekik fiyatı 1 kg,0,0,0,0,3,,14
gölhisar hal fiyatları,0,0,0,16,17,11,10.588235294117647
pırasanın kilosu ne kadar,0,0,0,1,0,11,
bursa yeni hal,0,0,0,3,6,7.666666666666667,7.333333333333333
istanbul hal soğan fiyatları,0,0,0,3,5,4,45.2
kayseride salçalık domates fiyatları,0,0,0,18,7,10.333333333333334,10.428571428571429
muğla hal fiyatları,0,0,0,15,3,20,12
meyve sebze hal fiyatları,1,1,0,11,9,3.3636363636363638,5.666666666666667
sarımsak kilosu kaç tl,0,0,0,8,0,6.25,
aylik kazanc,0,0,0,1,0,1,
yaş kayısı fiyatları 2026,0,0,0,2,1,7.5,7
güncel karkas fiyatları,0,0,0,0,1,,9
hicaz nar,0,0,0,1,0,2,
narın kilosu kaç tl,0,0,0,4,9,8.25,8.444444444444445
meysu elma alım fiyatları,0,0,0,0,2,,1
konya toptancı,0,0,0,1,1,17,8
güncel mısır fiyatları 2026,0,0,0,17,14,9.705882352941176,10.071428571428571
a101 limon fiyatı 2026,0,0,0,0,2,,2
sebze meyve fiyatları,0,0,0,4,7,40.75,56.714285714285715
anadolu yakasında hal nerede,0,0,0,0,2,,12
edirne et fiyatları,0,0,0,0,1,,11
soğan neden pahalandı,0,0,0,1,0,3,
hünnap fiyat,0,0,0,0,1,,16
güncel fiyatları,0,0,0,1,0,2,
şekerpare kuru kayısı,0,0,0,0,1,,3
soğan verimi,0,0,0,1,0,3,
yeni hal,0,0,0,7,6,8.142857142857142,6.5
incirin kilosu ne kadar 2026,0,0,0,97,84,7.783505154639175,6.345238095238095
ayaş domatesi nereden alınır,0,0,0,0,2,,3
mantarın kilosu ne kadar,0,0,0,4,1,4,8
pırasa fiyat,0,0,0,3,2,9.333333333333334,11
kavun toptan fiyatı,0,0,0,2,0,1.5,
buca balık hali fiyatları,0,0,0,3,0,9,
greyfurt fiyatları,0,0,0,12,7,5,6
kırmızı mercimek,0,0,0,1,0,1,
amasya da soğan fiyatları,0,0,0,0,1,,3
soğan fiyatları tarım ziraat,0,0,0,3,3,7.666666666666667,9.666666666666666
1 ton üzüm ne kadar,0,0,0,7,4,3.5714285714285716,7
erik pestili fiyatı,0,0,0,2,1,2,2
serbest,0,0,0,1,0,1,
1 kg kiraz,0,0,0,1,0,6,
kütahya sebze hali,0,0,0,9,10,11,7.8
1ton,0,0,0,0,1,,3
bakla fiyat,0,0,0,0,2,,9.5
1 kilo patlıcan kaç tl,0,0,0,12,8,9.666666666666666,10.875
biber dolması fiyat,0,0,0,1,0,1,
domatesin kilosu ne kadar,0,0,0,25,10,8.76,8.5
elmanın kilosu,0,0,0,0,1,,11
2025 domates fiyatları,0,0,0,2,0,1,
eskişehir soğan fiyatları,0,0,0,2,0,6,
ordu meyve sebze hali,0,0,0,0,2,,10
soya fasulyesi borsası,0,0,0,0,1,,70
ıspanak kilosu kaç tl,0,0,0,0,1,,9
kadirli hal telefon numarası,0,0,0,13,4,10.76923076923077,10.25
karpuz fiyatı,0,0,0,12,4,5.5,14.75
ankara hali sebze fiyatları,0,0,0,1,0,3,
ankara erik,0,0,0,0,4,,5.25
1 demet ne kadar,0,0,0,3,2,1,1
kahramanmaraş hal pazarı,0,0,0,10,10,7.9,8.2
evet fiyat nedir,0,0,0,1,0,5,
في تركيا,0,0,0,2,0,7.5,
acı cin biber,0,0,0,0,1,,3
dondurulmuş patates üretim tesisi maliyeti,0,0,0,0,1,,3
adana mandalina fiyati,0,0,0,8,8,5.25,4.625
toptqn,0,0,0,0,1,,1
gıda hali,0,0,0,2,1,4.5,6
türkiye karpuz fiyatları,0,0,0,0,3,,4.333333333333334
börülce ne kadar,0,0,0,0,1,,10
salatalık kaç lira,0,0,0,5,2,4.2,8
samsun meyve sebze hali,0,0,0,24,16,8.583333333333332,7.875
ankara yenimahalle,0,0,0,0,1,,2
kocaeli balık hal fiyatları,0,0,0,36,25,12.416666666666666,13.92
karadut fiyatı migros,0,0,0,1,0,3,
salatalik kilosu,0,0,0,1,0,6,
isparta hal,0,0,0,10,10,10.9,8.4
antalya hal kapya biber fiyatı,0,0,0,0,1,,10
25 kg,0,0,0,0,1,,1
anjelika erik fidanı fiyatları,0,0,0,1,0,3,
dikmelik soğan fiyatları,0,0,0,1,0,11,
adana mısır borsası,0,0,0,1,0,2,
patates kac tl,0,0,0,1,0,1,
taze börülce fiyat,0,0,0,1,2,11,9.5
patlıcan kaç para,0,0,0,7,2,8,5
pazarda kornişon fiyatları,0,0,0,6,1,9.5,7
limon kesim tarihi,0,0,0,1,0,2,
üzüm hal fiyatları,0,0,0,8,9,6.375,4.222222222222222
maliyet hesabı,0,0,0,0,1,,7
tariş incir fiyatı,0,0,0,1,0,3,
toptan ne kadar,0,0,0,0,1,,1
halfiyatlari,0,0,0,8,3,7.25,7.333333333333333
nane tohumu kg fiyatı,0,0,0,1,0,2,
soğan kilosu ne kadar,0,0,0,3,0,1,
arpa fiyatları 2021,0,0,0,0,2,,39.5
kuru soğan,0,0,0,1,0,6,
taze fasulyenin fiyatı,0,0,0,1,0,11,
50 kg arpa kaç tl,0,0,0,0,1,,29
çorum bugday fiyatları,0,0,0,0,4,,11
nohut,0,0,0,1,0,4,
demet ne kadar,0,0,0,0,1,,1
10 ton kayısı kaç tl,0,0,0,2,4,2,3.25
mersin silifke,0,0,0,1,0,3,
limon fiyati,0,0,0,10,1,7.2,2
pazarda elma fiyatları,0,0,0,11,8,10.272727272727273,9.25
mangostan,0,0,0,18,4,2,2
karkas kuzu fiyatları,0,0,0,1,1,11,11
çorum nohut borsası,0,0,0,0,1,,11
yemlik mısır 50 kg,0,0,0,1,0,2,
mango fiyatları,0,0,0,5,3,9.4,14.333333333333334
2026 tane mısır fiyatları,0,0,0,12,10,7.75,8.2
mersin büyükşehir belediyesi hal fiyatları,1,1,0,8,11,8.25,5.2727272727272725
2026 taze fasulye fiyatları,0,0,0,4,3,2,2
trabzon hal yol tarifi,0,0,0,1,1,10,10
çorum yeşil mercimek borsası,0,0,0,4,0,7.5,
koop market soğan fiyatları,0,0,0,0,1,,7
ankara toptancı hal,0,0,0,4,0,10.5,
merkez,0,0,0,0,1,,4
şaraplık üzüm fiyatları,0,0,0,0,1,,3
kuşkonmaz ne kadar,0,0,0,0,1,,6
afyon patates fiyatları,0,0,0,3,5,33.666666666666664,11
izmit pazar fiyatları,0,0,0,0,1,,20
meyve ve sebze hali,0,0,0,7,4,7.428571428571429,5.5
yıllık getirisi ne olur,0,0,0,1,0,1,
kütaş kekik fiyatları 2025,0,0,0,42,3,6.619047619047619,8.666666666666668
deniz börülcesi fiyatı,0,0,0,0,1,,7
çilek fiyatı,1,1,0,46,35,6.673913043478261,7.685714285714286
kornişon,0,0,0,2,1,2,4
izmir bamya fiyatları,0,0,0,0,3,,8.666666666666668
kayseri hal kompleksi,0,0,0,2,1,13,9
karpuz hal fiyatları,0,0,0,6,6,8.333333333333332,8.166666666666668
kereviz fiyatı,0,0,0,3,2,7.666666666666667,6
şeftalinin kilosu kaç para,0,0,0,1,0,11,
mangostan meyvesi,0,0,0,0,1,,2
kavun galya,0,0,0,2,0,11.5,
kuru incir toptan fiyatı,0,0,0,0,1,,6
osmaniye,0,0,0,3,0,2.666666666666667,
salihli hal fiyatları,0,0,0,7,12,7.142857142857143,11.25
kozan limon fiyatları,0,0,0,2,8,11,9.375
kırmızı pancar kilo fiyatı,0,0,0,0,1,,6
adana salçalık biber fiyatı 2026,0,0,0,1,0,2,
malatya kuru kayısı toptan fiyatları,0,0,0,9,3,11.777777777777779,11
dane mısır fiyatı 2026,0,0,0,23,60,10.434782608695652,10.366666666666667
elazığ hal kataloğu,0,0,0,11,10,8.09090909090909,8.2
brokoli ne kadar,0,0,0,2,3,4,6.333333333333333
alaca nohut borsasi,0,0,0,0,1,,10
jalapeno biberi acı mı,0,0,0,0,1,,2
satılık sarımsak,0,0,0,0,1,,27
dünya borsalarında buğday fiyatları,0,0,0,0,1,,30
tarsus hal fiyatları 2026,0,0,0,1,0,7,
nohutun kilosu ne kadar 2026,0,0,0,18,19,9.555555555555555,7.157894736842105
pazarda salçalık domates fiyatları,0,0,0,1,2,1,1
armut fiyatı,0,0,0,14,10,6.357142857142857,8.8
kızılcık marmelatı nasıl yapılır,0,0,0,1,0,3,
bamya fiyatı 2026,0,0,0,28,31,6.607142857142857,7.67741935483871
ispir fasulye fiyatı,0,0,0,1,0,2,
sivas meyve sebze hali,0,0,0,5,7,7,6.571428571428571
kiraz kaç lira,0,0,0,0,1,,6
acur fiyat 2026,0,0,0,5,2,2.8,3.5
hal 15,0,0,0,1,0,2,
antalya portakal fiyatları,0,0,0,19,9,6.052631578947368,6.666666666666667
salatalik,0,0,0,1,0,2,
armut kg fiyatı,0,0,0,8,8,8.875,6.25
istiridye mantarı toptan fiyatı,0,0,0,5,0,9.8,
şeftali fiyat,0,0,0,19,4,5.947368421052632,7.25
mersin ticaret borsası mercimek fiyatları,0,0,0,0,1,,2
kayseri patates fiyatları,0,0,0,12,12,5.916666666666667,6.833333333333333
bogurtlen fiyati,0,0,0,2,1,7.5,8
elma hal fiyatları,0,0,0,7,0,35.42857142857143,
armut kilosu,0,0,0,0,3,,8.333333333333332
kırmızı patates fiyatı,0,0,0,0,2,,30
bayrampaşa hal fiyat listesi,0,0,0,9,4,3.3333333333333335,3.5
kars'ta,0,0,0,0,1,,11
domates en uygun,0,0,0,0,1,,10
ankara taze fasulye fiyatları,0,0,0,7,4,5,5.25
2026 biber fiyatları,0,0,0,11,6,6.181818181818182,7.5
adıyaman sarımsak fiyatları,0,0,0,0,4,,16
yeşil fasulye pazar fiyatı,0,0,0,5,0,5,
çorum hububat borsa fiyatları,0,0,0,1,3,11,10.666666666666666
kültür mantarı fiyat,0,0,0,3,7,8.333333333333332,8
manisa sebze meyve hali,0,0,0,4,10,9.75,9
istanbul hal nerede,0,0,0,7,4,10.857142857142858,10.25
limon ihracatı,0,0,0,1,1,3,3
şeftali,0,0,0,1,0,3,
adapazarı meyve sebze hali,0,0,0,0,1,,2
bursa hal kaçta açılıyor,0,0,0,0,1,,8
sakarya sebze meyve hali,0,0,0,0,3,,11.333333333333334
yemişin kilosu ne kadar,0,0,0,1,0,1,
1 dönümden ne kadar patates çıkar,0,0,0,1,0,2,
tmo mısır satış fiyatı,0,0,0,1,0,3,
toptan sebze meyve istanbul,0,0,0,3,2,23,22.5
dörtyol hali,0,0,0,0,1,,13
kuru üzüm fiyatı 2026 ne zaman açıklanacak,0,0,0,0,1,,3
adana sebze hali yol tarifi,0,0,0,0,1,,16
kültür mantarı ne kadar,0,0,0,3,12,6.333333333333333,8.416666666666668
çavdar kilosu ne kadar,0,0,0,7,4,10,7.25
1 kasa domates kaç tl,0,0,0,19,39,14.263157894736842,5.641025641025641
istanbul bayrampaşa sebze meyve hali,0,0,0,0,2,,27
şeftali kurusu fiyatı,0,0,0,2,1,3.5,4
izmir kofte,0,0,0,0,1,,1
havuç kg fiyat,0,0,0,4,0,61,
siyah incir ihracat fiyatları,0,0,0,7,4,1.2857142857142856,7.5
cipslik patates fiyatları,0,0,0,5,1,15.2,9
patlıcanın kilosu ne kadar,0,0,0,23,4,8.391304347826086,9
fasulye piyasası,0,0,0,1,0,7,
taze taze,0,0,0,1,0,4,
kayseri hali,0,0,0,5,4,9.6,7.25
türkiyede mango fiyatı,0,0,0,1,2,11,11
konya sebze meyve hali,0,0,0,6,6,8.166666666666668,8
peki türkiye'de,0,0,0,1,0,6,
erdemli hal fiyatları,0,0,0,4,2,17,10
mersin büyükşehir hal fiyatları,0,0,0,3,4,10.333333333333334,9.5
ton bazında,0,0,0,1,0,1,
migros salatalık fiyatı,0,0,0,1,1,11,6
kiraz kilo fiyatı,0,0,0,1,1,5,5
bal kabağı yetiştiriciliği,0,0,0,0,1,,2
soğan kilo fiyatı,0,0,0,3,2,2,3
bursa kapya biber fiyatları,0,0,0,2,6,9,6.833333333333333
istanbul balik hal fiyat,0,0,0,0,2,,11
adana yüreğir hali,0,0,0,2,4,8,9
halde şeftali fiyatı,0,0,0,5,0,4.2,
kuşkonmaz ne zaman hasat edilir,0,0,0,1,0,3,
samsun çarşamba hali,0,0,0,4,2,9.75,9
toptan nohut fiyatı,0,0,0,1,0,9,
salatalığın kilosu kaç tl,0,0,0,1,3,8,4.333333333333334
köy salatalığı fiyatı,0,0,0,2,0,4,
kızılcık hangi bölgede yetişir,0,0,0,1,0,3,
balık hali ankara,0,0,0,17,12,12.294117647058824,12.416666666666666
kac tl,0,0,0,0,1,,2
ben satmak istiyorum,0,0,0,1,0,4,
mangosten,0,0,0,0,1,,2
erzincan üzümü fiyat,0,0,0,0,1,,3
muz fiyati,0,0,0,2,0,7,
emiralem hal,0,0,0,2,0,4,
kars toptancı,0,0,0,1,0,10,
ankarada domates fiyatları,0,0,0,0,12,,5.666666666666667
bursa sebze meyve hali çalışma saatleri,0,0,0,1,0,2,
hal nerede var,0,0,0,7,19,4.571428571428571,8.210526315789473
kargaz et fiyatları,0,0,0,2,5,11,10
karkas et fiyatları 2026,0,0,0,1,1,11,11
canlı kuzu fiyatları 2026,0,0,0,0,2,,7
dalında limon fiyatları,0,0,0,4,13,6.25,6.846153846153846
türkiyede,0,0,0,1,1,3,4
yaş incir fiyatı,0,0,0,0,1,,32
erik fiyatı 2026,1,1,0,6,7,1.8333333333333335,1.5714285714285714
kayısı ne kadar,0,0,0,8,3,9.875,10
taze jalapeno biber kilo fiyatı,0,0,0,32,6,9.5,9.166666666666666
amasya hal fiyatları,0,0,0,3,5,10,9.6
devlet mısır alım fiyatı,0,0,0,1,0,9,
kuru erik fiyatları,0,0,0,1,0,2,
evet.,0,0,0,2,0,5.5,
kış kabağı fiyatı,0,0,0,5,6,3,5.5
hal kahramanmaraş,0,0,0,0,5,,5
bursa kavun,0,0,0,0,1,,13
armut kilosu ne kadar,0,0,0,3,11,9.333333333333334,6.545454545454546
niğde sebze hali yol tarifi,0,0,0,0,16,,9.5625
pilav,0,0,0,0,1,,4
sonuç,0,0,0,1,0,3,
tariş üzüm alım fiyatları,0,0,0,1,0,2,
adapazarı hal fiyatları,0,0,0,7,0,9.428571428571429,
şanlıurfa,0,0,0,1,0,10,
can eriği ne zaman çıkar,0,0,0,0,1,,3
balıkesir büyükşehir belediyesi toptancı hali,0,0,0,8,5,8.625,8.8
kavunun kilosu ne kadar,0,0,0,11,3,9.181818181818182,3.6666666666666665
mersin teslim,0,0,0,0,1,,3
ahududu hal fiyatı,0,0,0,2,5,2,1.8
beypazarı havucu,0,0,0,1,0,23,
dolmalık biber pazar fiyatı,0,0,0,2,1,9.5,1
limon kg fiyat,0,0,0,2,0,4.5,
limon fiyatlari adana,0,0,0,12,11,7.5,7
1 ton yaban mersini kaç tl,0,0,0,6,1,4.166666666666666,1
anamur muz fiyatları bugun,1,1,0,12,14,4.5,4.357142857142858
batman sebze meyve hali,0,0,0,4,0,10.75,
2026 misir fiyatlari,0,0,0,6,5,9.5,9.6
hal 12,0,0,0,1,0,5,
yer elması fiyatı,0,0,0,7,0,9.714285714285714,
hal sivas,0,0,0,1,1,5,3
istanbul sebze hal fiyatları,0,0,0,8,10,4.25,4.1
kayısının kilosu ne kadar,0,0,0,4,10,8.25,9.9
gazipaşa hal fiyatları günlük,0,0,0,2,2,10,9.5
nohut fiyatları 2023,0,0,0,2,2,43.5,43
kara erik fiyatı,0,0,0,9,16,8,5.6875
anamur hal fiyatları 2026,0,0,0,0,1,,9
taze bamya fiyatı 2026,0,0,0,10,2,6.4,1
çukurova'da,0,0,0,0,1,,4
demre hal fiyatları,0,0,0,35,37,3.6,2.27027027027027
türkiye hal fiyatları,0,0,0,5,6,3.8,3.6666666666666665
urfa mısır fiyatları,0,0,0,1,0,44,
göbek marul,0,0,0,2,1,94.5,93
2026 tmo üzüm fiyatları,0,0,0,2,2,2,3
adana imamoğlu,0,0,0,0,1,,2
alaca ticaret borsası buğday fiyatları,0,0,0,0,1,,11
balik hal fiyat,0,0,0,2,0,11,
sungurlu borsası,0,0,0,2,0,9.5,
soğanın kilosu ne kadar,0,0,0,7,2,1,8.5
antakya sebze hali,0,0,0,11,15,10.727272727272727,9.2
ne kadar tuttu,0,0,0,0,1,,5
erik ekşisi fiyatı,0,0,0,1,1,3,3
bal kabağı fiyatı 2023,0,0,0,5,0,16.4,
kadiköy hal numaraları,0,0,0,1,2,4,6
öztaş,0,0,0,0,1,,9
halde kiraz fiyatları,0,0,0,6,2,44.166666666666664,2
domates kg fiyatı,0,0,0,12,3,9.25,7
istanbuldaki haller,0,0,0,1,4,11,9.75
turpun kilosu ne kadar,0,0,0,1,2,1,6
sungurlu ticaret borsasi buğday fiyatları,0,0,0,30,27,11,10.814814814814815
bardak eriği fiyatı,0,0,0,1,0,3,
tokat soğan fiyatları,0,0,0,10,1,8.8,2
migros bursa domates fiyatları,0,0,0,0,1,,3
börülce kilosu ne kadar,0,0,0,2,0,11,
karabük sebze hali,0,0,0,2,0,12,
kuru bamya fiyatları,0,0,0,1,0,2,
hakan başak,0,0,0,0,1,,2
kumluca hal fiyat,0,0,0,2,2,35.5,24.5
erzin mandalina fiyatları,0,0,0,1,3,12,7
pazar domates fiyatı,0,0,0,0,1,,1
hububat borsası,0,0,0,1,0,42,
böğürtlen kilosu ne kadar,0,0,0,7,2,8.142857142857142,9
kaynak neresi,0,0,0,0,1,,2
gaziantep gatem sebze hali,0,0,0,0,2,,12.5
sarımsak kilosu ne kadar 2026,0,0,0,15,19,1.8666666666666667,5.368421052631579
zeytin yağı kilo fiyatı 2026,0,0,0,2,0,6.5,
balkabağının kilosu ne kadar,0,0,0,14,14,6.214285714285714,3.5714285714285716
adana sebze hali konum,0,0,0,3,1,10.666666666666666,12
salkım domates fiyatı,0,0,0,9,5,6.444444444444445,8.6
şok salatalık fiyatı,0,0,0,0,1,,11
tl bazında,0,0,0,0,1,,1
anjelika eriği,0,0,0,0,1,,2
acur ağacı,0,0,0,1,0,2,
pancarın kilosu ne kadar 2026,0,0,0,3,9,10.333333333333334,4.888888888888889
ankara balik hali,0,0,0,6,13,9.666666666666666,10
edirne kuzu borsası,0,0,0,0,3,,4.333333333333334
adıyaman hal,0,0,0,13,12,4.846153846153847,4.5
mısır fiyatı ne kadar,0,0,0,2,0,4.5,
ordu,0,0,0,0,1,,7
mersin,0,0,0,2,4,2,3
manisa ticaret borsası üzüm fiyatları,0,0,0,5,1,2.4,2
yaş kayısı toptan fiyatları,0,0,0,3,1,7.666666666666667,8
çift yönlü geçit: kıtlık yılı toptancısı,0,0,0,3,0,3.3333333333333335,
salçalık biber,0,0,0,1,0,4,
bursa domatesi kilosu ne kadar,0,0,0,0,7,,7
yıllık kazanç,0,0,0,1,0,2,
tariş üzüm fiyatını açıkladı,0,0,0,1,0,3,
üzüm kaç para,0,0,0,2,6,4,3.3333333333333335
bornova pazarı,0,0,0,0,1,,2
domates kac tl,0,0,0,0,5,,9.2
bir demet,0,0,0,1,1,2,2
hatay zeytinyağı fiyatları 2026,0,0,0,4,12,9.5,7.416666666666667
yeni hal mersin,0,0,0,2,2,10,9.5
mersin sebze hali fiyatları,0,0,0,17,23,8.823529411764707,8.478260869565219
soğan fiyatları neden arttı,0,0,0,0,1,,3
taze fasulye kg,0,0,0,0,1,,78
tuted hal,0,0,0,0,1,,17
antalya muz fiyatları,0,0,0,10,1,7,8
yap,0,0,0,1,0,1,
mersin halinde bursa domates fiyatları,0,0,0,3,10,10.333333333333334,8
kuzu karkas,0,0,0,0,2,,28.5
mersin toptancı hali,0,0,0,10,8,9.2,9.25
gaziantep sebze hal,0,0,0,2,6,9.5,9.166666666666666
kuzu et fiyatları,0,0,0,1,0,23,
elma kilo fiyatı,0,0,0,0,1,,5
30 kf,0,0,0,1,0,1,
demre hal,0,0,0,4,7,6.75,5.428571428571429
kayseri hal fiyatlari,0,0,0,12,11,5.333333333333333,4.909090909090909
batman hal yol tarifi,0,0,0,8,4,9.125,8.25
avakado kilosu ne kadar,0,0,0,1,0,23,
altayçeşme,0,0,0,0,1,,6
izmit hal müdürlüğü,0,0,0,5,0,16.4,
taze fasulye ne kadar,0,0,0,3,1,44,45
acur kilo fiyatı,0,0,0,1,0,6,
alanya muz fiyatı,0,0,0,1,2,11,8.5
kudret narı zamanı ne zaman,0,0,0,0,1,,2
karpuz toptan fiyatı,0,0,0,4,3,1.75,3.6666666666666665
bal kabağı ne kadar,0,0,0,8,3,4.125,3.6666666666666665
antalya sebze hal fiyatları,0,0,0,1,1,3,22
muzun kilosu ne kadar,0,0,0,8,1,11.125,7
2026 barbunya fiyatları,1,1,0,9,5,2.111111111111111,1.2
kuşkonmaz yetiştiriciliği,0,0,0,5,0,2.4,
trüf mantar kilosu,0,0,0,1,0,2,
aydın acarlar hal telefon,0,0,0,8,2,8.875,12
carrefour enginar fiyatı,0,0,0,0,1,,45
izmir sebze meyve hali fiyatları,0,0,0,1,5,8,8.6
mersin hal piyasası,0,0,0,12,28,10.25,9.107142857142858
serik hali,0,0,0,8,5,12,11
kayseri hal meyve sebze fiyatları,0,0,0,0,8,,5.75
taze patates fiyatı,0,0,0,1,0,8,
çavdar kaç tl,0,0,0,1,2,11,10.5
sungurlu ticaret borsasi fiyat bülteni,0,0,0,3,9,10.333333333333334,10.666666666666666
gaziantep canlı hayvan borsası,0,0,0,0,2,,10.5
bamya,0,0,0,1,0,2,
pazarda sebze fiyatları,0,0,0,0,2,,5
ne kadar para kazanırım,0,0,0,0,2,,3.5
erik türkiye,0,0,0,1,0,6,
anjelik erik fiyatı,0,0,0,7,1,5.142857142857143,5
karaman halk pazarı,0,0,0,1,0,37,
zeytin yağı fiyatı 2026,0,0,0,1,0,6,
domates fiyatları ne kadar,0,0,0,2,5,13,6.8
kapya biber kilosu kaç tl,0,0,0,0,1,,3
burdur tefenni hal fiyatları,0,0,0,4,0,39,
kırmızı pancar fiyatı 2026,0,0,0,15,19,6.933333333333334,4.631578947368421
amasya sebze hal fiyatları,0,0,0,1,2,9,8
2026 yılı nohut fiyatları,0,0,0,5,0,9.6,
haylan kabağı fiyatı,0,0,0,2,3,2,2
kıvırcık fiyatı,0,0,0,2,1,5,4
edremit sebze meyve hali,0,0,0,1,5,10,8
toptan sebze fiyatları,0,0,0,6,12,29.166666666666668,17.25
bayrampaşa sebze meyve hali,0,0,0,1,9,4,22.11111111111111
elma starking,0,0,0,4,4,27,31
alaca borsasi,0,0,0,0,3,,10.333333333333334
hal biber fiyatları,0,0,0,3,4,4.333333333333334,7
hal fiyati,0,0,0,3,3,2.333333333333333,5.666666666666667
alanya meyve sebze hali,0,0,0,1,6,11,10.333333333333334
a101 elma fiyatı,0,0,0,1,1,2,2
bezelyenin kilosu ne kadar,0,0,0,2,1,10.5,1
balıkesirde domates fiyatları,0,0,0,13,4,8,4.25
hal piyasa,0,0,0,1,0,8,
yaban mersini alan firmalar,0,0,0,1,0,3,
kokteyl domates,0,0,0,1,0,77,
kadıköy,0,0,0,1,0,5,
kabak kg,0,0,0,1,0,14,
bul,0,0,0,0,1,,6
patates borsası,4,4,0,32,45,7.34375,6.822222222222222
anadolu yakası hal,0,0,0,11,1,8.636363636363637,3
pirinç kilosu ne kadar 2026,0,0,0,2,3,6.5,8.666666666666668
buca hal,0,0,0,0,2,,35
pancar fiyat,0,0,0,0,3,,11
karpuz kg,0,0,0,4,1,43.5,42
1 ton eriği,0,0,0,5,0,6.4,
samsun,0,0,0,0,1,,5
mantar kompostu fiyat,0,0,0,1,0,3,
şok limon fiyatı,0,0,0,2,1,44,55
tarlada nohutun kilosu ne kadar,0,0,0,0,3,,7
kuşkonmaz nasıl yapılır,0,0,0,0,1,,2
yalova hali,0,0,0,2,0,8,
kozyatağı hal domates fiyatları,0,0,0,0,4,,9.5
temmuz ayında,0,0,0,0,1,,1
şok market sarımsak fiyatı,0,0,0,1,0,3,
trde var mı,0,0,0,0,1,,1
üzüm kilosu ne kadar 2026,1,1,0,22,19,2.090909090909091,3.3157894736842106
toptancı hali antalya,0,0,0,6,13,17,10.384615384615385
antalya meyve sebze hali,0,0,0,14,14,9.428571428571429,8.928571428571429
serik hal fiyat,0,0,0,0,1,,11
bozyazı hal fiyatları,0,0,0,5,2,34.6,29.5
elazig sebze hal fiyat,0,0,0,3,0,10,
antalya toptancı hal,0,0,0,3,9,6.666666666666667,7.222222222222222
yaban mersini kilo fiyatı,0,0,0,3,2,9.333333333333334,4.5
denizli kekik piyasası,0,0,0,1,2,11,11
washington portakalı,0,0,0,0,2,,16.5
barbunya ne kadar,0,0,0,11,15,8.636363636363637,9.6
2026 kayısı,0,0,0,5,0,6.8,
üzüm fiyatları ne zaman açıklanacak,0,0,0,4,2,3,7
ankara balık hali,0,0,0,13,38,10.846153846153847,11.289473684210526
gazipaşa günlük hal fiyatları,0,0,0,1,2,11,8
balık hali,0,0,0,0,1,,2
komisyon evi nedir,0,0,0,2,0,22,
armutun kilosu ne kadar,0,0,0,1,7,10,5.142857142857143
mersin halinde,0,0,0,7,6,11.142857142857142,13.166666666666666
polatlı ticaret borsası buğday fiyatları,0,0,0,1,0,59,
40 kilo et ne kadar,0,0,0,0,1,,8
tarsus hal fiyatları bugün,0,0,0,0,1,,4
salçalık biber fiyatı gaziantep,0,0,0,0,4,,4.5
çiğ olarak,0,0,0,0,1,,10
ayşekadın fasulye fiyat,0,0,0,4,0,7.75,
istanbul eriği,0,0,0,1,8,11,9
mazo biber,0,0,0,0,2,,1
uygun domates fiyatları,0,0,0,2,3,10.5,10.666666666666666
çilek fiyatları 2026,0,0,0,11,11,4.818181818181818,4.818181818181818
kadıköy sebze meyve hali,0,0,0,10,14,12.5,11.571428571428571
izmir balık hali fiyatları,0,0,0,7,3,9,12.666666666666666
adana sebze,0,0,0,11,3,10.545454545454545,10.666666666666666
patates kg kaç tl,0,0,0,0,1,,19
şataf limon fiyatları,0,0,0,4,1,7.75,8
kuşkonmaz üretimi,0,0,0,1,0,2,
mersin halinde salçalık biber ne kadar,0,0,0,4,7,8.75,8.857142857142858
isimleri,0,0,0,1,0,4,
üzüm fiyatları belli oldu mu,0,0,0,0,1,,11
karkas et fiyat,0,0,0,1,3,11,11.666666666666666
pazarda taze fasulyenin kilosu ne kadar,0,0,0,5,5,7.2,6.6
hale,0,0,0,1,0,1,
palamut ankara fiyat,1,1,0,8,18,8.125,7.611111111111111
trabzon sebze hali yol tarifi,0,0,0,3,1,8.333333333333332,7
altınova toptancı hali,0,0,0,2,0,32.5,
bal kabaginin kilosu ne kadar,0,0,0,6,10,6.333333333333333,5.2
arpanın kilosu ne kadar,0,0,0,0,1,,36
kavun fiyatı,0,0,0,22,22,3.9545454545454546,6.181818181818182
pink lady,0,0,0,1,0,1,
elma granny smith,0,0,0,1,0,42,
tarlada soğan ne kadar,0,0,0,1,0,7,
kilosu kaç tl,0,0,0,3,2,3.6666666666666665,3
malta eriği fiyatı,0,0,0,2,0,4.5,
meyve fiyatları,0,0,0,1,1,27,36
gazipaşa sebze fiyatları,0,0,0,1,0,9,
1 kasa,0,0,0,0,1,,1
ığdır kayısı fiyat,0,0,0,1,0,32,
barbunya nerede yetişir,0,0,0,0,1,,3
kizilcik ne demek,0,0,0,0,1,,3
kayseri sebze hali nerede,0,0,0,6,10,9.5,9.3
mandalin fiyat,0,0,0,3,0,8,
1 kg muz ne kadar,0,0,0,1,0,9,
hal fiyatları konya,2,2,0,55,28,2.2,2
kumluca hal fiyatları,0,0,0,6,5,19.5,18.4
market limon fiyatları,0,0,0,7,2,4.714285714285714,3
toptan nereden alabilirim,0,0,0,1,0,9,
trabzon halı,0,0,0,0,1,,20
ankara pazar fiyatları,0,0,0,4,9,5.5,5.444444444444445
tarsus nar fiyatları,0,0,0,1,8,4,5.875
taze fasulye kg fiyatı,0,0,0,7,2,10.571428571428571,11.5
evet fiyat bilgisi,0,0,0,1,0,1,
yeşil soğan fiyatı 2026,0,0,0,8,2,2.625,2
avokado kilosu ne kadar,0,0,0,1,2,2,11
denizli ticaret borsası nohut fiyatları,0,0,0,1,0,3,
1 8 karpuz ne kadar,0,0,0,3,0,9,
kapya biber fiyat,0,0,0,0,1,,3
antalya hal incir fiyatları,0,0,0,3,1,2.333333333333333,1
bahçelievler yenibosna,0,0,0,0,1,,8
turp beyaz,0,0,0,4,3,36.5,48
doğal kekik fiyatı,0,0,0,1,7,12,10
karnabahar,0,0,0,2,1,1.5,3
konya halı fiyatları,0,0,0,0,1,,7
çorum alaca ticaret borsası,0,0,0,0,1,,21
antep'te salçalık biberin kilosu ne kadar,0,0,0,5,0,1,
ham su kabağı fiyatları,0,0,0,1,0,4,
domates için,0,0,0,1,0,4,
nar kilosu,0,0,0,1,3,11,10
malatya erik ekşisi fiyatı,0,0,0,2,2,3.5,4
amasya hal telefonu,0,0,0,8,6,9.875,9.333333333333334
güncel demi,0,0,0,1,0,2,
carrefour vişne fiyatı,0,0,0,1,0,3,
yaş incir kilosu ne kadar 2026,0,0,0,4,7,6,8.142857142857142
evet araştır,0,0,0,0,1,,4
üzüm kaç,0,0,0,0,3,,5
1 ton kuru kayısı fiyatı,0,0,0,6,1,8.166666666666668,11
vişnenin kilosu ne kadar,0,0,0,3,0,55.666666666666664,
ödemiş hal,0,0,0,2,0,12,
taşova bamya fiyatları 2026,0,0,0,1,3,3,2.666666666666667
bamya fiyatı,0,0,0,0,1,,10
hal gov tr fiyat,0,0,0,6,19,7.333333333333333,6.315789473684211
hal fiyatları 2026,0,0,0,0,9,,33.55555555555556
hatay portakal fiyatları,0,0,0,3,1,34.666666666666664,6
ıskarta elma fiyatları,0,0,0,0,1,,11
fiyatları ne,0,0,0,1,0,2,
balkabağı nereden bulabilirim,0,0,0,1,0,11,
biber,0,0,0,2,0,1.5,
kavun kg fiyatı,0,0,0,29,4,8.206896551724139,11.75
konya hal müdürlüğü,0,0,0,3,0,24.333333333333332,
alanya hal fiyatları muz,0,0,0,0,2,,7
birecik patlıcan fiyatı,0,0,0,0,1,,3
edremit hal,0,0,0,0,4,,9.5
hal toptan,0,0,0,1,2,9,9
elazığ sebze meyve hali,0,0,0,3,2,6,7
istanbul karpuz fiyatları,0,0,0,4,1,26,10
ankara hal komisyoncuları telefonları,6,6,0,28,28,2.178571428571429,2.821428571428571
soğan fiyatları hal,0,0,0,2,0,9.5,
2023 kuru üzüm fiyatları,0,0,0,0,1,,7
mandalina fiyatı,0,0,0,2,3,8,7
kayısı kurusu fiyatı 2026,0,0,0,5,2,8,9.5
balıkesir meyveleri,0,0,0,1,0,32,
toply,0,0,0,1,0,1,
kendim yapacağım,0,0,0,1,0,1,
silifke limon fiyatları,0,0,0,14,14,8.714285714285715,8.928571428571429
lahana fiyat,0,0,0,10,2,7.8,20.5
manisa patlıcanı,0,0,0,0,3,,9.333333333333334
pancar kilosu ne kadar,0,0,0,1,0,48,
enginar fiyatları 2026,0,0,0,4,2,7.5,6
istanbul hal fiyatları 2023,0,0,0,7,0,37.714285714285715,
edirne canlı hayvan borsası fiyatları,0,0,0,0,9,,9
yeşil soğan fiyat,0,0,0,3,1,6.333333333333333,10
1300 kilo,0,0,0,1,0,5,
mango kilosu kaç tl,0,0,0,2,0,30.5,
tekirdağ borsası ayçiçek fiyatları,0,0,0,0,1,,41
istanbul hal limon fiyatları,0,0,0,0,6,,4.333333333333334
yaş incir kilosu,0,0,0,0,1,,4
karkas et fiyatı 2026,0,0,0,1,0,20,
pazarda kivi fiyatları,0,0,0,3,2,6,3
hangisi daha pahalı,0,0,0,1,0,1,
1 kilo sarımsak kaç tl 2026,0,0,0,5,1,3.2,5
sarımsak kilo fiyatı,0,0,0,16,1,8.9375,9
adana mandalina hal fiyatları,0,0,0,13,15,7.461538461538462,6.933333333333334
sarımsak fiyat 2026,0,0,0,16,20,4,5
şimdiki fiyat,0,0,0,1,0,2,
şeftali fiyatları 2026,1,1,0,29,26,3.2413793103448274,4.153846153846153
limonun kilosu kaç lira,0,0,0,1,0,7,
kuşkonmaz fiyat,0,0,0,52,7,10.73076923076923,13.428571428571429
buğday fiyatı,0,0,0,3,2,54.333333333333336,52
mısır taze a101,0,0,0,1,0,5,
polatlı soğanı,0,0,0,3,1,3.3333333333333335,3
salatalik fiyat,0,0,0,3,1,4.666666666666666,7
sarımsak fiyatları,0,0,0,19,8,11.736842105263158,21.25
sebze ve meyve hali,0,0,0,7,0,16.857142857142858,
vişne toptan fiyatı,0,0,0,3,1,3.6666666666666665,10
çanakkale balık hali,0,0,0,1,0,15,
kivircik,0,0,0,1,0,2,
ceyhan mısır fiyatları,0,0,0,0,2,,2
2026 vişnenin kilosu ne kadar,0,0,0,1,0,5,
meyve sebze hal,0,0,0,2,4,13,8.25
kozan sebze hali,0,0,0,2,0,18,
yaban mersini,0,0,0,0,2,,2
ankara et borsasi et fiyatları,0,0,0,0,1,,18
trabzon sebze hali nerede,0,0,0,1,4,12,10.5
çavdarın kilosu kaç para,0,0,0,0,1,,9
1 dönüm zeytinlik getirisi,0,0,0,1,0,2,
evde yapsam,0,0,0,0,1,,2
patatesin fiyatı ne kadar,0,0,0,5,0,8.6,
nohut piyasa fiyatları,0,0,0,0,1,,11
portakal kaç tl,0,0,0,0,2,,11
tl,0,0,0,2,1,2,8
50 kilo domates,0,0,0,0,7,,8
kirazin kilosu kac lira,0,0,0,1,0,1,
batman hal fiyatları,0,0,0,0,1,,6
halde patates fiyatları,0,0,0,7,17,4.857142857142858,4.0588235294117645
şokta karpuz fiyatları,0,0,0,3,0,2,
bolu hal fiyatları,0,0,0,17,14,6,5
1 marul kaç tl,0,0,0,0,2,,10
ıspanak kg,0,0,0,0,2,,11
mersin hali domates fiyatı,0,0,0,4,11,11,8.636363636363637
bamya fiyatlari,0,0,0,0,1,,10
karacabey soğan fiyatları,0,0,0,1,0,37,
hal 8,0,0,0,0,1,,7
tarla fiyatı,0,0,0,0,2,,1
toptan gıda fiyatları 2025,0,0,0,1,5,30,27.2
kabak evi fiyatları,0,0,0,2,0,5,
patates pazar fiyatı,0,0,0,1,4,7,5.75
ahududu fiyatları,0,0,0,3,0,8,
kayısı piyasası,0,0,0,5,1,7.4,11
karaman elma fiyatları,0,0,0,2,2,9,6
seftali kg,0,0,0,1,0,3,
izmit hal,0,0,0,35,30,9.314285714285715,10.5
adana sebze meyve hali fiyatları,0,0,0,2,1,50,4
yaban mersini kg fiyatı,0,0,0,1,1,4,11
manisa turgutlu,0,0,0,0,1,,2
bursa domatesi hal fiyatı,0,0,0,0,3,,9.333333333333334
antalya erik fiyatları,0,0,0,3,0,5.333333333333333,
salkım,0,0,0,1,0,3,
20000,0,0,0,0,1,,2
taze fasulye fiyat,0,0,0,2,1,9.5,4
kahramanmaraş domates fiyatları,3,3,0,8,5,3.125,2.8
manisa akhisar,0,0,0,1,0,6,
fasulye hal fiyatları,0,0,0,6,10,4.333333333333334,5.3
2026 karpuz fiyatları,0,0,0,0,1,,4
taze böğürtlen fiyatı,0,0,0,4,11,7.25,6.2727272727272725
korkuteli sebze meyve hali,0,0,0,0,1,,41
salçalık biber fiyatları gaziantep,0,0,0,0,1,,5
hal bülteni ankara,0,0,0,14,15,4.285714285714286,3.7333333333333334
ankara et fiyatları,0,0,0,3,2,10.333333333333334,10.5
canlı dana fiyatı,0,0,0,0,1,,1
güncel üzüm fiyatları,0,0,0,9,9,5.222222222222222,5.888888888888889
yerli,0,0,0,0,2,,1
bamya pazar fiyatı,0,0,0,7,6,10.142857142857142,8.333333333333332
mısır kg fiyatı,0,0,0,1,0,3,
balık halinde fiyatlar,0,0,0,0,1,,8
kayseri salçalık domates fiyatı,0,0,0,5,3,8.8,9.333333333333334
antalya toptan,0,0,0,0,1,,3
mersin hal şubesi,0,0,0,1,0,13,
mersin hali meyve fiyatları,0,0,0,1,4,7,9
kg fiyatı,0,0,0,2,0,2,
yalovs,0,0,0,0,1,,1
malatya kayısı fiyatları son dakika,0,0,0,1,2,1,10.5
kaç kilo domatesten 1 kilo salça çıkar,0,0,0,0,1,,3
ısparta sebze meyve hali,0,0,0,6,10,10,8.9
dereotu fiyat,0,0,0,0,3,,13
malatya da kayısı fiyatları son durum,0,0,0,3,2,10,10.5
tariş kuru üzüm fiyatı 2026,0,0,0,1,0,3,
kabak kilosu kaç tl,0,0,0,0,2,,10.5
kuru kayısı fiyatı 2026,0,0,0,4,0,9,
limon borsası,0,0,0,2,4,5.5,7.25
yenimahalle toptancı hali,0,0,0,3,0,33,
a101 domates fiyatı 2026 fiyatları,0,0,0,3,2,3.3333333333333335,3
200 kilo buğday fiyatı,0,0,0,1,0,10,
biber fiyatları 2026,0,0,0,20,5,7.6,7.8
limon piyasası nedir,0,0,0,3,3,8.333333333333332,7.666666666666667
domates kokteyl,0,0,0,1,1,45,45
siyah erik kilosu ne kadar,0,0,0,0,2,,1
halde mısır fiyatları,0,0,0,1,0,4,
tariş üzüm fiyatları 2026,0,0,0,14,2,10.428571428571429,2
mersin hal salçalık biber fiyatı,0,0,0,0,9,,8.666666666666668
sarımsak güncel fiyat,0,0,0,1,0,5,
ton eriği,0,0,0,0,1,,5
kuşkonmaz kilosu ne kadar,0,0,0,9,0,11.333333333333334,
bayrampaşa hal,1,1,0,17,58,11.352941176470589,8.586206896551724
sebze hali,0,0,0,137,90,9.291970802919709,8.7
ticaret amaçlı,0,0,0,1,0,3,
tavuk sote,0,0,0,0,1,,1
tariş incir fiyat listesi,0,0,0,1,0,2,
bozyazı muz fiyatları,0,0,0,4,2,10,8.5
pazarda kuru soğan fiyatları,0,0,0,4,4,7.25,6.25
diyarbakır hal pazarı,0,0,0,19,26,9.526315789473685,9.346153846153847
fiyatı nasıl,0,0,0,0,1,,1
hal listesi,0,0,0,2,2,2.5,6.5
golden cinsi,0,0,0,0,1,,3
tariş üzüm birliği genel müdürü,0,0,0,1,0,2,
kuzu karkas fiyatları,0,0,0,3,4,11,10.75
bursa domatesi ne kadar,0,0,0,6,5,7.666666666666667,6
kastamonu sarımsak fiyatları,0,0,0,1,0,2,
kayisi fiyat,0,0,0,0,1,,8
ayva kg fiyatı,0,0,0,0,6,,9.333333333333334
osmaniye hal komisyoncuları,0,0,0,0,1,,4
2026 guncel,0,0,0,1,0,1,
adana konservelik domates fiyatları,0,0,0,3,3,18.333333333333332,6.666666666666667
şeftali kg fiyatı,0,0,0,5,1,7.2,15
çilek satış,0,0,0,1,0,4,
ankara sebze,0,0,0,1,1,3,9
havuç fiyat,0,0,0,1,1,11,19
adana da mısır fiyatları,0,0,0,1,0,2,
hal fiyatları kahramanmaraş,1,1,0,12,8,2.5,2
kivi fiyatları,0,0,0,23,19,8.26086956521739,6.2105263157894735
yamula patlıcanı fiyatı,0,0,0,11,0,8.272727272727273,
buharkent hal fiyatları,0,0,0,1,0,8,
burdur hal fiyatları,0,0,0,7,0,28.142857142857142,
patates alım fiyatı,0,0,0,2,2,5.5,6
albion,0,0,0,1,0,4,
karatay belediyesi toptan sebze ve meyve hali,0,0,0,11,6,10.636363636363637,12.333333333333334
adana bamya fiyatları,0,0,0,0,2,,7.5
kınık hal fiyatları,0,0,0,1,1,52,55
hal antalya,0,0,0,13,11,8.307692307692307,10.090909090909092
2026,0,0,0,1,3,3,4
hal 25,0,0,0,0,1,,11
pazarlarda,0,0,0,1,1,6,1
alaca ticaret borsası,0,0,0,8,4,12.375,16.25
artvin patatesi,0,0,0,0,1,,43
izmir seferihisar,0,0,0,0,1,,10
toptan arpacik soğan fiyatları,0,0,0,15,1,7.6,10
adıyaman hal pazarı,2,2,0,22,27,5.545454545454546,5.2592592592592595
böğürtlen kilo,0,0,0,1,0,8,
tarla domatesi fiyatları,0,0,0,7,2,5.714285714285714,8.5
toptan fiyat,0,0,0,1,1,2,8
konya merkez,0,0,0,1,0,1,
kemikli kuzu eti fiyatı,0,0,0,1,0,38,
toptan kekik,0,0,0,1,3,11,7.333333333333333
vişne kilosu ne kadar 2026,0,0,0,2,0,5,
bu gün,0,0,0,0,1,,6
mersin hal meyve fiyatları,0,0,0,3,6,7.666666666666667,8.833333333333332
sarimsak kilo,0,0,0,1,0,1,
yatay şeftali,0,0,0,0,1,,5
marul hal fiyatları,0,0,0,6,2,50.833333333333336,5.5
ankara hali sebze meyve fiyatları,0,0,0,0,2,,4.5
kokteyl domates fiyatı,0,0,0,1,0,1,
tokat sebze meyve hali,0,0,0,6,7,6.666666666666667,7
samsun çarşamba sebze meyve hali,0,0,0,3,3,11,8.666666666666668
barbunya pazarda kaç para,0,0,0,0,4,,2.5
kültür mantar üretim tesisi maliyeti 2026,0,0,0,1,1,3,3
bu değil diğeri,0,0,0,0,1,,3
bursa incir fiyatları,0,0,0,1,7,5,5.285714285714286
konya meyve sebze hali,0,0,0,10,13,8.3,9.076923076923077
mersin halinde salçalık biberin kilosu ne kadar,0,0,0,0,3,,10.666666666666666
üzüm,0,0,0,2,2,8,3
ankara etimesgut,0,0,0,1,1,5,9
barbunya fiyati,0,0,0,6,8,10.666666666666666,9.5
kahramanmaraş incir fiyatları,0,0,0,0,1,,11
gaziantep ticaret borsası mercimek fiyatı,0,0,0,20,5,9.85,9.6
siyah domates kg fiyatı,0,0,0,5,1,5.8,10
mantar çeşitleri ve fiyatları,0,0,0,2,0,27,
muz kg fiyatı,0,0,0,5,3,9,11.333333333333334
mersin hali sebze fiyatları,0,0,0,4,4,8.75,8.25
sargoz,0,0,0,1,0,2,
kahramanmaraş'ta salçalık biberin kilosu ne kadar,0,0,0,0,1,,6
bogurtlen fiyat,0,0,0,6,1,7.5,7
ahududu kilo fiyatı,0,0,0,0,1,,17
taşköprü sarımsağı fiyat 2026,0,0,0,1,0,3,
istanbulda karkas et fiyatlari,0,0,0,1,3,37,36.333333333333336
bursa hamsi fiyatları,0,0,0,7,0,5.857142857142857,
golden elma,0,0,0,1,0,6,
çilek hal fiyatı,0,0,0,4,2,3,6.5
kayseri hal telefon numarası,0,0,0,19,10,6.842105263157895,7.4
eriğin kilosu kaç lira,0,0,0,1,0,4,
birton erik özellikleri,0,0,0,0,1,,3
2026 mısır fiyatı,0,0,0,39,39,9.512820512820513,9.487179487179487
patates fiyatları 2022,0,0,0,2,0,4,
muz kilosu ne kadar 2026,0,0,0,7,8,2.7142857142857144,2.25
bir kilo kiraz ne kadar,0,0,0,0,2,,5
toptan kuru soğan fiyatları,1,1,0,3,1,2.333333333333333,1
1 ton elma kaç tl,0,0,0,0,4,,6
birecik sebze hali komisyoncuları,0,0,0,8,5,10.75,11.4
adana patates fiyatları,0,0,0,8,8,7.75,3.75
pazı fiyatı,0,0,0,8,1,5.75,6
soğan piyasası,6,6,0,33,32,3.5454545454545454,3.59375
antalya üretici firmalar,0,0,0,1,2,13,7
yerli domates fiyatları,0,0,0,12,12,7.583333333333333,7.083333333333333
sungurlu borsası nohut fiyatları,0,0,0,0,3,,9.333333333333334
manisa üzüm borsası fiyatları,0,0,0,1,0,3,
yeşil barbunya fiyatları,0,0,0,0,1,,4
gaziantep et fiyatları,0,0,0,6,13,8.166666666666668,9.384615384615385
mantar yetiştirme kursu,0,0,0,1,0,3,
migros çilek,0,0,0,1,0,7,
yeşil fasulye kilosu,0,0,0,1,0,30,
haziran ayında,0,0,0,0,1,,4
patates kaç para,0,0,0,2,6,6,27.5
salçalık domates kasa fiyatları,0,0,0,13,1,7.615384615384615,8
kuş konmaz otu,0,0,0,0,1,,2
kayısı güncel,0,0,0,0,1,,4
finike domates,0,0,0,4,2,8.5,10.5
salçalık domates kaç para,0,0,0,0,1,,10
amasya meyve sebze hali,0,0,0,2,15,9,9.2
üzüm fiyatı ne kadar,0,0,0,6,12,6.166666666666667,6.583333333333333
süt mısır kaç tl,0,0,0,1,0,2,
avokado hal fiyatı,1,1,0,16,10,9.75,2
bayrampaşa sebze hali,0,0,0,4,5,17.5,8.2
toptancı hal ankara,0,0,0,20,6,9.75,10.666666666666666
bir kilo muz kaç tl,0,0,0,1,0,6,
polatlı ticaret borsası günlük bülten,0,0,0,1,0,29,
bahçe domatesi fiyat,0,0,0,0,1,,2
kekik fiyat,0,0,0,10,3,7.4,9.666666666666666
misket,0,0,0,0,1,,2
aydın kuru incir fiyatları,0,0,0,1,1,2,2
cin biberi,0,0,0,4,1,2,2
ödemiş hal fiyatları,0,0,0,1,0,11,
nohut alım fiyatı 2026,0,0,0,2,1,11.5,11
ısparta toptancı,0,0,0,7,5,10.714285714285714,9.8
kayseri'de,0,0,0,0,1,,10
karpuz fiyati,0,0,0,2,1,4.5,8
toptancı hali yol tarifi,0,0,0,0,1,,11
bursa patlıcanı,0,0,0,0,3,,8.666666666666668
bu sene üzüm fiyatları,0,0,0,10,6,7.6,6.166666666666667
boncuk ayşe fasulye fiyatları,0,0,0,0,1,,2
domates fiyatı ankara,0,0,0,1,3,10,3
adana kavun fiyatları,0,0,0,2,0,11,
mor soğan hal fiyatları,0,0,0,5,1,4.6,3
adana hal kataloğu,0,0,0,5,4,5.8,4.75
kavun fiyat,0,0,0,7,2,8.857142857142858,10
kuzu eti karkas fiyatı 2026,0,0,0,1,0,9,
taze bezelye fiyatı,0,0,0,3,1,7,18
avokado kaç para,0,0,0,0,1,,16
fiyat ortalaması nedir,0,0,0,0,1,,3
adana hal telefon numarası,0,0,0,8,12,8.5,7
hünnap hal fiyatları,2,2,0,18,25,2.666666666666667,2.3200000000000003
salatalık hal fiyatları,0,0,0,8,4,39.5,6
konya borsası fasulye fiyatları,0,0,0,0,3,,37.666666666666664
organik bal kabağı fiyatı,0,0,0,4,2,8.25,6
armut kilosu kaç tl,0,0,0,0,2,,7.5
brokoli kilosu kaç tl,0,0,0,9,2,6.888888888888889,7
sebze hali adana,0,0,0,22,18,9.045454545454545,7.277777777777778
diyarbakır meyve sebze hali,0,0,0,3,4,8,9.75
yeşil fasulye kaç tl,0,0,0,1,0,11,
kasa domates,0,0,0,0,1,,2
yaş incir fiyatları,0,0,0,3,6,4.333333333333334,13
manisa üzüm fiyatları,1,1,0,5,12,9.4,4.666666666666666
siyah incir,0,0,0,1,0,7,
kabak kaç tl,0,0,0,2,6,9.5,6.5
1 diş sarımsak ne kadar,0,0,0,0,1,,1
2026 2027,0,0,0,0,1,,3
düzce perşembe pazarı,0,0,0,0,1,,2
konya adnan menderes hali,0,0,0,3,0,8.666666666666668,
kızılcıktan ne yapılır,0,0,0,1,0,3,
malatya şire pazarı kayısı fiyatları,0,0,0,1,0,79,
yeşil fasulyenin kilosu ne kadar,0,0,0,2,0,20,
gaziantep et fiyatları 2026,0,0,0,0,1,,20
patatesin kilosu kaç tl,0,0,0,0,4,,7.75
istanbul toptancı hali,0,0,0,5,3,5.6,10.333333333333334
marul ne kadar,0,0,0,16,24,6.4375,8.833333333333332
ne kadar bu,0,0,0,1,0,2,
armut ne kadar,0,0,0,1,3,9,7.333333333333333
artvin beyaz patates,0,0,0,0,3,,36
bafra sebze hali,0,0,0,1,1,11,13
konya fasülye borsası,0,0,0,0,2,,14
mor soğan fiyatı,0,0,0,5,3,1,8
kooperatif patates fiyatı,0,0,0,0,2,,9
yenikapı balık hali fiyatları,0,0,0,1,1,1,37
istanbul anadolu yakasi hal fiyatları,0,0,0,0,3,,6.666666666666667
mandalina bursa,0,0,0,0,1,,11
2026 pancar alım fiyatı,0,0,0,1,0,3,
borsalarda buğday fiyatları,0,0,0,0,1,,60
patates kilo fiyat,0,0,0,0,1,,10
edirne toptancılar,0,0,0,0,1,,13
25 tl nar,0,0,0,1,2,16,16
limon market fiyatları,0,0,0,1,3,11,13
kuzu karkas et fiyatı,0,0,0,1,3,11,10
hal de,0,0,0,0,2,,1
karpuz kilosu ne kadar 2026,0,0,0,2,3,2,4
nereye satabilirim,0,0,0,0,1,,2
hal 40,0,0,0,1,0,8,
bursa su ürünleri hali,0,0,0,2,0,48,
balıkesir meyve sebze hali,0,0,0,12,4,4.166666666666666,3.5
karpuz fiyat 2026,0,0,0,2,0,2.5,
sivas hal,0,0,0,82,64,5.2439024390243905,5.1875
finike portakal,0,0,0,1,0,14,
itb üzüm işlem salonu,0,0,0,3,0,4,
izmir salçalık domates fiyatları,0,0,0,2,0,14,
muz kaç lira,0,0,0,2,2,8,9.5
mersin limon fiyat,0,0,0,4,0,6,
hal no,0,0,0,5,2,3.6,3
barbunya kilosu,0,0,0,3,4,9,10
denizli merkezefendi,0,0,0,1,0,1,
arpa borsa fiyatları,0,0,0,0,1,,40
pahalımı,0,0,0,0,1,,2
hal yol tarifi,0,0,0,2,7,6,9.142857142857142
kivi,0,0,0,2,0,3,
kuru patlican fiyat,0,0,0,1,0,2,
antep biber salçası kilo fiyatı,0,0,0,0,1,,3
turşuluk biber fiyatları,0,0,0,0,2,,3
ahududu ne kadar,0,0,0,4,0,9.75,
hal de domates fiyatı,0,0,0,10,8,4.8,5.25
muşmula fiyatı,0,0,0,3,9,7.666666666666667,9.444444444444445
2026 kuzu kesim fiyatları,0,0,0,1,0,10,
yaban mersini kilosu kaç para,0,0,0,1,0,22,
birecik patlıcanı satın al,0,0,0,1,0,6,
1 kilo erik kaç tl,0,0,0,13,16,7.076923076923077,6.5
kivi kilosu,0,0,0,1,1,1,17
bir kilo kabuklu barbunyadan ne kadar iç çıkar,0,0,0,0,1,,3
kabak kurusu fiyatı,0,0,0,1,0,3,
kivi ne kadar,0,0,0,2,2,14.5,16
osmaniye meyve sebze hali,0,0,0,10,4,8.4,8.5
gaziantep nohut fiyatları,0,0,0,2,0,32.5,
aysberk marul,0,0,0,0,4,,6.5
konya ereğli salçalık domates fiyatları,0,0,0,3,6,11,10.666666666666666
konya ticaret borsası anlık nohut fiyatları,0,0,0,1,0,2,
kıvırcık marul hal fiyatları,0,0,0,0,7,,32.714285714285715
salçalık domates ne kadar,0,0,0,3,14,7.333333333333333,7.071428571428571
mersin hal fiyatları meyve,0,0,0,3,2,9.666666666666666,5.5
ktb nohut fiyatları,0,0,0,1,0,4,
sungurlu buğday borsası fiyatları,0,0,0,0,6,,7.833333333333333
bir sandık domates kaç kg,0,0,0,1,0,11,
kıraz,0,0,0,5,1,10.4,12
ayva migros,0,0,0,1,0,4,
böğürtlen kilo fiyatı,0,0,0,3,6,6.333333333333333,6.333333333333333
mantar kg,0,0,0,0,1,,11
kirazın kilosu ne kadar 2026,0,0,0,0,2,,2.5
güncel biber fiyatları,0,0,0,1,0,5,
osmaniye hal pazarı,0,0,0,12,1,11.166666666666666,11
yaban mersini tarla fiyatı,0,0,0,1,1,1,1
istanbul eylül ayı,0,0,0,0,1,,3
adana tane mısır fiyatları,0,0,0,0,2,,9
1 kg portakal,0,0,0,1,1,74,70
fasulyenin kilosu ne kadar,0,0,0,0,2,,11
süs biberi fiyatı,0,0,0,0,1,,3
fiyat durumu,0,0,0,1,0,2,
elmalı hal fiyatları,0,0,0,8,14,50.375,62.5
pazarda patlıcan fiyatları,0,0,0,9,9,6.777777777777778,8.11111111111111
iskenderun sebze hali yol tarifi,0,0,0,0,5,,10.2
istanbul erik,0,0,0,1,0,3,
izmir sebze hali telefon numarası,0,0,0,11,3,6.909090909090909,4.333333333333334
böğürtlen nerede satılır,0,0,0,1,0,22,
bal kabağı fiyatı migros,0,0,0,0,1,,3
sera mi,0,0,0,0,1,,8
diyarbakır sebze meyve hali yol tarifi,0,0,0,1,7,7,10.714285714285714
kilosu ne kadar,0,0,0,10,8,2.1,4.75
nevşehir ticaret borsasi anlık fiyatları,0,0,0,2,0,10.5,
kayseri yesil fasulye fiyatlari,0,0,0,2,0,6.5,
hayir yok,0,0,0,1,0,1,
balıkesir hali,0,0,0,2,0,12,
2026 kayısı fiyatları,0,0,0,14,2,4.214285714285714,2
salçalık biber hal fiyatları,0,0,0,3,5,82,5.4
kayısı fiyatları ne kadar,0,0,0,2,0,9.5,
taze mısır nerede bulunur,0,0,0,2,0,6.5,
mürdüm eriği kilosu,0,0,0,1,1,12,3
roka tohumu 1 kg,0,0,0,2,0,3,
izmir buca hal,0,0,0,2,0,34.5,
brokoli kg fiyatı,0,0,0,7,6,5.571428571428571,6
çilek fiyatları,0,0,0,32,36,9.9375,19.88888888888889
2026 yıl,0,0,0,0,1,,6
yeşil soğan fiyatı,0,0,0,1,0,8,
limon kaç para,0,0,0,2,2,5.5,1
limon piyasası 2026,0,0,0,9,7,7.333333333333333,5.571428571428571
2026 nohut alım fiyatları,0,0,0,0,1,,10
ayşekadın fasulye kaç lira,0,0,0,2,1,8,9
mersinde salçalık biber fiyatları,0,0,0,7,11,7.142857142857143,10.090909090909092
tmo nohut alım fiyatı,0,0,0,1,0,3,
patlıcan kilosu ne kadar 2026,0,0,0,12,25,2.75,3
konya nohut fiyatları,0,0,0,1,2,9,6.5
antalya komisyoncular derneği,0,0,0,1,1,42,14
gaziantep mısır fiyatları,0,0,0,1,0,2,
istanbul bayrampaşa sebze hali,0,0,0,1,0,12,
mango ne kadar,0,0,0,1,3,19,9.666666666666666
karacabey sebze meyve hali,0,0,0,0,9,,10.555555555555555
bal kabağı kilosu ne kadar 2025,0,0,0,3,0,5.666666666666667,
limon fiyatları tarım ziraat,0,0,0,4,37,8.25,9.72972972972973
konaklı toptancı hali,0,0,0,1,0,40,
erzurum sebze hali telefon numarası,0,0,0,13,10,5.6923076923076925,4.5
anamur muzu kilosu,0,0,0,0,1,,46
kuru bamya fiyatı 2026,0,0,0,2,0,12,
mersin anamur,0,0,0,0,1,,8
et borsası fiyatları,0,0,0,3,2,15.666666666666666,11
tmo yulaf fiyatları,0,0,0,0,2,,10.5
taneli mısır fiyatı,0,0,0,0,3,,7
pancar fiyatları 2026,0,0,0,1,13,11,8.23076923076923
kuru üzüm fiyatı,0,0,0,2,0,29,
vişne kaç para,0,0,0,0,1,,10
kivinin kilosu kaç tl,0,0,0,4,3,10.25,13.333333333333334
2026 incir fiyatı,0,0,0,0,5,,6.4
salçalık domates kaç tl,0,0,0,0,4,,6.5
mersin hal iletişim,1,1,0,7,8,8.142857142857142,8
ankara eriği,0,0,0,0,3,,7
reyhan ayas,0,0,0,0,1,,30
yeşil fasulye fiyatları,0,0,0,4,2,9.5,3.5
ananas fiyati,0,0,0,0,1,,17
140 kilo,0,0,0,1,0,1,
sebze meyve hal fiyatları,0,0,0,4,3,7,6.666666666666667
elma starking nedir,0,0,0,1,0,11,
yaş incir fiyatı 2026,0,0,0,26,22,4.6923076923076925,5.454545454545454
mayer limon fiyatlari,0,0,0,1,24,5,5.083333333333333
domates kurusu fiyatı,0,0,0,0,5,,2
izmir hal bülteni fiyatları,0,0,0,0,9,,9.333333333333334
ankara patates fiyatları,0,0,0,4,4,7.25,4.75
siyah üzüm fiyatı,0,0,0,1,1,3,5
1 kasa şeftali kaç kilo,0,0,0,2,0,8.5,
konya bozkır,0,0,0,0,1,,1
eskişehir sebze meyve hali,0,0,0,19,16,11.842105263157896,5.6875
fiyatı ne,0,0,0,1,1,2,1
taze beyaz barbunya,0,0,0,1,0,3,
turp kilosu ne kadar,0,0,0,2,2,1,5.5
toptan yaban mersini fiyatları,0,0,0,4,0,3.25,
2 ton,0,0,0,1,0,4,
kara erik şurubu fiyatları,0,0,0,1,0,3,
edirne ticaret borsası kuzu fiyatları,0,0,0,0,4,,9.75
konya ticaret borsası fasulye fiyatları,0,0,0,3,2,2.333333333333333,11
limon ihracatı ne zaman başlayacak,0,0,0,0,1,,3
nohut fiyatı,0,0,0,0,2,,45.5
en yakın sebze hali,0,0,0,13,5,9.692307692307692,9.4
izmir hal fiyat,0,0,0,8,14,9.125,8.642857142857142
kuru üzüm,0,0,0,0,1,,4
çorum ticaret borsası ayçiçek fiyatları,0,0,0,0,1,,9
yaş üzüm alım fiyatları,0,0,0,0,9,,5.888888888888889
siirt sebze hali yol tarifi,0,0,0,6,8,9.666666666666666,9.125
toptancı hali,0,0,0,38,16,9.31578947368421,7.875
ısparta sebze hali,0,0,0,9,7,8.88888888888889,8.285714285714285
pazarda meyve sebze fiyatlari,0,0,0,0,2,,5
domates kaç tl,0,0,0,7,13,7,6.923076923076923
pazarda fasulye fiyatı,0,0,0,14,6,4.214285714285714,4.166666666666666
kayısı fiyat,0,0,0,1,4,11,8.5
1 kasa üzüm kaç kg,0,0,0,3,1,10,3
adana sebze hali fotoğraflar,0,0,0,2,3,10.5,10.333333333333334
çarşamba sebze hali,0,0,0,7,5,10.857142857142858,10.2
patates al,0,0,0,0,1,,41
alaşehir üzüm fiyatları,0,0,0,1,1,3,2
kizilcik fiyati,0,0,0,5,1,5.6,5
edirne,0,0,0,0,1,,5
çukurova mısır fiyatları,0,0,0,1,1,11,6
kuşkonmaz,0,0,0,5,13,2,2
armut domates fiyatı,0,0,0,9,13,1.1111111111111112,2.4615384615384617
pamuk fiyatları 2022,0,0,0,0,1,,69
kabak fiyat,0,0,0,4,2,4.5,7.5
düzce sebze hali,0,0,0,2,2,13,11.5
kırıkkale halde salçalık domates fiyatları,0,0,0,0,1,,3
2021 domates fiyatları,0,0,0,0,2,,7.5
a101 patates fiyatı,0,0,0,0,1,,27
antalya hal fiyat listesi,0,0,0,1,1,54,46
hal.gov.tr fiyat,0,0,0,28,28,5.678571428571429,6.035714285714286
üzüm kilosu kaç tl,0,0,0,3,1,11.333333333333334,7
vişnenin fiyatı ne kadar,0,0,0,2,0,4.5,
bamyanın kilosu,0,0,0,0,1,,2
elma fiyatı ne kadar,0,0,0,1,1,7,10
alaca ticaret borsasi ürün fiyatları,0,0,0,5,3,11.4,9.666666666666666
izmir borsası üzüm fiyatları,0,0,0,1,0,50,
kuzu kesim fiyatları ankara,0,0,0,3,4,9.666666666666666,11
adana sebze hali fiyat listesi,0,0,0,1,2,12,27.5
kırkağac,0,0,0,1,0,1,
fasulye fiyatı 2026,0,0,0,19,19,3.4210526315789473,3.210526315789474
adana incir fiyatları,0,0,0,10,1,7.7,7
türkiye de ne kadar,0,0,0,0,1,,3
malatya sebze hali yol tarifi,0,0,0,21,18,9.857142857142858,10.666666666666666
çekirdeksiz karpuz fiyatı,0,0,0,1,0,7,
bursa hal çalışma saatleri,0,0,0,0,1,,10
kuşkon,0,0,0,0,1,,4
tekirdağ buğday fiyatları,0,0,0,3,0,2,
domates kilosu ne kadar,0,0,0,6,2,9.666666666666666,4.5
patatesin kilosu ne kadar,0,0,0,55,5,9.636363636363637,6.4
kızılcığın faydaları,0,0,0,2,1,3,3
mürdüm eriği kilosu kaç tl,0,0,0,0,2,,11
kıl sivri biber fiyatları,0,0,0,2,0,7,
ıspanağın kilosu ne kadar,0,0,0,4,2,1,10
mercimek toptan fiyatı,0,0,0,1,0,1,
fotoraf göster,0,0,0,1,0,1,
13 eylül,0,0,0,0,1,,8
bir ton kayısı kaç tl,0,0,0,1,1,1,2
cin biberin kilosu ne kadar,0,0,0,2,6,4,4.333333333333334
kumluca toptancı hal fiyatları,0,0,0,1,0,32,
pazarda soğan fiyatı,0,0,0,0,3,,7.333333333333333
silor salatalık fiyatı,0,0,0,12,11,3.9166666666666665,4.636363636363637
ereğli sebze hali,0,0,0,15,8,10.2,10.25
üreticisi,0,0,0,1,0,5,
anamur çilek fiyatı,0,0,0,4,5,62.5,64.4
istanbul da kaç tane hal var,0,0,0,1,5,5,6.2
ahududu fiyat,0,0,0,5,0,8,
buğday kilosu ne kadar,0,0,0,2,0,40,
taze fasulye kaç lira,0,0,0,0,1,,6
güncel,0,0,0,1,1,5,1
muz kilosu,0,0,0,1,0,5,
taş köprü sarımsağı fiyat,0,0,0,1,0,1,
amasya hal fiyatları 2026,0,0,0,1,15,10,8.133333333333333
turşuluk kornişon fiyatları,0,0,0,27,4,7.851851851851852,10.75
a101 erik fiyatı,0,0,0,1,1,3,5
mersin borsa nohut fiyatları,0,0,0,1,0,2,
kültür mantarının kilosu ne kadar,0,0,0,7,3,6.714285714285714,1
elmalı domates fiyatları,0,0,0,1,0,7,
salçalıl domates,0,0,0,0,1,,4
gazipaşa belediyesi hal fiyatları,0,0,0,1,1,11,10
ankara toptanci hali,0,0,0,4,9,12.5,9.222222222222221
kekik fiyatı ne kadar,0,0,0,1,0,9,
kuru sogan fiyati,0,0,0,2,2,3.5,9
16 ton,0,0,0,1,0,3,
güncel karpuz fiyatları,0,0,0,1,2,1,1
manisa üzüm borsası,0,0,0,2,1,2,2
washington portakal fiyatları,0,0,0,4,4,20.5,9
ankara canlı baskül kuzu fiyatları,0,0,0,0,1,,21
karpuz kilosu kaç tl 2026,0,0,0,7,4,4.428571428571429,5
satmak icin,0,0,0,1,0,3,
izmir büyükşehir belediyesi hal fiyatları,0,0,0,1,0,10,
limon çeşitleri,0,0,0,0,1,,1
w murcott fiyatları,0,0,0,10,8,8.4,6.375
konya karpuz fiyatları,0,0,0,8,0,12.875,
antalya hal fiyat,0,0,0,1,0,29,
1 kg,0,0,0,0,1,,5
kavunun kilosu kaç para,0,0,0,7,4,8.857142857142858,10.75
karkas fiyat,0,0,0,0,1,,21
kaç tl gelir,0,0,0,0,1,,1
yaş kekik kilosu ne kadar,0,0,0,0,1,,1
mersin erdemli limon fiyatları,0,0,0,15,3,5.333333333333333,5
yemeklik incir fiyatları,0,0,0,1,0,2,
دينزلي,0,0,0,0,1,,6
bursa domatesin kilosu ne kadar,0,0,0,4,3,8,5
golden güncel,0,0,0,0,2,,31.5
toptan incir fiyatları,1,1,0,10,10,5.2,5.9
sofralik,0,0,0,1,0,2,
kuskonmaz fiyati,0,0,0,2,0,8.5,
rize mersin,0,0,0,0,1,,8
karpuzun kilosu ne kadar,0,0,0,1,4,25,19.75
yeşil elma fiyat,0,0,0,1,0,1,
a101 patlıcan fiyatı,0,0,0,3,2,10,43
sungurlu borsa,0,0,0,1,0,9,
kızılcık nereden alınır,0,0,0,1,0,3,
kilo tomaten,0,0,0,0,1,,1
mersin sebze hal,0,0,0,6,6,9,6.333333333333333
ne kadara satılıyor,0,0,0,0,1,,5
bursa pazar fiyatları,0,0,0,0,1,,6
sarimsak kilosu,0,0,0,1,0,8,
malatya kayısısı,0,0,0,0,1,,3
muğla sebze hali,0,0,0,1,2,7,9.5
kapçık fasulye fiyatı,0,0,0,0,1,,5
kumluca hali sebze fiyatları,0,0,0,1,1,16,13
manisa toptancı hali,0,0,0,3,5,7,5
türkiye,0,0,0,0,1,,5
karabük köyleri,0,0,0,0,1,,10
kekik kaç tl,0,0,0,0,2,,9
yatak limon nedir,0,0,0,2,2,29,33
tarladan patates fiyatları,0,0,0,1,1,8,6
şeftali kilosu kaç tl,0,0,0,41,22,6.2682926829268295,7.2272727272727275
antalya kumluca hal fiyatları,0,0,0,1,0,33,
mor soğan fiyatları,0,0,0,6,8,16.833333333333336,7.125
kiraz kg,0,0,0,14,8,7.285714285714286,6.375
limonun kg fiyatı,0,0,0,2,1,8.5,11
soğan güncel fiyat,0,0,0,0,1,,1
piyasadan,0,0,0,1,0,1,
böğürtlenin kilosu ne kadar,0,0,0,13,1,7.3076923076923075,11
sebze hali istanbul,0,0,0,6,12,8.666666666666668,9.75
kiraz fiyatı 2026,0,0,0,2,1,2.5,5
bezelye fiyatı 2026,1,1,0,5,7,3,3.857142857142857
buğday kg fiyatı,0,0,0,1,0,44,
petemek domates hal fiyatları,0,0,0,5,3,4,6
limon ilan,0,0,0,0,1,,74
sebze hali izmir,0,0,0,22,13,9.318181818181818,8.692307692307693
kumluca hal,0,0,0,1,1,29,18
konya da ne kadar,0,0,0,1,0,3,
itb üzüm fiyatları,0,0,0,5,0,10,
gaziantep hal pazarı,0,0,0,60,75,10.816666666666666,10.173333333333334
1 adet ananas kaç tl,0,0,0,0,2,,12
bezelye kilosu ne kadar 2026,0,0,0,0,3,,5
fiyat aralığı nedir,0,0,0,1,0,2,
halde biber fiyatları,0,0,0,2,9,8,3.111111111111111
domates 1 kg,0,0,0,1,0,20,
antep mısır borsası,0,0,0,1,0,2,
nohut tonu ne kadar 2026,0,0,0,10,1,9.9,11
bolet mantarı,0,0,0,1,0,2,
alanya hal,0,0,0,43,39,10.232558139534884,7.923076923076923
ankara hal pazarı,0,0,0,23,18,9.391304347826088,9.666666666666666
fiyat nasıl olur,0,0,0,1,0,1,
taze fasulye kilosu ne kadar,0,0,0,1,1,11,1
sarımsak kilo fiyatı 2026,0,0,0,0,2,,5
çerezlik kabak yetiştiriciliği,0,0,0,2,0,2,
tarlada ne kadar,0,0,0,0,1,,3
edremit borsasi zeytinyaği fiyatları,0,0,0,1,6,7,7
ankara karkas et,0,0,0,3,0,9.666666666666666,
urfa hal pazarı,0,0,0,25,37,9.2,9.243243243243244
malatya kuru kayısı fiyatları 2026,0,0,0,6,6,10,10.333333333333334
kızambuk nedir,0,0,0,1,0,3,
patlıcan musakka,0,0,0,0,1,,1
domates kilosu ne kadar 2026,0,0,0,3,7,2.333333333333333,2.2857142857142856
yeşil fasulye kg fiyatı,0,0,0,2,0,9.5,
erik rakısı fiyat,0,0,0,1,0,3,
kuzey ege bölgesi,0,0,0,0,1,,4
yerli salatalık,0,0,0,1,0,2,
çanakkale balık fiyatları,0,0,0,3,4,10.666666666666666,10.75
izmir hali karpuz fiyatları,0,0,0,2,0,31,
kışlık soğan fiyatları,0,0,0,1,3,9,7.333333333333333
kare karpuz fiyatı,0,0,0,3,1,4,7
ahududu,0,0,0,1,0,2,
hal adana,0,0,0,15,13,5.066666666666666,3.6153846153846154
bursa yeni kent hali,0,0,0,5,5,11.8,11.2
mercimek antep borsası,0,0,0,1,1,21,12
erzurum sebze hali,0,0,0,49,54,7.836734693877551,6.518518518518518
mandalina kg fiyatı,0,0,0,5,2,6.4,1
adana iletişim,0,0,0,0,1,,6
domates fiyatı 2026,0,0,0,9,11,2.666666666666667,3.6363636363636362
eskişehir yaş sebze ve meyve hali,0,0,0,5,6,14.6,10.5
finike,0,0,0,0,1,,4
taze barbunya pazar fiyatı,0,0,0,8,6,3.75,2.666666666666667
mersin halinde üzüm fiyatları,0,0,0,5,1,6.6,8
2026 nohut fiyatları,0,0,0,1,1,9,9
"""pamuk"" -site:reddit.com -site:twitter.com -site:x.com -site:wykop.pl -site:tripadvisor.com -site:youtube.com -site:yelp.com -site:booking.com -site:facebook.com -site:instagram.com -site:tiktok.com",0,0,0,0,5,,3.6
bugün karpuz fiyatları,0,0,0,0,1,,7
rio domates fiyat,0,0,0,0,1,,55
elma fiyat,0,0,0,4,3,8.5,13.666666666666666
mango meyvesi fiyatı,0,0,0,1,1,20,8
mersin borsası nohut fiyatları,0,0,0,1,0,2,
ceyhan hal telefon numarası,0,0,0,13,5,10.923076923076923,10
osmaniye hal numarası,0,0,0,4,2,8,8.5
makarnalık buğday fiyatları,0,0,0,0,2,,59
tamam,0,0,0,0,1,,8
taze börülce pazar fiyatı,0,0,0,0,3,,2.333333333333333
erbaa hal,0,0,0,1,3,9,11
trabzon eriği,0,0,0,0,1,,6
her ikisi,0,0,0,1,0,2,
20 ton,0,0,0,0,2,,1.5
kültür mantarı üretimi,0,0,0,1,0,2,
sakarya sebze hali,0,0,0,10,21,11.5,10.333333333333334
patates soğan,0,0,0,1,0,2,
yerli biber,0,0,0,1,0,2,
adapazarı mısır fiyatları,0,0,0,1,0,47,
son güncel durum,0,0,0,1,0,2,
1 kg pamuk fiyatı 2022,0,0,0,0,1,,66
tane fiyati,0,0,0,1,0,2,
alış fiyatları,0,0,0,1,0,6,
salatalık kilosu ne kadar 2026,0,0,0,5,3,3,1.6666666666666665
erik ekşisi migros,0,0,0,1,0,5,
soğan kaç tl,0,0,0,10,12,2,4
kapri biber,0,0,0,0,1,,3
kayısı kilosu,0,0,0,4,6,9.25,14.166666666666666
karamürsel,0,0,0,0,1,,1
erik kilo fiyatı,0,0,0,3,1,4,7
adana karpuz fiyatları,0,0,0,0,2,,9.5
erzurum hal,1,1,0,29,33,4.620689655172414,4.96969696969697
brokoli fiyatları,0,0,0,12,11,3.75,4.181818181818182
kuru,0,0,0,0,1,,3
mersin kapya biber fiyatları,0,0,0,2,2,6.5,7
konya ereğli domates fiyatları,0,0,0,10,4,9.4,9.25
patates sipariş,0,0,0,0,1,,28
2026 kuru üzüm fiyatları açıklandı mı,0,0,0,2,1,2.5,9
güncel fiyat,0,0,0,1,0,1,
2026 tmo mısır fiyatları,0,0,0,1,0,3,
erzurum sebze meyve hali,0,0,0,10,4,10.4,7.5
gaziantep fıstık hali komisyoncuları,0,0,0,49,18,6.081632653061225,6.944444444444445
hal,0,0,0,2,3,19,14.666666666666666
tarlada karpuzun kilosu ne kadar,0,0,0,1,1,1,1
sarımsak toptan fiyatı,0,0,0,2,0,4,
taze barbun,0,0,0,1,0,10,
domatesin kilosu kaç,0,0,0,2,4,7.5,9.75
muz hal fiyatları,0,0,0,3,2,5.333333333333333,7
ne kadar para kazanılır,0,0,0,1,0,1,
kütahya sebze ve meyve toptancı hali fotoğraflar,0,0,0,5,4,11.2,7
güncel barbunya fiyatları,0,0,0,0,4,,9.5
mürdüm eriği kaç tl,0,0,0,8,4,8.75,7.5
mersın hal fıyat lıstesı,0,0,0,6,4,7,6
taze barbunya kilosu kaç tl,1,1,0,54,25,7.2592592592592595,5.4
acur kg fiyatı,0,0,0,8,13,7.5,5.461538461538462
taze bakla,0,0,0,0,1,,1
grany smit,0,0,0,1,0,4,
tarım borsası,0,0,0,1,0,40,
sebze hal,0,0,0,7,10,6.428571428571429,8.3
2026 çavdar fiyatları,0,0,0,1,1,7,4
kuzu eti fiyatı 2025,0,0,0,0,1,,49
balık hali bursa,0,0,0,7,0,12.857142857142858,
kaç tl,0,0,0,1,3,2,1
adnan menderes toptancı sebze hali,0,0,0,0,4,,37.25
kocaeli sebze meyve hali,0,0,0,29,44,8.379310344827587,7.840909090909091
pancar fiyatı 2026,0,0,0,36,19,10.805555555555555,7.157894736842105
1 ton buğday kaç tl,0,0,0,1,0,59,
manisa domatesi,0,0,0,0,3,,10
salçalık domates fabrika fiyatları,0,0,0,6,2,9,8.5
ankara gölbaşı,0,0,0,1,0,3,
tariş incir fiyatlarını açıkladı mi,0,0,0,1,0,3,
yeşil bamya fiyatı,0,0,0,0,1,,11
domatesin kilosu kaç para,0,0,0,3,0,10.333333333333334,
patatesin kilosu kaç,0,0,0,0,1,,11
1 kilo muz ne kadar,0,0,0,2,1,11,11
karaman sebze meyve hali,0,0,0,1,14,11,8.928571428571429
karalahana fiyat,0,0,0,2,1,7,6
kırklareli,0,0,0,1,0,3,
gazipaşada,0,0,0,0,1,,3
ibb balık hal fiyatları,0,0,0,7,0,10.285714285714286,
kapya biber fiyatları 2026,0,0,0,4,6,6,6
gebze sebze meyve hali fiyatları,1,1,0,11,14,5.909090909090909,6.428571428571429
dörtyol hal telefon numarası,0,0,0,4,10,11.5,8.7
marul adet fiyatı,0,0,0,4,2,9.75,10
böğürtlenin kilosu kaç lira,0,0,0,2,0,7.5,
tmo üzüm fiyatları,0,0,0,4,1,3,3
göbekli marul,0,0,0,5,0,9.6,
konaklı hal fiyatları bugün,0,0,0,0,1,,10
1 ton üzüm fiyatı,0,0,0,35,3,4.828571428571429,1.3333333333333333
edirne sebze hali,0,0,0,6,3,9.666666666666666,9.666666666666666
meyve sebze hali ankara,0,0,0,1,1,12,12
deniz patlıcanı kg fiyatı,0,0,0,2,0,10,
konya ticaret borsası nohut fiyatı,0,0,0,2,1,31,20
altın çilek kg fiyatı türkiye 2026,0,0,0,0,3,,8
bugday fiyatlari,0,0,0,1,1,56,49
sardalya kilosu,0,0,0,1,0,1,
tere fiyat,0,0,0,1,1,10,6
salatalığın kilosu ne kadar,0,0,0,12,0,7.916666666666667,
200 kilo,0,0,0,0,1,,2
tarlada soğan kaç para,0,0,0,3,4,7,5.25
yaban mersini fiyat,0,0,0,1,1,7,11
hammadde,0,0,0,0,1,,8
ıspanak fiyatları,0,0,0,21,13,5.619047619047619,5.615384615384615
ananas,0,0,0,0,1,,1
yesilhisar kayseri,0,0,0,0,1,,5
bergama,0,0,0,1,0,3,
karkas et erp,0,0,0,1,0,85,
kilo domates,0,0,0,1,0,10,
mersin komisyon evi,0,0,0,3,6,4,4
bafra sebze hali fiyatları,0,0,0,4,0,8.75,
2026 sarımsak fiyatları,0,0,0,5,3,4.2,6.333333333333333
mısır fiyatı 2026 fiyatları,0,0,0,24,1,8.041666666666668,11
yaş meyve,0,0,0,1,0,2,
kiraz kaç para,0,0,0,2,2,8.5,4
vişne fiyatı hal,0,0,0,2,0,6,
anamur muz üreticileri birliği,0,0,0,1,0,4,
maydanoz hal fiyatı,0,0,0,1,2,4,4
bir kilo elma kaç tl,0,0,0,0,1,,10
edirne borsası canlı hayvan,0,0,0,0,1,,9
ıspanak kilosu ne kadar 2026,0,0,0,0,2,,1
izmir sebze meyve fiyatları,0,0,0,0,1,,5
kiraz toptan fiyatı,0,0,0,1,0,1,
izmit meyve ve sebze hali yorumlar,0,0,0,1,1,5,16
limon kg ne kadar,0,0,0,1,0,9,
fıyat,0,0,0,0,1,,11
halden günlük fiyatlar,0,0,0,7,3,8.142857142857142,9.666666666666666
antalya hali fiyatları,0,0,0,0,4,,72.25
avokadonun tanesi ne kadar,0,0,0,0,1,,7
kuru soğanın fiyatı,0,0,0,2,1,6,7
sivri domates,0,0,0,1,1,44,2
tane mısır fiyatları,0,0,0,2,1,17.5,10
emiralem hali,0,0,0,3,0,52.333333333333336,
metro salçalık domates fiyatı,0,0,0,1,0,2,
incir kaç tl,0,0,0,0,1,,8
patatesin kilosu kaç lira,0,0,0,2,0,10.5,
mersin hal fiyatları salçalık biber,0,0,0,0,15,,9.2
salça için,0,0,0,1,0,1,
bursa karpuz fiyatları,0,0,0,1,0,3,
yerli nohut fiyatları,0,0,0,1,0,2,
aydın incir fiyatları 2026,0,0,0,0,2,,4.5
alaca borsası nohut fiyatları,0,0,0,10,16,9.5,9.1875
ne kadar gelir elde edilir,0,0,0,1,0,6,
istanbul anadolu,0,0,0,1,0,2,
çavdar,0,0,0,0,1,,11
bursa hali nilüfer bursa,0,0,0,3,2,12,7
izmir hal nerede,0,0,0,0,1,,10
taze incir satın al,0,0,0,1,0,3,
canlı karkas et fiyatları 2026,0,0,0,2,0,11,
2026 yılında,0,0,0,1,0,1,
hâl,0,0,0,14,9,10.214285714285714,9.88888888888889
kg kaç tl,0,0,0,0,1,,2
trabzon da,0,0,0,0,1,,1
kırmızı kabuklu mercimek fiyatı,0,0,0,0,1,,46
lime limon fiyat,0,0,0,1,1,61,54
hal satış fiyatları,0,0,0,4,0,8.5,
pazarda kayısı fiyatları,0,0,0,1,0,5,
kocaeli sebze hali,0,0,0,20,9,10.35,9.666666666666666
gazipaşa hal fiyat listesi,0,0,0,7,4,9.714285714285714,8
izmir palamut fiyatları,0,0,0,0,2,,11
antalya hal pazarı,0,0,0,1,0,11,
gaziantep zirai ilaç satan yerler,0,0,0,1,0,8,
2026 mısır fiyatı ne kadar,0,0,0,5,13,9.6,9.461538461538462
karkas et fiyatları güncel,0,0,0,1,0,20,
gazipasa hal fiyatlari,0,0,0,2,0,16,
izmir buca balık hali fiyatları,0,0,0,14,2,10.5,14
yumurtalık kaldırım,0,0,0,0,1,,5
domates kilo fiyat,0,0,0,0,1,,10
nektari fiyatları,0,0,0,8,2,7.5,7.5
mürdüm eriğinin kilosu ne kadar,0,0,0,0,9,,8.777777777777779
söke hal fiyatları,0,0,0,1,0,11,
afyon kornişon fiyatları,0,0,0,0,1,,2
palamut,0,0,0,3,2,3.6666666666666665,5
semizotu ne kadar,0,0,0,1,0,11,
istanbul meyve hali,0,0,0,4,2,10.75,10.5
istanbul esenler,0,0,0,1,0,11,
nar satış,0,0,0,0,1,,5
2026 fasulye fiyatları,0,0,0,23,22,4.434782608695652,4.545454545454545
gaziantep hal kataloğu,0,0,0,3,5,3.3333333333333335,6.4
gaziantep pamuk borsası,0,0,0,0,1,,41
ıspanak kilosu,0,0,0,2,5,6,8
kuru soğan ihracatı son durum,0,0,0,1,0,60,
yeşil elma,0,0,0,1,0,2,
2026 tane mısır fiyatı,0,0,0,5,5,7.8,10
migros salçalık domates fiyatları,0,0,0,0,1,,3
kumluca hal fiyatlari,0,0,0,1,1,29,18
domatesin,0,0,0,1,0,2,
çavdar fiyatı 2026,0,0,0,7,6,9.428571428571429,7.666666666666667
taşköprü sarımsak fiyatı,0,0,0,1,1,1,8
sakarya hali,0,0,0,1,0,22,
pazarda dolma biber fiyatları,0,0,0,1,2,4,4
vişne fiyat,0,0,0,3,6,5.666666666666667,9.666666666666666
bamya kilosu kaç tl 2026,0,0,0,10,6,6.2,5.166666666666667
samsun sebze ve meyve hali komisyoncuları,1,1,0,3,2,3.3333333333333335,3
erik,0,0,0,2,0,3,
gaziantep ticaret borsası mercimek fiyatları,0,0,0,15,34,9.666666666666666,9.558823529411764
antep mercimek borsasi,0,0,0,0,1,,12
aksaray hal fiyatları,0,0,0,4,0,7.5,
sivri biber fiyat,0,0,0,1,0,10,
angelina eriği,0,0,0,0,1,,2
aysberg,0,0,0,0,4,,7.5
gaziantep dolmalık biber fiyatları,0,0,0,0,1,,5
erzurum hal fiyatları,0,0,0,3,0,65,
buharkent hali,0,0,0,1,0,7,
karacabey hal,0,0,0,8,12,10.375,8.083333333333332
izmir hal fiyatları 2023,0,0,0,5,0,28.8,
kafkas et,0,0,0,1,0,10,
arpa kg fiyatı,0,0,0,0,1,,33
kiraz alım fiyatları,0,0,0,0,1,,1
patlican kilosu,0,0,0,1,0,9,
limon fiyatları a101,0,0,0,1,0,9,
kiren meyvesi,0,0,0,1,0,2,
sogan fiyatı,0,0,0,2,0,4.5,
trabzon salatalığı,0,0,0,5,2,9.8,10.5
muş sebze hali,0,0,0,14,9,8.285714285714285,8.11111111111111
adana sebze hali domates fiyatları,0,0,0,1,0,3,
bamya tohumu fiyatı 2026,0,0,0,0,2,,3.5
avokado kg fiyatı,0,0,0,2,1,9.5,11
bingöl hal,0,0,0,0,9,,5.888888888888889
15 ton,0,0,0,1,0,1,
böğürtlen fiyati,0,0,0,5,0,8,
mantar toptancıları,0,0,0,2,0,11.5,
domates tarla fiyatları,0,0,0,6,0,8.333333333333332,
lüleburgaz,0,0,0,1,0,5,
taze patates fiyatları,0,0,0,5,3,5.8,7
fatsa hal,0,0,0,4,6,11.25,10.333333333333334
balık hali fiyatları bursa,0,0,0,1,3,3,5
salçalık domates kayseri,0,0,0,5,8,10.8,10
çorum alaca ekin borsası fiyatları,0,0,0,6,11,10.666666666666666,9.181818181818182
en çok hangi şehirde,0,0,0,1,0,1,
tarlada sarımsak fiyatları,0,0,0,3,1,6.666666666666667,9
manisa ticaret borsası çekirdeksiz kuru üzüm fiyatları 2026,0,0,0,1,0,2,
tokat hal yol tarifi,0,0,0,10,7,7.5,8.285714285714285
dolma biber kaç tl,0,0,0,1,0,8,
hal 2026,0,0,0,1,0,3,
halde palamut fiyatları,0,0,0,0,3,,8
yalova sebze meyve hali,1,1,0,17,40,8.647058823529413,8.05
salatalık kilosu kaç tl,0,0,0,8,8,8.25,9.75
şekerpare kg fiyatı 2026,0,0,0,8,2,3.125,5
tariş üzüm fiyatlarını açıkladı,0,0,0,1,0,2,
istanbul kadıköy hal fiyatları,0,0,0,9,4,4.333333333333334,4.75
balıkesir nohut fiyatları,0,0,0,0,1,,84
karatay sebze hali,0,0,0,37,30,9.621621621621621,9.766666666666667
mantar üretimi maliyeti,0,0,0,1,0,3,
alabaş fiyatı,0,0,0,1,0,3,
yaş incir fiyat,0,0,0,0,1,,24
z yağlı enginar,0,0,0,0,1,,4
سوق الهال في بورصة,0,0,0,0,4,,10
erdemli limon piyasası 2026,0,0,0,26,14,5.230769230769231,5.285714285714286
fruit and vegetable wholesaler,0,0,0,1,0,1,
bursa sebze hali nerede,0,0,0,0,2,,10.5
yaprak fiyatı 2026,0,0,0,1,4,10,10
telefon numarası,0,0,0,1,0,3,
carrefoursa armut domates fiyatları,0,0,0,0,1,,9
hal bayrampaşa,0,0,0,1,0,54,
muğla sebze meyve hali,0,0,0,6,6,8.333333333333332,8.333333333333332
ananas fiyatları,0,0,0,3,1,15,15
ne kadar yapar,0,0,0,0,1,,2
dolmalık,0,0,0,1,0,1,
söğüt hal fiyatları,0,0,0,8,2,10.875,10
serik hal fiyatları,0,0,0,7,8,22,26
nazilli hal telefon numarası,0,0,0,5,2,10.4,12
karkas et fiyatı ne kadar,0,0,0,1,0,25,
dut kilosu,0,0,0,2,0,9.5,
mango fiyat,0,0,0,10,20,12.5,12.8
osmaniye sebze hali numarası,0,0,0,26,13,11.961538461538462,10.692307692307692
tarım kredi soğan fiyatları,0,0,0,1,0,24,
limon f,0,0,0,1,0,13,
fiyat durumu nedir,0,0,0,0,1,,2
böğürtlen hal fiyatı,0,0,0,7,2,3,1
eğren meyvesi,0,0,0,1,0,3,
4 tane gram ne kadar,0,0,0,0,1,,2
bireysel,0,0,0,1,0,3,
kuru fasulye kg fiyatı 2026,0,0,0,13,15,6.6923076923076925,6.4
domates halde ne kadar,0,0,0,4,3,3.75,4.333333333333334
2026 dane mısır fiyatları,0,0,0,12,7,8,9
domates pazar fiyatı,0,0,0,1,2,9,6.5
dükkan ismi,0,0,0,1,0,5,
2026 zeytin alım fiyatları,0,0,0,0,2,,7
pancar fiyat 2026,0,0,0,3,2,7.333333333333333,9.5
fasulyenin kilosu,0,0,0,0,1,,11
kiraz kg fiyatı 2026,0,0,0,3,0,1.6666666666666665,
gaziantep dolmalık patlıcan fiyatları,0,0,0,1,0,3,
kabağın kilosu ne kadar,0,0,0,2,5,11,8.8
hal nerede istanbul,0,0,0,7,5,10.285714285714286,10.6
bu sene salçalık domates fiyatları,0,0,0,2,3,7,9.666666666666666
kuru yaprak,0,0,0,1,0,5,
ekmeklik buğday fiyatı 2026,0,0,0,1,1,11,11
kara erik kilosu,0,0,0,1,1,8,1
toptancı hal fiyatları,0,0,0,4,0,7,
tarlada üzüm fiyatları,0,0,0,4,3,6.5,6.333333333333333
bugday fiyat,0,0,0,0,1,,8
avya,0,0,0,1,0,2,
dörtyol hal,0,0,0,19,28,9.31578947368421,7.964285714285714
ankara toptancı hali balık fiyatları,4,4,0,70,61,2.3714285714285714,2.9344262295081966
patlıcan kaç tl,0,0,0,3,5,8,8.2
limon kilosu ne kadar,0,0,0,3,2,7.333333333333333,8.5
türkiye'de soğan fiyatları,0,0,0,4,2,2.75,4
olgun,0,0,0,0,1,,1
1 domates kaç tl,0,0,0,3,5,7,6
tmo yulaf fiyatları 2026,0,0,0,0,1,,7
tarlada kuru soğan fiyatları,0,0,0,6,5,6.166666666666667,5.6
limon adet fiyatı,0,0,0,0,1,,28
ankara yumurta domates fiyatları,0,0,0,0,2,,6
anamur hal fiyatları günlük,0,0,0,3,4,62.666666666666664,27
adana hal fiyatlari,0,0,0,1,0,11,
bal kabağı fiyatları 2025,0,0,0,3,0,7,
domates kurusu fiyatı 2026,0,0,0,1,0,3,
kar hesapla,0,0,0,1,0,7,
zeytinyağı toptan satış fiyatı,0,0,0,4,2,11,10
güncel nohut fiyatları 2026,0,0,0,4,0,12,
kayseri sebze meyve hali,0,0,0,9,3,8.11111111111111,10
kartal istanbul,0,0,0,1,0,10,
sebze meyve hali,0,0,0,55,34,10.636363636363637,7.235294117647059
soğanın kilosu,0,0,0,2,1,17.5,3
tarlada karpuz fiyatları 2026,0,0,0,19,26,8.526315789473685,8.846153846153847
alanya toptancı hali,0,0,0,34,26,9.588235294117647,8.615384615384615
1 kg çilek fiyatı,0,0,0,1,0,8,
istanbul sebze meyve fiyatları,0,0,0,1,2,5,4.5
eskişehir meyve sebze hali,0,0,0,20,19,7.9,7
hal üzüm fiyatları,0,0,0,7,5,5,4.6
elma,0,0,0,1,1,2,6
kuru kabak fiyatı,0,0,0,0,1,,2
bafra,0,0,0,0,1,,2
tokat domates fiyatları,0,0,0,0,2,,11
bursa balık hali pazar günü açık mı,0,0,0,0,1,,3
karkas fiyatları,0,0,0,2,0,26,
korkuteli hal komisyoncuları,0,0,0,2,0,12,
elma kilosu kaç tl,0,0,0,0,4,,10.75
ne kadar tutar,0,0,0,1,1,2,2
kuşkonmaz faydaları,0,0,0,1,2,3,3
ahududu meyvesi fiyatı,0,0,0,1,0,8,
nohutun kilosu ne kadar,0,0,0,0,1,,3
taze bamya fiyatları,0,0,0,1,0,10,
amasya sebze meyve hali,0,0,0,0,6,,10.5
maydanoz fiyat,0,0,0,0,3,,11.666666666666666
mini kabak fiyatları,0,0,0,4,3,4.75,6.666666666666667
10 kilo,0,0,0,0,1,,2
mandalina kilo fiyatı,0,0,0,1,0,18,
1 ton kiraz kaç tl,0,0,0,2,0,2.5,
migros domates fiyatı,0,0,0,0,1,,5
mantar otomasyon sistemi,0,0,0,1,0,5,
çorum borsası nohut fiyatları,0,0,0,1,5,10,11
hünnap fiyatı,0,0,0,2,0,6,
balkabağı kaç tl,0,0,0,4,6,9.5,5.166666666666667
bal kabagı,0,0,0,0,2,,2
kültür mantar kompost toptan fiyatları,0,0,0,2,0,5.5,
manisa hal,0,0,0,24,16,6.375,4.75
salçalık domatesin kilosu ne kadar,0,0,0,3,15,4.333333333333334,9.333333333333334
ankara sebze hali telefon numarası,0,0,0,12,11,8.25,8.272727272727273
antalya büyükşehir belediyesi hal fiyatları,0,0,0,0,1,,62
deveci armutu,0,0,0,1,0,3,
şok domates fiyatı,0,0,0,0,1,,4
çorum hal,0,0,0,16,21,6.75,5.285714285714286
siyah kokulu üzüm nerede satılır,0,0,0,0,1,,3
yerli muz fiyatları,0,0,0,8,2,8.125,9.5
tunceli tek diş sarımsak,0,0,0,1,0,2,
söğüt domates fiyatları,0,0,0,1,0,6,
hal gov tr ihracat,0,0,0,5,0,37.6,
tap hoa son hai,0,0,0,0,1,,1
brüksel lahanası,0,0,0,1,3,2,2
ne kadar tutuyor,0,0,0,1,0,2,
sebze fiyatları,0,0,0,13,12,28.692307692307693,19.166666666666668
bayrampaşa toptancı hali,0,0,0,0,1,,9
pazarda erik fiyatı,0,0,0,5,2,6.4,3
kırmızı erik fiyat,0,0,0,4,0,4,
bir kasa domates ne kadar,0,0,0,2,7,4,6.428571428571429
böğürtlen kilosu kaç tl,0,0,0,38,19,6.947368421052632,8.473684210526315
canlı kuzu kesim fiyatları,0,0,0,0,1,,9
gazipaşa hal fiyatları,0,0,0,20,58,9.2,7.672413793103448
salatalık kilosu ne kadar,0,0,0,24,5,9.375,5
balkabağı nerede satılır,0,0,0,1,0,13,
gaziantep hal rayiç fiyatları,0,0,0,6,5,6.666666666666667,5.4
kekik yetiştiriciliği,0,0,0,0,1,,3
nektari fiyatı,0,0,0,1,1,12,1
40 kilo,0,0,0,0,1,,1
kiren,0,0,0,1,0,2,
toplu alım,0,0,0,1,0,1,
kuru nane fiyatı 2026,0,0,0,12,2,9.083333333333334,11
soğanın kilosu ne kadar 2026,0,0,0,7,2,5.714285714285714,1
alaca ticaret borsası günlük bülten,0,0,0,0,5,,9.2
antalya,0,0,0,1,2,6,3
parmak kebabi,0,0,0,0,1,,1
1 kg erik,0,0,0,1,2,10,8.5
bayrampaşa hali,0,0,0,7,12,21.857142857142858,7.25
سعر بتركيا,0,0,0,1,0,6,
batman meyve sebze hali,0,0,0,9,1,21.555555555555557,12
bursa kent hali telefon numarası,0,0,0,9,11,7.777777777777778,7.818181818181818
böğürtlen satış fiyatı,0,0,0,1,0,7,
ege bölgesi,0,0,0,1,0,2,
hal bülten,0,0,0,3,2,8,7.5
kornişon salatalık hal fiyatları,0,0,0,8,19,6.5,7.368421052631579
yerli mısır fiyatları,0,0,0,2,0,10.5,
sarı kiraz fiyatı,0,0,0,2,0,9.5,
üzüm borsa,0,0,0,3,1,11.333333333333334,34
zeytinyağı borsası,0,0,0,2,1,16,11
kızılcık fiyatları,0,0,0,9,7,6.666666666666667,7.714285714285714
çeri domates kilosu kaç tl,0,0,0,3,0,9.666666666666666,
balıkesir toptan,0,0,0,1,0,3,
gaziantep elma sitesi,0,0,0,0,1,,12
manisa yaş üzüm fiyatları,0,0,0,5,5,5.2,9.2
limonun kilosu kaç tl,0,0,0,2,3,8.5,8
kuru kayısı fiyatı 2022,0,0,0,0,1,,38
hal fiyatları kumluca,0,0,0,0,1,,22
eskişehir domates fiyatları,1,1,0,8,10,5.375,5.2
k.maraş hal,0,0,0,0,4,,4.75
erik freze,0,0,0,0,1,,2
et fiyatlari,0,0,0,0,1,,11
mopaş sivri domates fiyatı,0,0,0,2,0,4.5,
konya hal fiyat listesi,0,0,0,7,7,2.857142857142857,2.857142857142857
mısır fiyatı,0,0,0,2,8,2.5,41.875
portakal kilosu kaç tl,0,0,0,1,9,1,4.888888888888889
hünnap kg,0,0,0,0,1,,9
salihli hal yol tarifi,0,0,0,0,1,,8
kilosu nedir,0,0,0,1,0,1,
kekik ne kadar,0,0,0,2,1,10.5,11
gazipaşa hal fiyatlari,0,0,0,3,0,11,
üzüm beyaz,0,0,0,1,0,7,
şutim hal pazarı,0,0,0,13,23,9.692307692307692,9.956521739130435
ankara hal fiyat listesi,0,0,0,18,18,7.166666666666667,4.833333333333334
ankara et borsasi fiyatları,0,0,0,0,3,,12.333333333333334
100,0,0,0,1,1,1,2
antalya serik hal fiyatları,0,0,0,1,2,34,13.5
antep hal,0,0,0,13,14,9.153846153846153,9.642857142857142
pazarda nohut fiyatları,0,0,0,1,0,5,
kızılcık meyvesi,0,0,0,5,2,2.6,3
tahmini ne kadar,0,0,0,1,0,2,
istanbul sebze meyve hali,1,1,0,14,10,9.285714285714286,8
ankara meyve sebze hali,0,0,0,17,14,10.764705882352942,10.285714285714286
yalçın komisyon evi,0,0,0,15,0,4.2,
törpü modelleri,0,0,0,0,1,,2
kilo fiyatı,0,0,0,2,0,3,
siyah incirin kilosu ne kadar,0,0,0,1,0,6,
x30,0,0,0,1,0,2,
üzümün tonu ne kadar,0,0,0,1,0,10,
sarimsak kilo fiyat,0,0,0,14,0,7,
seferihisar mandalina fiyatları,0,0,0,0,12,,5.25
mersin hal fiyat,0,0,0,3,2,10.333333333333334,7
yaban mersini kilosu 2026,0,0,0,0,4,,3.5
taze kabak fiyatı,0,0,0,2,0,5.5,
kuru sarımsak fiyatları,0,0,0,17,10,10.764705882352942,14.1
denizli hali,0,0,0,6,3,5.166666666666667,14.666666666666666
barbunya,0,0,0,1,0,4,
ahududu paket,0,0,0,2,0,10,
amasya soğan fiyatları,0,0,0,4,1,8,7
antalya demre hal fiyatları,0,0,0,2,1,21.5,3
kuşkonmaz fiyatı 2026,1,1,0,27,37,2.5555555555555554,2.8108108108108105
silor salatalık tohumu,0,0,0,1,0,2,
sebze hali sakarya,0,0,0,3,3,10,9.666666666666666
pembe domates kilosu kaç tl,0,0,0,1,0,10,
bayrampaşa sebze hali telefon numarası,0,0,0,8,3,12.25,12.666666666666666
alanya hal fiyatı,0,0,0,1,2,11,8
patlıcan kilosu ne kadar,0,0,0,31,2,9.32258064516129,6.5
inegöl meyve sebze hali,0,0,0,1,0,11,
marul aysberg,0,0,0,2,2,6.5,5.5
çilek ne kadar sürede yetişir,0,0,0,0,1,,3
fiyat 2026,0,0,0,1,0,2,
kültür mantarı kilosu ne kadar,0,0,0,11,12,4.545454545454545,5.75
cherry_price,0,0,0,0,1,,1
pembe,0,0,0,1,0,2,
jelibon biber fiyatı,0,0,0,0,3,,3
mugla,0,0,0,0,1,,3
manavda,0,0,0,0,1,,1
mersin limon piyasası,0,0,0,61,56,6.016393442622951,5.571428571428571
ne kadar kazanırım,0,0,0,3,0,1.6666666666666665,
ısparta meyve sebze hali,0,0,0,0,12,,9.75
kayseri halde salçalık domates fiyatları,1,1,0,32,30,7.0625,6.5
canlı hayvan fiyatı,0,0,0,0,1,,20
yaş dut fiyatları,0,0,0,1,0,7,
kornişon salatalık nerede satılır,0,0,0,0,1,,3
patlıcan kilosu kaç tl,0,0,0,8,2,8,10.5
toptan avokado,0,0,0,2,3,7.5,9.333333333333334
kuru soğan fiyatı ne kadar,0,0,0,1,1,4,9
evet kıyasla,0,0,0,0,1,,4
borsa nohut fiyatları,0,0,0,2,5,19.5,9.4
kahramanmaraş,0,0,0,2,0,2.5,
bakla fiyatları,0,0,0,3,0,9.333333333333334,
niğde patates,0,0,0,1,0,31,
adana,0,0,0,2,3,2.5,2.333333333333333
gazipaşa hal fiyatlari listesi,0,0,0,2,5,6.5,7.6
petemek domates en ucuz,0,0,0,1,0,13,
patlıcanın kilosu kaç para,0,0,0,4,1,7.75,10
konya misir fiyatları,0,0,0,4,6,10.25,10
manisa üzüm fiyatı,0,0,0,0,2,,9.5
toptan nohut fiyatları,0,0,0,18,2,10,13
mersin limon,0,0,0,6,12,11.5,17.75
zonguldak,0,0,0,0,1,,5
elma kaç tl,0,0,0,0,2,,9.5
konya haşhaş fiyatları,0,0,0,1,0,32,
barbunya kaç lira,0,0,0,1,1,1,11
domates satışı,0,0,0,1,0,12,
siverek sebze hali,0,0,0,17,6,8.941176470588236,10
mango kaç tl,0,0,0,0,4,,9.75
izmit meyve sebze hali,0,0,0,5,2,9.4,8
güncel kiraz fiyatları,0,0,0,4,0,3.25,
kara lahana hal fiyatları,0,0,0,5,2,6.4,6
böğürtlenin faydaları,0,0,0,1,0,3,
ankara market,0,0,0,0,1,,8
evet istiyorum,0,0,0,0,1,,1
çanakkale toptancı,0,0,0,1,0,13,
karaçulha hal,0,0,0,1,0,11,
ankara sebze hali,0,0,0,28,39,10.357142857142858,10.102564102564102
ekşikara,0,0,0,1,0,1,
toptan mantar,0,0,0,5,0,7.4,
zeytinyağı toptan fiyatları,0,0,0,1,0,24,
toptan süt mısır fiyatları,0,0,0,4,1,7,10
kuru hal osmaniye,0,0,0,1,0,10,
hal ne zaman açık,0,0,0,1,0,8,
tane mısır fiyatı,0,0,0,1,1,34,32
şok market karpuz fiyatı,0,0,0,2,0,2.5,
kırmızı erik kilosu,0,0,0,4,0,7.75,
muz ne kadar,0,0,0,4,2,2.5,16
yamula patlıcanı,0,0,0,2,0,2,
antalya kavun fiyatları,0,0,0,2,0,6,
avakado kg fiyatı,0,0,0,3,0,7.333333333333333,
pazarda meyve sebze fiyatları,0,0,0,2,0,5,
balkabağı ne kadar,0,0,0,2,2,1,4.5
yaş üzüm,0,0,0,5,2,2.4,3.5
hal kaçta kapanıyor,0,0,0,3,1,6.333333333333333,9
üretici fiyatı,0,0,0,1,0,1,
taşköprü sarımsağı fiyat,0,0,0,1,0,2,
alanya hal muz fiyatları,0,0,0,2,6,12,37.166666666666664
brokoli,0,0,0,2,0,2.5,
deniz patlıcanı fiyatı 2026,0,0,0,3,2,2.666666666666667,4.5
bursa meyve hali,0,0,0,8,5,8.25,7
iskenderun meyve sebze hali,0,0,0,0,1,,11
mısır fiyatları açıklandı mı,0,0,0,1,0,2,
hünnap toptan fiyatı,0,0,0,0,2,,6
salatalik fiyati,0,0,0,3,2,8,11
bursa meyve sebze hali yol tarifi,0,0,0,0,4,,8.5
2025 kiraz fiyatları,0,0,0,3,0,8.666666666666668,
hal 13,0,0,0,0,2,,5
türkiyede domatesin kilosu ne kadar,0,0,0,3,5,8.666666666666668,8.2
halden domates alabilir miyim,0,0,0,7,7,9,6.285714285714286
istiridye mantarı kg fiyatı türkiye 2026,0,0,0,0,1,,5
konya borsası nohut fiyatları,0,0,0,1,0,11,
dana kesim fiyatları ankara,0,0,0,6,13,9.333333333333334,10.384615384615385
patates kilosu kaç tl 2026,0,0,0,2,5,4,5.2
balıkesirde,0,0,0,0,1,,4
üzüm piyasası,0,0,0,10,14,6.2,6.857142857142857
konya borsasında mısır fiyatı,0,0,0,1,0,2,
sarımsağın kilosu,0,0,0,1,0,8,
fasulye borsası,0,0,0,0,1,,42
kara incir fiyatı,0,0,0,4,2,8.75,9.5
kuru acur dolması fiyatı,0,0,0,1,0,3,
1 ton sarımsak fiyatı,0,0,0,4,3,4.5,5
yeşil soğan,0,0,0,2,0,1.5,
polatlı soğan,0,0,0,1,0,8,
bursa halinde salçalık domates fiyatları,0,0,0,0,5,,5.8
kırıkhan hal fiyatları,0,0,0,5,7,6.8,5.714285714285714
ahududunun kilosu ne kadar,0,0,0,1,0,2,
ordu sebze hali,0,0,0,8,11,10.875,10.272727272727273
kaç lira yapar,0,0,0,0,1,,1
1 kg üzüm ne kadar,0,0,0,0,1,,1
antalya hal bamya fiyatları,0,0,0,2,0,6.5,
bolu toptancı,0,0,0,3,4,11.333333333333334,9
kızılcıklar ne zaman toplanır,0,0,0,1,0,3,
pırasa,0,0,0,1,0,2,
tek diş sarımsak fiyatı,0,0,0,1,0,1,
malatya güncel kayısı fiyatları,0,0,0,0,2,,10.5
pazarda salatalık fiyatları,0,0,0,11,6,5.7272727272727275,6.166666666666667
kayseri halinde salçalık domates fiyatları,0,0,0,26,27,7.3076923076923075,5.7407407407407405
aslanlar komisyon kayseri,0,0,0,2,2,9,6.5
karaisalı salçalık biber fiyatı 2026,0,0,0,2,0,3,
kayısı kurusu fiyatları 2026,0,0,0,2,10,9.5,10.3
altın çilek kilosu ne kadar,0,0,0,0,2,,60
kuru fasulye fiyatları 2026,0,0,0,79,22,8.759493670886076,10.045454545454545
bulgur kg fiyatı,0,0,0,0,1,,32
taze vişne fiyatı,0,0,0,2,0,8,
trabzon sebze hali,0,0,0,27,25,20.48148148148148,17.88
levreğin kilosu ne kadar,0,0,0,0,1,,4
salkım domates,0,0,0,0,2,,30
çavdar fiyatları,0,0,0,8,5,9.375,4
yaş hünnap fiyatı,0,0,0,1,0,1,
peki fiyatı nedir,0,0,0,0,1,,1
yemeklik,0,0,0,0,1,,2
kuru kekik fiyatı 2026,0,0,0,8,9,6.125,7
izmir hal balık fiyatları,0,0,0,7,4,8,7.75
1 diş sarımsak,0,0,0,1,0,4,
kuşkonmaz kg fiyatı,0,0,0,5,1,8.2,5
olduğugibi site instagram com p or site instagram com reel,0,0,0,0,1,,73
elmanın kilosu ne kadar 2026,0,0,0,10,16,5.3,4.125
yeşil fasulyenin kilosu kaç para,0,0,0,1,0,11,
su kabağı fiyatları,0,0,0,2,0,4.5,
izmir gümüldür,0,0,0,1,0,3,
anjelik erik,0,0,0,8,2,9.75,9
kavun kaç para,0,0,0,2,0,9,
hünnap kilosu,0,0,0,4,1,9.25,9
gaziantep mercimek fiyatı,0,0,0,1,0,20,
güncel kuru kayısı fiyatları,0,0,0,1,1,39,11
antep toptan hali fiyatları,0,0,0,1,0,12,
antalya hal listesi,0,0,0,31,0,8.548387096774194,
yulaf fiyatları borsa,0,0,0,0,1,,11
börülce fiyatları,0,0,0,3,0,10.333333333333334,
bir çuval patates ne kadar,0,0,0,0,2,,2
mısır tarla fiyatı,0,0,0,1,2,9,9.5
santa maria armut,0,0,0,1,0,2,
toptan kayısı satışı malatya,0,0,0,0,1,,6
bunlar kaç para tutar,0,0,0,0,1,,2
limonun tanesi kaç tl,0,0,0,1,3,10,4.333333333333334
karkas kuzu kesim fiyatları,0,0,0,0,1,,11
kızılcığın kilosu kaç para,0,0,0,9,8,8.777777777777779,9.25
bursa sebze hali yol tarifi,0,0,0,0,8,,10
ankara sebze meyve toptancı hali,0,0,0,1,4,10,10.25
seftali,0,0,0,1,0,4,
orta,0,0,0,1,0,2,
pazarda biber fiyatları,0,0,0,5,1,30.8,3
taze incir fiyatları,0,0,0,0,1,,4
1 kilo üzüm kaç tl,0,0,0,0,2,,9
tunceli dağ sarımsağı fiyatları,0,0,0,1,0,2,
barbunya sebzesi,0,0,0,0,1,,1
gaziantep sarımsak fiyatları,0,0,0,1,0,16,
tefenni hal fiyatları,0,0,0,8,7,8.375,8.714285714285715
kornişon salatalık tohumu fiyatları,0,0,0,0,1,,3
altın çilek kaç tl,0,0,0,0,1,,3
ortalama ne kadar,0,0,0,0,1,,2
vedat dalokay sebze hali,0,0,0,13,31,10.307692307692308,10.67741935483871
balık hali fiyatları,0,0,0,11,5,12.363636363636363,6.6
fethiye hal fiyatları,0,0,0,17,5,7.176470588235294,12.4
kereviz ne kadar,0,0,0,2,0,33,
balkabağı nereden alınır,0,0,0,2,0,17,
sarımsak piyasası,0,0,0,2,6,6,7.333333333333333
yulaf kg fiyatı 2026,0,0,0,8,2,8.25,9
semiz otu kg fiyatı,0,0,0,2,3,9.5,9
kuşkonmaz tarifi,0,0,0,0,2,,3
1kg erik,0,0,0,1,0,17,
nohut fiyatları 2026,0,0,0,7,7,9.857142857142858,8.714285714285715
en ucuz limon,0,0,0,1,1,9,23
göbek marul fiyatı,0,0,0,5,5,8,10
finike portakal festivali 2026,0,0,0,1,0,3,
manisa sebze hali fiyatları,0,0,0,1,4,8,4.5
adana vedat dalokay hal kompleksi,0,0,0,17,14,10.294117647058824,10.428571428571429
4 eylül 2026,0,0,0,1,0,1,
alanya hal fiyat listesi,0,0,0,2,6,10.5,30
yeşil elmanın kilosu kaç tl,0,0,0,0,1,,5
kuşkonmaz kilosu kaç tl,0,0,0,5,3,9.4,9
2026 mısır fiyatları ne olur,0,0,0,0,1,,11
vişne fiyati,0,0,0,1,1,11,10
1 kg bezelye fiyatı,0,0,0,2,1,2,13
hal nerede,0,0,0,10,7,10.5,10.571428571428571
marul fiyati,0,0,0,1,0,11,
sarımsak kg fiyatı 2026,0,0,0,26,13,2.9615384615384617,5.230769230769231
güncel kuzu kesim fiyatları,0,0,0,0,1,,20
kayseri hal kataloğu,0,0,0,4,2,8,6.5
bamya fiyatları,0,0,0,0,2,,6.5
ispir fasulyesi fiyatı 2026,0,0,0,1,0,3,
ankara toptancı hali fiyatları,0,0,0,20,15,9.75,4.333333333333334
gaziantep te salçalık biber fiyatları,0,0,0,0,2,,1
mersin hal fiyatları güncel,0,0,0,24,12,10,8.166666666666668
salçalik biber,0,0,0,1,0,2,
ilgin ticaret borsasi hububat fiyatları,0,0,0,0,1,,9
muz kilo fiyatı,0,0,0,0,1,,15
nektarin kg fiyatı,0,0,0,1,1,11,1
patates fiyatları tarım ziraat,0,0,0,3,4,10.666666666666666,9.5
toptan,0,0,0,8,6,2.125,2.5
hal fiyatları mersin,1,1,0,26,30,9.384615384615385,8.133333333333333
kayseri hal fiyat listesi,4,4,0,95,48,5.515789473684211,4.5625
dökme,0,0,0,0,1,,2
ankara polatlı soğan fiyatları,0,0,0,4,4,2.5,5.75
mısır fiyatları borsa,0,0,0,0,1,,50
edremit borsası zeytinyağı fiyatları,0,0,0,1,0,6,
turşuluk salatalık ne zaman çıkar,0,0,0,0,1,,3
pazar hali,0,0,0,2,1,9.5,13
yaban mersini fiyatları,0,0,0,1,1,2,3
taze kayısı fiyatı,0,0,0,1,0,10,
maydanoz,0,0,0,0,1,,6
patates kilogram fiyatı,0,0,0,0,1,,10
1 kilo mantar kaç tl,0,0,0,1,2,8,10.5
market karpuz fiyatları,0,0,0,1,0,3,
nektarin,0,0,0,0,1,,3
üzüm borsası fiyatları,0,0,0,2,0,2,
mersin salçalık biber fiyatları,0,0,0,11,24,7,9.291666666666666
elazığ üzüm fiyatları,0,0,0,2,1,8,7
edirne borsası kuzu fiyatları,0,0,0,0,1,,11
şire pazarı kayısı fiyatları,0,0,0,1,0,73,
akdenız,0,0,0,0,1,,1
bayrampaşa hali sergi numaraları,0,0,0,1,5,11,7.6
güncel fiyatlar,0,0,0,0,1,,2
1 kilo domates ne kadar,0,0,0,1,1,9,4
1 kilo mandalina kaç tl,0,0,0,3,0,2.333333333333333,
son hal,0,0,0,1,0,6,
nektarin fiyatları 2026,0,0,0,0,1,,4
sarimsak fiyati,0,0,0,1,1,9,15
yeşil fasülye fiyatı,0,0,0,3,0,8,
karkas et fiyatları dana,0,0,0,0,9,,11.555555555555555
taşköprü sarımsağı,0,0,0,0,1,,2
patates soğan fiyatları 2019,0,0,0,1,1,51,48
marulun kilosu ne kadar,0,0,0,3,3,10.333333333333334,9.333333333333334
semizotu fiyatı,0,0,0,1,0,11,
yulaf fiyatları 2026,0,0,0,16,13,10.5,10.923076923076923
semizotu fiyat,0,0,0,4,3,8,10
adana kozan,0,0,0,0,1,,2
kuru üzüm fiyatları 2026,1,1,0,109,16,8.743119266055047,8.4375
pancar kilo fiyatı,0,0,0,0,1,,14
van hal,0,0,0,8,10,4.375,5.2
edirne kuzu baskül fiyatı,0,0,0,0,1,,11
domatesin kilosu kaç tl,0,0,0,20,16,7.95,8.875
kayseri sebze hali,0,0,0,17,8,8.352941176470587,8
isparta hal fiyatları,0,0,0,26,11,8.23076923076923,8
soğan dönüme kaç ton verir,0,0,0,0,1,,3
sarı havuç fiyatları,0,0,0,2,2,6,10
salatalık,0,0,0,6,2,3.1666666666666665,3
bayrampaşa hal dükkanları,0,0,0,4,6,4.5,7.666666666666667
bugün hal fiyatları,0,0,0,2,0,8,
böğürtlen kg fiyatı 2026,0,0,0,2,11,2.5,2.7272727272727275
gazipaşa hali sebze fiyatları bugün,0,0,0,2,21,7.5,5.904761904761905
izmir balık hali fiyat listesi,0,0,0,9,4,7.777777777777778,10
güncel fiyat ne,0,0,0,1,0,1,
taze fasulyenin kilosu,0,0,0,1,0,9,
almanya'da domatesin kilosu ne kadar,0,0,0,1,0,2,
kg fiyati,0,0,0,1,0,1,
izmir üzüm borsası fiyatları,0,0,0,1,1,38,2
kuru barbunya fiyatları,0,0,0,1,2,8,10.5
a101 limon fiyatı,0,0,0,1,0,3,
1 kg kayısı kaç tl,0,0,0,0,1,,10
mikoriza,0,0,0,0,1,,14
tariş üzüm fiyatı 2026,0,0,0,4,3,2.5,2
şanlıurfa mercimek fiyatları,0,0,0,0,3,,9.666666666666666
mantar kilosu,0,0,0,3,1,2.666666666666667,13
tahıl borsası,0,0,0,1,0,46,
taze fasulye fiyati,0,0,0,1,0,10,
üstüne,0,0,0,0,1,,5
mango fiyati,0,0,0,0,3,,12
mayer,0,0,0,2,3,3,1.3333333333333333
balkabağı kg fiyatı,0,0,0,11,4,4.454545454545455,4.75
bursa ahududu fiyatları,0,0,0,3,5,7.333333333333333,8.4
guncel,0,0,0,1,0,1,
bal kabağı fiyatı 2025,0,0,0,6,1,5.166666666666667,6
kozan hal,0,0,0,5,8,10,15
elazığ sebze hali nerede,0,0,0,7,5,10.857142857142858,11.6
türkiye mısır fiyatları,0,0,0,0,5,,7.2
lamas limonu,0,0,0,1,0,13,
antakya hal,0,0,0,3,5,12.666666666666666,8.4
deniz börülcesi,0,0,0,0,2,,43.5
bayrampaşa toptancı,0,0,0,0,1,,12
mangonun fiyatı,0,0,0,0,1,,16
son dakika mısır fiyatları,0,0,0,5,3,8.8,34
kayseri de salçalık domates fiyatları,0,0,0,13,12,9,9.083333333333334
halde kavun fiyatları,0,0,0,3,2,6.333333333333333,4
erik kilosu kaç tl,0,0,0,8,6,8.5,4.5
finike portakal fiyatları,0,0,0,13,13,6.153846153846154,5.3076923076923075
bezelye fiyatları,0,0,0,4,2,9.5,11
sivri domates fiyatı,0,0,0,1,4,3,7.75
patates ton fiyatı,0,0,0,5,12,5,5
tariş üzüm fiyatları,0,0,0,11,2,2.5454545454545454,3.5
taze böğürtlen,0,0,0,1,0,75,
mandalina,0,0,0,1,0,10,
bolu toptancı hali,0,0,0,5,10,6.6,6.9
mersin hal sebze fiyatları,0,0,0,1,5,10,10.2
söğüt hal fiyatı,0,0,0,1,3,11,53
malatya hal yol tarifi,0,0,0,0,1,,7
kırmızı lahana a101,0,0,0,2,0,7.5,
taze vişne kg fiyatı,0,0,0,4,7,9.25,7.857142857142857
erik kg fiyatı,0,0,0,8,8,6,4.75
izmir kuru incir ihracatı yapan firmalar,0,0,0,1,0,4,
soğan fiyatları düştü mü,0,0,0,1,1,2,1
üretici,0,0,0,0,3,,3
güncel domates fiyatları,0,0,0,4,4,8,5.25
buca hal fiyatları,0,0,0,2,4,10,11.25
1 kg yeşil erik kaç tl,0,0,0,1,0,6,
dolmalık kabak fiyatı,0,0,0,0,1,,11
çorum soğan fiyatları bugün,0,0,0,1,6,7,10.166666666666666
taze fasulye pazarda kaç para,0,0,0,9,8,6.333333333333333,4
kızılcık marmelatı faydaları,0,0,0,0,1,,3
elma piyasası,1,1,0,41,41,5.2926829268292686,4.585365853658537
2026 kuru fasulye fiyatları,0,0,0,43,47,7.069767441860465,8.063829787234042
yozgat nohut fiyatları,0,0,0,0,1,,1
istanbul sebze hali,0,0,0,36,20,8.333333333333332,10.15
karpuz market fiyatları,0,0,0,1,0,11,
ankara hal açılış kapanış saatleri,0,0,0,0,1,,18
elazığ dut fiyatları,0,0,0,1,0,9,
sakarya sebze hali telefon,0,0,0,10,10,8.2,9
karkas et,0,0,0,1,1,47,32
marul kg fiyatı,0,0,0,1,0,8,
toptan mantar alan firmalar,0,0,0,2,0,2.5,
manisa üzüm fiyatları 2026,0,0,0,0,1,,10
sungurlu ticaret borsasi nohut fiyatları,0,0,0,5,3,8.2,10
vişne kilosu ne kadar 2023,0,0,0,2,0,10.5,
antalya belediyesi hal fiyatları,0,0,0,1,0,56,
meyve hali,0,0,0,29,24,8.379310344827587,13.166666666666666
kastamonu,0,0,0,0,1,,2
eriğin kilosu ne kadar 2026,0,0,0,2,3,2,2.333333333333333
rize hal fiyatları,0,0,0,0,1,,6
sivri biber fiyatları,0,0,0,1,0,1,
mersin hali limon fiyatları,1,1,0,25,13,5.64,5.846153846153846
diyarbakır sebze meyve hali,0,0,0,5,2,7.2,7
mersin limon piyasası fiyatları,0,0,0,1,1,6,6
sungurlu borsası buğday fiyatları,0,0,0,11,1,9.545454545454545,7
sarimsak kg fiyat,0,0,0,5,1,9.2,21
alanya hal meyve fiyatları,0,0,0,1,9,7,17.88888888888889
zonguldak sebze hali,0,0,0,4,2,11.75,7.5
yaş kayısı kilosu kaç tl,0,0,0,6,1,8.666666666666668,10
mersin üzüm fiyatları,0,0,0,1,0,9,
gaziantep mercimek fiyatı ne kadar,0,0,0,0,2,,10.5
peki ananas,0,0,0,1,0,6,
bursa hal iletişim,0,0,0,3,7,3.3333333333333335,3.4285714285714284
kuru sogan fiyatlari,0,0,0,7,3,3.857142857142857,3.6666666666666665
kimden alabilirim,0,0,0,1,0,9,
tarlada soğanın kilosu ne kadar,0,0,0,2,2,6.5,6
burhaniye hal fiyatları,0,0,0,12,12,6.75,7.583333333333333
kabak kg fiyatı,0,0,0,3,2,6.666666666666667,5.5
portakal washington,0,0,0,1,1,34,19
taze hünnap fiyatı,0,0,0,40,4,8.15,14.25
toptan çilek fiyatları,1,1,0,4,6,3.25,5
kuzu kesim fiyatları 2026,0,0,0,0,1,,1
iceberg fiyat,0,0,0,0,1,,9
serik hal fiyatları bugün,0,0,0,1,0,44,
06/09,0,0,0,0,1,,2
hatay sebze hali fiyatları,0,0,0,9,6,7.111111111111111,9.5
yalova meyve sebze hali,0,0,0,4,2,8.75,8.5
balıkesir hal telefon numarası,1,1,0,6,13,7,5
kuru üzüm alım fiyatı 2026,0,0,0,1,1,9,11
sebze meyve tedarik firmaları istanbul,0,0,0,1,0,24,
yağ,0,0,0,0,1,,2
dünya kuru üzüm fiyatları,0,0,0,1,2,3,9.5
asemkom hal bülteni 2026,0,0,0,1,6,8,8.5
kavun ne kadar,0,0,0,1,0,1,
jalapeno biber hal fiyatları,1,1,0,16,15,2.375,3.8
izmir karşıyaka'da,0,0,0,0,1,,2
malatya hal fiyatları bugün,0,0,0,1,0,5,
kilis sebze hali yol tarifi,0,0,0,2,3,11,10.333333333333334
yeşil erik,0,0,0,0,1,,1
zeytinyağı kg fiyatı 2026,0,0,0,13,15,8.23076923076923,9.066666666666666
karaman elma ıskarta fiyatları,0,0,0,1,1,10,17
kayseri sebze hal fiyatları,0,0,0,35,33,4.885714285714286,4.9393939393939394
bu hangi tür,0,0,0,0,1,,18
tmo kayısı fiyatları 2024,0,0,0,1,0,79,
adnan menderes toptancı sebze hali yorumlar,0,0,0,2,0,12,
enginar kilosu ne kadar 2026,0,0,0,3,5,2.333333333333333,3
antep hal fiyat,0,0,0,1,1,4,4
bir demet roka kaç gram,0,0,0,0,3,,9.666666666666666
mor lahana fiyat,0,0,0,1,0,52,
karkas dana et fiyatları,0,0,0,1,1,24,11
para olarak hesapla,0,0,0,1,0,1,
net söyle,0,0,0,0,1,,2
erik turşusu carrefour,0,0,0,1,0,10,
sparga 2,0,0,0,1,0,10,
izmir balık hali... fiyatları,0,0,0,1,1,7,7
türkiye’de fiyatı nedir,0,0,0,0,1,,1
kayısı taban fiyatı,0,0,0,4,1,4.5,11
santamaria armut fiyatları,0,0,0,0,2,,7
şok ta patates fiyatı 2026,0,0,0,1,0,3,
mısır toptan fiyatı,0,0,0,3,1,5,7
mersin hal fiyat listesi,0,0,0,28,33,9.75,7.606060606060606
2026 kornişon fiyatları,0,0,0,5,1,6.8,1
ananas fiyatı,0,0,0,1,2,3,19.5
güncel bamya fiyatları,0,0,0,3,2,4,5
sebze halı van,0,0,0,1,0,6,
adana limon piyasası,0,0,0,146,259,8.883561643835616,6.575289575289576
istanbul,0,0,0,9,4,2.4444444444444446,5
patetes fiyatları,0,0,0,2,1,5,11
2026 kuru kayısı fiyatları,0,0,0,6,3,9.5,10
karaman sebze hali,0,0,0,13,13,10,7.538461538461538
patates kilosu ne kadar,0,0,0,1,2,9,4.5
salçalik domates,0,0,0,2,0,13,
salçalık domates fiyatları ne kadar,0,0,0,2,2,2.5,4
gaziantep karkas et fiyatları,0,0,0,12,11,8.833333333333332,10.727272727272727
2025 soğan fiyatları,0,0,0,2,1,4.5,7
yaban mersini yetiştiriciliği devlet desteği,0,0,0,0,2,,3
iş yeri numarası,0,0,0,1,0,1,
10 kg,0,0,0,1,1,2,1
dünyada kuru üzüm fiyatları,0,0,0,0,1,,7
30 koli,0,0,0,1,0,2,
barbunya fiyatı 2026,3,3,0,33,28,3.6666666666666665,1.8928571428571428
#amasya çorum kuru soğan fiyatları bugün,0,0,0,6,4,10.166666666666666,10
erik fiyati,0,0,0,1,2,4,3.5
kaç lira,0,0,0,3,1,3.3333333333333335,5
pırasa fiyatları,0,0,0,6,9,19.666666666666668,33.111111111111114
a101 karpuz fiyatı,0,0,0,2,0,2,
acarlar toptancı hali incirliova aydın,0,0,0,3,0,8.666666666666668,
muzların fiyatını soracağım söyler misin ne kadar,0,0,0,5,5,27.2,20.8
balık hal fiyatları istanbul,0,0,0,9,3,10.222222222222221,10.666666666666666
kuru kabak dolması fiyatı,0,0,0,0,1,,3
kabuklu barbunya fiyatı,0,0,0,7,3,6,8.666666666666668
niye böyle pahalı,0,0,0,0,1,,6
patates fiyatları ne kadar,0,0,0,5,6,6.4,7.5
firma listesi,0,0,0,0,1,,6
kızılcık nerede bulunur,0,0,0,0,1,,4
adet olarak,0,0,0,0,1,,3
bir kilo domates ne kadar,0,0,0,7,8,9.857142857142858,8.875
salcalik domates fiyati,0,0,0,4,4,8.25,8.5
ibb-bayrampaşa sebze ve meyve hali,0,0,0,1,0,20,
çks var,0,0,0,1,0,2,
çorum borsa buğday fiyatları,0,0,0,0,1,,20
roka fiyat,0,0,0,1,2,9,11
denizli sebze hali,0,0,0,17,16,9.470588235294118,8.6875
kültür mantarı toptan fiyatı,0,0,0,0,1,,1
taze fasulyenin kilosu kaç tl,0,0,0,0,2,,7.5
1 kg salamura yaprak fiyatı 2026,0,0,0,1,0,11,
2026 vişne fiyatları,0,0,0,4,0,5.5,
et bakalım,0,0,0,1,0,3,
kapya biber fiyatı,0,0,0,0,3,,4.333333333333334
antalya hali sebze fiyatları,0,0,0,1,1,21,13
kızılcık ne kadar,0,0,0,6,0,1.5,
2 kilo patates kaç tl,0,0,0,3,8,7.666666666666667,8
2026 ahududu fiyatları,0,0,0,1,0,1,
domates rio,0,0,0,1,0,1,
kocaeli,0,0,0,2,8,7.5,21.625
pırasa ne kadar,0,0,0,0,1,,11
kütahya hisarcik,0,0,0,1,0,2,
salcalik domates fiyati 2025,0,0,0,1,0,3,
çorum ticaret borsası nohut fiyatları,0,0,0,2,1,2,2
avakado tane fiyatı,0,0,0,1,0,24,
kayısının tonu ne kadar,0,0,0,1,4,1,9.75
yaş incir kaç tl,0,0,0,1,0,2,
bim kekik fiyatı 2026,0,0,0,6,3,6.833333333333333,7.666666666666667
1 kg patates kaç tl,0,0,0,2,5,14,10.4
üzüm fiyatı 2026,2,2,0,66,61,3.4393939393939394,6.032786885245901
dörtyol mandalina fiyatları,0,0,0,17,22,10.764705882352942,9.590909090909092
barbunyanın kilosu ne kadar,0,0,0,18,0,10,
erik kilosu ne kadar 2026,0,0,0,2,2,4.5,1.5
karkas etin kilosu ne kadar,0,0,0,1,0,23,
türkiye'de domates fiyatı,0,0,0,4,1,4.25,4
alaca mor soğan fiyatları,0,0,0,12,6,7.666666666666667,8.666666666666668
bezelye kilosu,0,0,0,4,0,8.5,
kocaeli balık fiyatları,0,0,0,1,0,14,
kuşkonmaz fiyatı,0,0,0,7,0,8.714285714285715,
tarlada salçalık domates fiyatı,0,0,0,5,5,7.4,8.6
çarşamba meyve sebze hali,0,0,0,1,0,12,
mercimek fiyatı borsa,0,0,0,0,2,,10.5
antalya hal fiyatları bugün,0,0,0,5,10,54.6,32.9
portakal kilosu,0,0,0,1,0,75,
ne kadar olur,0,0,0,0,2,,1.5
üzüm kilosu ne kadar,0,0,0,3,6,5,8.666666666666668
numarası,0,0,0,1,0,3,
bugünkü balık fiyatları 2026,0,0,0,2,1,4.5,2
ceyhan hal salçalık biber fiyatları,0,0,0,2,0,10.5,
acur hangi ayda olur,0,0,0,0,1,,2
halde kuru soğan fiyatları,0,0,0,0,3,,2.666666666666667
هل يوجد في مرسين,0,0,0,0,1,,6
antep sebze hali,0,0,0,17,11,10.117647058823529,9.636363636363637
muz fiyatı,0,0,0,13,6,7.615384615384615,10
süt mısır fiyatları,0,0,0,1,1,3,42
bursa hal fiyatlari,1,1,0,7,5,2.428571428571429,3.2
üzüm borsası izmir,0,0,0,1,0,2,
güncel ham zeytinyağı fiyatları,0,0,0,0,3,,9.666666666666666
halde salatalık fiyatları,0,0,0,4,2,4.75,5.5
osmaniye sebze meyve hali telefon numarası,0,0,0,0,5,,10.8
çilek toptan fiyatı,0,0,0,6,9,2.833333333333333,3.5555555555555554
pazarda kapya biber fiyatları,0,0,0,0,1,,3
mersin erdemli limon,0,0,0,4,3,12.5,10.666666666666666
kav mantarı fiyatı 2025,0,0,0,0,1,,3
amasya sebze meyve hal fiyatlari,0,0,0,0,5,,32
akhisar hal fiyatları,0,0,0,3,3,5.333333333333333,4
kiraz kilosu kaç tl 2026,0,0,0,2,4,4,1
konya ereğli sebze hali,0,0,0,28,15,10.25,9.666666666666666
istanbul erigi,0,0,0,0,1,,11
1 çuval patates kaç tl,0,0,0,1,0,1,
son dk,0,0,0,1,0,3,
tmo mercimek fiyatı 2026,0,0,0,0,11,,10.545454545454545
kahramanmaraş sebze hali yol tarifi,0,0,0,0,1,,11
firmanın adı ne,0,0,0,1,0,1,
marketlerde patates fiyatları,0,0,0,3,0,27,
satiyorum,0,0,0,1,0,1,
konya yulaf fiyatları,0,0,0,0,3,,35
2026 üzüm fiyatı,0,0,0,23,10,2.782608695652174,6.2
izmir üzüm borsası,0,0,0,5,0,2,
bursa karası incir fiyatları,0,0,0,0,5,,3
1 limon kaç tl,0,0,0,4,0,8.5,
gaziantep şahinbey,0,0,0,0,1,,2
ortalama fiyatı nedir,0,0,0,0,1,,1
kuru üzüm fiyatları ne zaman açıklanacak,0,0,0,0,1,,3
kuru barbunya fiyatı,1,1,0,21,26,16.238095238095237,16.384615384615387
zeytinyağı fiyatları toptan,0,0,0,1,0,18,
ordu toptancı,0,0,0,6,5,10.833333333333334,9.6
taze fasulye kaç tl,0,0,0,1,0,7,
anadolu yakası hal nerede,0,0,0,0,1,,13
toptan zeytinyağı fiyatları,0,0,0,11,1,10,32
kükürt mantarı,0,0,0,1,8,2,2
domates kaç,0,0,0,0,3,,7.666666666666667
güncel yulaf fiyatları,0,0,0,0,1,,11
çorum ticaret borsası yeşil mercimek fiyatları,0,0,0,1,1,11,11
muzun kilosu kaç tl,0,0,0,2,0,10.5,
elma kilosu ne kadar,0,0,0,2,2,10.5,6
neresi,0,0,0,0,1,,4
börülce kilosu,0,0,0,2,0,10,
istanbul kayısı fiyatları,0,0,0,1,0,7,
mısır fiyatları,0,0,0,19,26,33.526315789473685,47.42307692307692
denizli çekirdek fiyatları,0,0,0,0,3,,38.666666666666664
taze domates,0,0,0,0,1,,1
alaca ekin borsası fiyatları,0,0,0,5,13,9.8,9.76923076923077
kabak çekirdeği fiyatları borsa,0,0,0,1,0,25,
tmo kuru üzüm fiyatı 2026,0,0,0,0,2,,2.5
kapya biber kilosu,0,0,0,0,1,,2
pazarda ıspanak ne kadar,0,0,0,2,5,5,8
toplu,0,0,0,0,1,,5
sebze fiyatları 2026,1,1,0,3,5,1,3
zeytinyağının kilosu ne kadar 2026,0,0,0,3,2,8.333333333333332,9.5
üzüm fiyatlari,0,0,0,5,2,3.4,8
pamukova,0,0,0,0,1,,3
mantar paket,0,0,0,0,1,,4
yerli muz fiyat,0,0,0,5,3,10,6.333333333333333
erik alyanak,0,0,0,1,0,1,
kumluca hal fiyatlar,0,0,0,1,1,36,16
in turkey,0,0,0,0,1,,2
fiyatı nedir acaba,0,0,0,1,0,4,
mantar yetiştiriciliği karlı mı,0,0,0,1,0,3,
yeşil zeytin,0,0,0,0,1,,2
bamya kilosu ne kadar,0,0,0,0,2,,3
2025 üzüm fiyatları,0,0,0,4,1,3,2
mersin ticaret borsası nohut,0,0,0,0,1,,37
satmak istiyoruz,0,0,0,0,1,,2
hal kompleksi mersin,0,0,0,2,0,9,
adana da,0,0,0,0,1,,3
böğürtlen ne kadar,0,0,0,1,1,1,9
dereotu fiyatı,0,0,0,0,1,,24
ist hal fiyatları,2,2,0,21,28,4.761904761904762,4.785714285714286
ankara karpuzu,0,0,0,0,3,,9.333333333333334
maraş hal,0,0,0,21,27,5.476190476190476,4.962962962962963
mersin kuru fasulye fiyatları,0,0,0,1,0,57,
geçen sene kaç tl,0,0,0,1,0,2,
kabak fiyati,0,0,0,1,1,1,7
kuşkonmaz nerede satılır,0,0,0,2,1,46.5,43
kahramanmaraş sebze ve meyve hali fotoğraflar,0,0,0,14,11,8.714285714285715,9.454545454545455
mersin nohut borsası,0,0,0,7,0,2,
patata price,0,0,0,1,0,9,
semih şeftali,0,0,0,0,1,,47
domates kaç lira,0,0,0,3,5,10.666666666666666,8.2
elmanın kg fiyatı,0,0,0,2,0,10.5,
karkas dana eti fiyatı,0,0,0,2,4,8.5,12.5
migros mantar,0,0,0,1,0,4,
karpuzun kg fiyatı,0,0,0,1,0,11,
zeytinyağ borsası,0,0,0,1,0,4,
hal vişne fiyatları,0,0,0,3,2,8,7.5
böğürtlen kg fiyatı,0,0,0,7,6,6.714285714285714,6.166666666666667
maydanoz demeti kaç tl,0,0,0,5,3,8.4,7.666666666666667
malatya taze kayısı fiyatları,0,0,0,0,1,,4
üzüm ne kadar,0,0,0,5,1,3.4,3
armut domates fiyatları,0,0,0,1,0,1,
ankara büyükşehir belediyesi toptancı hali,0,0,0,16,11,16.75,17.272727272727273
mersin hal kompleksi,0,0,0,3,5,11.333333333333334,18.4
kocaeli büyükşehir belediyesi hal fiyatları,0,0,0,0,2,,5.5
antakya hal fiyatları,0,0,0,2,0,9,
en karlısı hangisi,0,0,0,1,0,1,
domates tarla,0,0,0,3,1,12.333333333333334,14
çilek,0,0,0,3,0,1.3333333333333333,
tmo üzüm fiyat,0,0,0,1,0,3,
mangosteen,0,0,0,1,1,2,2
bursa domatesi kaç lira,0,0,0,5,4,8,5
antep borsası mercimek,0,0,0,20,3,9.9,11
2026 üzüm kesim fiyatları,0,0,0,3,0,3,
konya ereğli hal komisyoncuları,0,0,0,8,5,4.625,4.8
sungurlu ticaret borsası ürün fiyatları,0,0,0,0,3,,9.333333333333334
salatalık kilosu,0,0,0,11,1,8.90909090909091,5
çorum yeşil mercimek borsasi,0,0,0,2,0,11,
hepsine bak,0,0,0,0,1,,9
kültür mantarı fiyatı,1,1,0,25,32,6,7.90625
finike toptancı hali sebze fiyatları,0,0,0,1,0,6,
levrek,0,0,0,1,1,3,1
özgür tarım kuru üzüm fiyatları,0,0,0,0,1,,3
1 demet roka kaç gram,0,0,0,1,1,11,10
mantarlar nedir,0,0,0,0,1,,3
elazığ sebze hali yol tarifi,0,0,0,1,0,8,
tmo nohut fiyatı,0,0,0,0,1,,10
inanç organik,0,0,0,1,0,16,
patlıcan kilo fiyatı,0,0,0,3,1,9.333333333333334,6
nar kilosu ne kadar,0,0,0,1,0,1,
zeytinyağı toptan fiyatı,0,0,0,1,0,11,
kar marji,0,0,0,0,1,,1
kuru soğan kaç tl,0,0,0,0,1,,10
adana sebze hali komisyoncuları telefon numaraları,6,6,0,21,25,1.8095238095238095,1.6400000000000001
kabak çiçeği fiyatı,0,0,0,1,0,3,
polatlı yulaf borsası,0,0,0,3,0,11.666666666666666,
sosluk domates,0,0,0,0,1,,2
ankara kuzu karkas fiyatları,0,0,0,2,1,9,11
üzüm borsası,0,0,0,10,15,5.1,9.466666666666667
acı turşuluk biber,0,0,0,0,1,,2
muz hal fiyatı,1,1,0,4,5,6.75,5.2
sebze meyve hali izmir,0,0,0,14,3,10.5,9.666666666666666
melemenlik,0,0,0,1,0,1,
pancar kaç tl,0,0,0,0,7,,10.142857142857142
2026 fiyat,0,0,0,1,0,6,
mersin de ne kadar,0,0,0,1,0,3,
1 ton kayısı kaç tl,2,2,0,17,16,3.5294117647058822,3.25
hal cumartesi açık mı,0,0,0,1,0,11,
salçalık,0,0,0,4,2,3.25,1
vişne kilosu kaç tl 2026,0,0,0,5,3,4.2,3.6666666666666665
en ucuz domates hangi markette 2026,0,0,0,1,1,3,3
kızılcık meyvesi migros,0,0,0,1,0,4,
carli biber,0,0,0,1,0,1,
sarımsağın kilosu kaç para,0,0,0,1,0,1,
1 kg armut kaç tl,0,0,0,0,1,,1
1 eylül,0,0,0,1,0,3,
taze patates,0,0,0,1,0,2,
üzüm fiyatı,0,0,0,22,23,7.909090909090909,8.217391304347826
böğürtlen kilosu,0,0,0,5,1,3.6,10
salçalık domates kilosu ne kadar,0,0,0,2,7,8.5,8.571428571428571
kilo,0,0,0,0,1,,1
tarlada domates fiyatı 2026,0,0,0,8,10,6.75,7.9
adana toptan,0,0,0,1,0,3,
patates hali sakarya,0,0,0,12,15,10.5,10.2
2026 karkas et fiyatları,0,0,0,1,0,11,
trüf mantarı fiyat,0,0,0,2,0,2,
tahmini kazanç,0,0,0,0,1,,1
salcalık domates fiyatı,0,0,0,1,0,9,
1 kg muz,0,0,0,1,0,26,
günlük et fiyatları,0,0,0,0,1,,32
karpuz fiyatı ne kadar,0,0,0,1,0,7,
ankara pazar fiyatlari,0,0,0,5,9,9.2,13.777777777777779
elazığ belediyesi hal fiyatları,0,0,0,1,0,10,
ayva fiyat,0,0,0,0,3,,7.666666666666667
mersin hali şeftali fiyatları,0,0,0,0,1,,7
sogan fiyatı polatlı,2,2,0,15,10,5.133333333333334,5.6
"tariş incir, üzüm, pamuk ve yağlı tohumlar tarım satış kooperatifleri birlikleri",0,0,0,1,0,5,
lamas limon,0,0,0,5,1,12.2,2
kastamonu sarımsağı kilosu ne kadar,0,0,0,1,0,1,
pazarda,0,0,0,3,1,1.6666666666666665,2
البرتقال,0,0,0,0,1,,2
tarlada patates fiyatları,0,0,0,17,12,4.764705882352941,6.083333333333333
yaban mersini yetiştiriciliği,0,0,0,0,3,,3.3333333333333335
ağustos sonu eylül başı,0,0,0,1,0,3,
domates tarlada ne kadar,0,0,0,3,2,8.333333333333332,8.5
mısırın kilosu ne kadar 2026,0,0,0,22,6,10.363636363636363,10.166666666666666
hatay mandalina fiyatları,0,0,0,2,8,13,10
malatya hal binası,0,0,0,5,7,11.4,10.285714285714286
elmalı sebze fiyatları,0,0,0,1,1,28,61
hicaz nar fiyatları,0,0,0,5,6,8.8,9
batman hal,0,0,0,34,21,5.794117647058823,5.380952380952381
ankara ayaş domates fiyatları,0,0,0,1,0,3,
patates kg fiyatı,0,0,0,20,10,12.8,6.9
domates kurusunun kilosu ne kadar,0,0,0,0,1,,2
salihli sebze meyve hali fiyatları,0,0,0,2,1,11,2
ankara hâl,0,0,0,0,1,,10
sarı domates fiyatı,0,0,0,1,0,9,
2026 kavun fiyatları,0,0,0,2,7,3.5,3.4285714285714284
kilis hal fiyatları,1,1,0,19,7,8.31578947368421,8.714285714285715
gaziantep hal,0,0,0,60,42,8.216666666666667,8.285714285714285
kızılcığın fiyatı ne kadar,0,0,0,8,4,6.875,11
fiyat bilgisi,0,0,0,2,1,3,2
izmit sebze meyve hali,0,0,0,8,2,10.625,12
1 kg kirschen preis,0,0,0,0,1,,5
hal ne zaman kapalı,0,0,0,0,2,,10.5
samsun sebze hali fiyatları,0,0,0,2,0,9.5,
malatya kayısısı kilosu ne kadar,0,0,0,0,5,,9.6
antalya hal f,0,0,0,1,5,29,70.6
yaş kayısı fiyatı,0,0,0,1,0,6,
erik kilosu kaç para,0,0,0,1,0,7,
taze bamya fiyatı,0,0,0,0,1,,10
50 kilo,0,0,0,1,2,4,1.5
denizli balık hali fiyatları,0,0,0,8,6,11.125,10.5
toptan domates fiyatı,0,0,0,10,10,8.4,7.9
elazığ sebze hali fiyatları,0,0,0,0,3,,8
sebze hali bayrampaşa,0,0,0,0,1,,9
kavunun kilosu ne kadar 2026,0,0,0,36,26,2.3055555555555554,3.230769230769231
keşan hal fiyatları,0,0,0,5,7,9,11.428571428571429
sebze hali gaziantep,0,0,0,15,19,9.4,11.368421052631579
vişne fiyatı 2023,0,0,0,0,1,,9
var,0,0,0,1,0,2,
iskenderun hal,0,0,0,13,15,10,11.333333333333334
bal kabağı nerede satılır,0,0,0,1,0,12,
avokado kaç tl,0,0,0,0,13,,9.615384615384615
ankara hal bülteni,0,0,0,13,11,4.3076923076923075,4.181818181818182
japon eriği kg fiyatı,0,0,0,1,4,1,2.5
mersin toptancılar,0,0,0,1,1,13,13
çarşamba hal,1,1,0,27,21,10.185185185185185,9.714285714285714
100 kilo,0,0,0,1,0,1,
tarlada şeftali fiyatı,0,0,0,7,2,7,8.5
taze mısır fiyatları,0,0,0,7,4,6,3.5
yalova belediyesi hal müdürlüğü,0,0,0,2,0,42,
satis,0,0,0,1,0,3,
turkiyede nekadar,0,0,0,1,0,4,
alaca ekin borsası,0,0,0,2,10,17.5,10.3
gaziantep balık hali fiyatları,0,0,0,2,4,12.5,11.25
antep nohut borsası,0,0,0,0,1,,7
bir tutam maydanoz ne kadar,0,0,0,0,1,,1
a101 soğan fiyatı bugün,0,0,0,2,0,2.5,
limon yatak,0,0,0,8,6,5.75,7.5
enuygun fiyat,0,0,0,0,1,,2
fall creek türkiye,0,0,0,0,1,,9
alaca hububat borsası,0,0,0,3,3,11,10.333333333333334
siverek hal,0,0,0,5,9,8,10
2 kilo domates kaç tl,0,0,0,4,11,6,7
konservelik domates fiyatları,0,0,0,1,0,2,
acur fiyatı,0,0,0,18,21,7,6.809523809523809
2026 yılı üzüm fiyatları,0,0,0,3,4,3.3333333333333335,6
pomelo fiyat,0,0,0,1,0,9,
et fiyatları ankara,0,0,0,3,1,11.333333333333334,13
petemek domates fiyatları,0,0,0,21,11,6.714285714285714,2.909090909090909
taze fasulye kaç para,0,0,0,0,1,,11
ne kazanır,0,0,0,0,1,,2
kuru mısır fiyatları,0,0,0,0,2,,8
kivi kilo fiyatı,0,0,0,1,3,11,14
sungurlu buğday fiyatları,0,0,0,0,1,,9
cin biber,0,0,0,2,14,2,2
1 adet marul kaç tl,0,0,0,1,1,11,10
kahramanmaraşta,0,0,0,0,1,,3
mandalina hangi mevsimde yetişir,0,0,0,0,1,,2
karkas dana eti fiyatı 2026,0,0,0,1,0,10,
afyonkarahisar patates fiyatları,0,0,0,0,4,,21
sivri domates fiyat,0,0,0,1,0,6,
denizli toptancı hali,0,0,0,15,4,16.266666666666666,7.75
bir demet maydanoz ne kadar,0,0,0,1,0,1,
çorum borsa fiyatları,0,0,0,0,1,,17
antakya sebze hali komisyoncuları,0,0,0,4,2,4.75,4
toptancı,0,0,0,0,1,,3
doğukent semt pazarı,0,0,0,0,1,,1
mandalina hal fiyatları,1,1,0,11,7,3.272727272727273,4.285714285714286
biber kilosu ne kadar 2026,0,0,0,6,2,10.5,7
измир,0,0,0,1,0,3,
ankara meyve hali,0,0,0,0,3,,12.666666666666666
mantar çadırı fiyatları,0,0,0,0,1,,81
mısır,0,0,0,0,2,,4
mersin hal mandalina fiyatları,0,0,0,0,10,,5.5
gümüldür mandalina fiyatları,0,0,0,1,6,4,8.166666666666668
link yokmu,0,0,0,1,0,4,
gaziantep salçalık biber,0,0,0,0,1,,3
dometes,0,0,0,0,1,,3
limon?,0,0,0,1,0,3,
2 kasa,0,0,0,0,1,,1
mersin sebze hal fiyatları,0,0,0,6,6,8.666666666666668,9.166666666666666
fiyatı ne kadar?,0,0,0,0,1,,2
siyah domates kilosu ne kadar,0,0,0,3,0,5.666666666666667,
istanbul anadolu yakası sebze meyve hali,0,0,0,6,4,8.333333333333332,9
lamas limon satın al,0,0,0,2,1,10,23
30 kg,0,0,0,0,2,,2.5
gaziantep fıstık hali fiyatları,0,0,0,1,8,7,8
kumluca hali,0,0,0,7,4,7.428571428571429,7.25
migros balkabağı fiyatı,0,0,0,0,1,,2
kurutulmuş domatesin kilosu ne kadar,0,0,0,1,0,3,
brüksel lahanası fiyat,0,0,0,6,4,5.833333333333333,9
şok 'ta patates soğan kaç para 2026,0,0,0,1,0,2,
sungurlu borsa fiyatları,0,0,0,0,1,,9
hal izmir,0,0,0,9,13,8.666666666666668,8.153846153846153
çorum alaca borsa fiyatları,0,0,0,0,22,,10.909090909090908
evde kültür mantarı tohumu nasıl yapılır,0,0,0,1,0,2,
sakarya masaj spa,0,0,0,0,1,,3
bugün mersin hal fiyatları,0,0,0,11,10,9.363636363636363,8.4
sarımsak,0,0,0,1,0,4,
dutun kilosu ne kadar,0,0,0,11,0,9.090909090909092,
هال,0,0,0,2,11,11.5,9.181818181818182
balık hali yorumlar,0,0,0,1,0,4,
çorum borsasında nohut fiyatları,0,0,0,3,2,9.666666666666666,10.5
izmir hal,0,0,0,82,76,10.292682926829269,6.2105263157894735
gürpınar balık hali fiyatları,0,0,0,0,1,,72
1 kilo armut kaç tl,0,0,0,1,5,5,9
yaş incir kg fiyatı,0,0,0,1,0,13,
manav,0,0,0,1,1,2,1
taze incir,0,0,0,0,2,,7.5
limon,0,0,0,2,1,3.5,2
mersin mercimek fiyatları,0,0,0,1,1,73,63
yaban mersini fiyat 2026,0,0,0,3,0,1.6666666666666665,
kompost fiyatları,0,0,0,1,0,3,
bir çuval patlıcan kaç kilo gelir,0,0,0,0,1,,6
kuzu kesim fiyatlari,0,0,0,0,1,,11
siirt sebze hali,0,0,0,7,12,6.857142857142857,5.333333333333333
dalında mandalina fiyatları,0,0,0,71,87,7.661971830985915,6.0344827586206895
izmir hal bülteni,0,0,0,33,76,9.575757575757576,9.381578947368421
kayseri salçalık domates fiyatları,2,2,0,91,54,9.31868131868132,7.555555555555555
5 ton,0,0,0,1,0,1,
üretici olarak,0,0,0,0,1,,6
30 tl nar,0,0,0,0,1,,8
bezelye fiyat,0,0,0,0,4,,10.5
izmit hali,0,0,0,2,0,10,
limon tezgahı,0,0,0,1,0,3,
çorum sungurlu ticaret borsasi buğday fiyatları,0,0,0,9,12,9,8.666666666666668
adana yeni hal,0,0,0,4,4,7,5.75
kuzu baskül fiyatı,0,0,0,18,21,10.055555555555555,13.428571428571429
piyasası nasil,0,0,0,1,0,1,
portakalın kilosu kaç tl,0,0,0,0,6,,7.5
geçen sene üzüm fiyatları,0,0,0,6,1,8.333333333333332,10
incir fiyatı,0,0,0,0,2,,2.5
orhangazi,0,0,0,0,1,,2
ankara ulus hali,0,0,0,1,0,22,
antalya vişne hal fiyatı,0,0,0,1,0,6,
eskişehir hal fiyat listesi,0,0,0,11,9,2.909090909090909,3.2222222222222223
turşuluk cin biber fiyatları,0,0,0,1,0,11,
mersin hali bursa domates fiyatları,0,0,0,8,11,10.25,9.545454545454545
dağ kekiği fiyatı,0,0,0,0,1,,2
1.,0,0,0,1,0,3,
ağrı sebze hali,0,0,0,10,7,7.5,7.428571428571429
kadıköy hali,0,0,0,5,5,12.2,12.8
organik domates fiyatı,0,0,0,13,0,10.76923076923077,
kayseri incesu,0,0,0,1,0,4,
denizli hal,2,2,0,46,59,5.782608695652174,4.796610169491526
kütahya hal,0,0,0,7,10,5.571428571428571,6
çilek kaç tl,0,0,0,1,1,1,10
zeytin yagi fiyati 2026,0,0,0,0,1,,5
konaklı hal fiyatları,0,0,0,4,1,42.75,18
trüf mantarı kilosu,0,0,0,1,0,2,
sivas perakende sebze hali,0,0,0,1,0,13,
yaş bamya fiyatı,0,0,0,1,0,11,
domatesin kg fiyatı,0,0,0,1,2,4,7.5
güncel patlıcan fiyatları,0,0,0,4,4,7,3.5
ank,0,0,0,1,0,2,
elmalı hal,0,0,0,2,1,48.5,45
salçalık domates fiyatları kayseri,0,0,0,16,4,7.25,8.75
anlık hububat fiyatları,0,0,0,0,1,,36
pekmezlik üzüm fiyatları,0,0,0,0,3,,1.6666666666666665
tarlada marul fiyatları,0,0,0,0,5,,7.6
uzum fiyatlari,0,0,0,3,4,9.333333333333334,21.25
hal fiyat,0,0,0,36,31,7.388888888888889,6
gaziantep sebze hal fiyatları,2,2,0,11,26,3.909090909090909,3.8846153846153846
gaziantep mısır borsası fiyatı,0,0,0,1,0,2,
kuzu karkas fiyatı,0,0,0,1,0,9,
kabak fiyatı ne kadar,0,0,0,4,4,3.25,5
konya ereğli hal,0,0,0,10,3,8.9,9.333333333333334
istiridye mantarı kilosu kaç tl 2026,0,0,0,4,6,8.75,9.833333333333334
portakal fiyat,0,0,0,1,0,9,
hicaz narı fiyatı,0,0,0,0,1,,1
elma kilosu,0,0,0,0,1,,39
1 kilo elma kaç tl,0,0,0,0,1,,6
halde incir fiyatları,1,1,0,7,1,4.142857142857142,4
kadıköy meyve sebze hali,0,0,0,4,1,10.5,14
nar 2026,0,0,0,0,1,,11
pazarda taze barbunya fiyatları,1,1,0,38,30,4.078947368421053,3.5
biber hal fiyatları,0,0,0,5,2,4.8,6
turşu sezonu ne zaman,0,0,0,19,1,6.7368421052631575,9
acur fiyat,0,0,0,6,3,5.333333333333333,4
59.90,0,0,0,1,0,3,
bamya güncel fiyat,0,0,0,0,1,,7
kaç tl ye satılır,0,0,0,1,0,2,
tarım kredi soğan fiyatı,0,0,0,1,0,27,
patlıcanın kilosu,0,0,0,5,0,8.2,
çorum buğday borsasi fiyatları,0,0,0,1,0,9,
büyükşehir hal fiyatları,0,0,0,3,3,5.333333333333333,3
cin biberinin kilosu ne kadar,0,0,0,1,4,5,2
portakal fiyatlari,0,0,0,2,6,41.5,18.5
hal soğan fiyatları,0,0,0,4,6,7.5,6.5
niğde sebze meyve hali,0,0,0,7,15,7.142857142857143,8.2
yemiş kilosu ne kadar,0,0,0,1,0,1,
pazarda erik fiyati,0,0,0,0,3,,8.666666666666668
izmir balık hal fiyatları,0,0,0,1,0,5,
kivi toptan fiyatı,0,0,0,4,5,2.75,2.2
kumluca hal fiyatları günlük,0,0,0,1,2,27,12.5
tmo uzum fiyat,0,0,0,0,3,,3
aydın,0,0,0,1,0,3,
2021 soğan fiyatları,0,0,0,0,1,,7
tüccara,0,0,0,2,0,1.5,
engin tarım karaman,0,0,0,1,0,2,
alanya hal avakado fiyatları,0,0,0,3,3,37,36.333333333333336
bezelye fiyatı,0,0,0,5,3,11.4,10
pazarda limon fiyatları,0,0,0,13,5,5.769230769230769,5.6
izmir'de,0,0,0,1,0,2,
bakla kilosu ne kadar,0,0,0,1,2,11,1
ankara kuzu kesim fiyatları,0,0,0,2,2,10,10
1 kilo domates fiyatı,0,0,0,2,2,32,6.5
preseli pamuk fiyatı,0,0,0,0,1,,5
canli baskül kuzu fiyatları edirne,0,0,0,0,2,,11
bamya kaç tl 2026,0,0,0,4,5,6.25,7
limonun kilosu,0,0,0,14,0,8.214285714285715,
malatya kayısı hal fiyatları,0,0,0,3,4,4,4
erdemli dinlenme limon fiyatları,0,0,0,3,1,7.333333333333333,8
mantar serası,0,0,0,1,0,2,
avokado fiyat,0,0,0,1,5,11,23.2
uzun domates fiyatları,0,0,0,1,0,9,
yaş dut,0,0,0,1,0,1,
izmir karpuz fiyatları,0,0,0,0,2,,8.5
fiyatlar nasıl acaba,0,0,0,1,0,2,
elmalı toptancı hal fiyatları,0,0,0,2,0,72,
istiridye mantarı kg fiyatı 2026,0,0,0,6,3,8,7.666666666666667
limon kg,0,0,0,21,1,11.428571428571429,46
adet fiyatı nedir,0,0,0,1,0,6,
1 kg patlıcan kaç tl,0,0,0,2,2,9,10.5
gazipaşa muz fiyatları,0,0,0,1,11,9,7.545454545454546
en ucuz soğan,0,0,0,1,1,6,11
inegöl hal telefon numarası,0,0,0,6,19,12,11.526315789473685
kıvırcık marul fiyatı,0,0,0,12,5,8.583333333333332,10.2
tarım kredi patates fiyatı,0,0,0,1,0,39,
pazarda karpuzun kilosu ne kadar,0,0,0,2,0,7,
gaziantep ticaret borsası,0,0,0,0,1,,2
kara lahana fiyat,0,0,0,0,2,,12
patates tonu ne kadar,0,0,0,1,3,1,7
sarımsak kaç para,0,0,0,2,0,10,
elma ne kadar,0,0,0,0,2,,10
kültür mantarı,0,0,0,14,16,2.2857142857142856,2
limon tarlada ne kadar,0,0,0,5,0,5.6,
mısırın fiyatı,0,0,0,1,0,38,
1 ton domates kaç tl,0,0,0,9,13,3.111111111111111,5
2026 kuru incir fiyatları,0,0,0,1,6,4,10.833333333333334
maraş,0,0,0,4,0,3,
alaca ticaret borsasi buğday fiyatları,0,0,0,6,6,11.166666666666666,10.333333333333334
vişne kilosu kaç tl 2026 fiyatları,0,0,0,1,2,5,5
kuru soğanın fiyatı ne kadar,0,0,0,1,0,1,
kuzu pirzola fiyatı ankara,0,0,0,2,2,11.5,13
muz yerli,0,0,0,1,0,8,
malatya yaş kayısı fiyatları son dakika,0,0,0,0,1,,10
karacabey salçalık domates fiyatları,0,0,0,1,0,3,
ilgın ticaret borsası anlık fiyatları,0,0,0,5,4,8.8,12.25
1 kilo kivi kaç tl,0,0,0,1,1,3,1
gaziantep borsası mercimek fiyatları,0,0,0,3,37,8.333333333333332,9.945945945945946
hal fiyatları sakarya,0,0,0,0,3,,10
kuru üzüm kg fiyatı 2026,0,0,0,16,15,6.5625,8
enginar fiyatı 2026,0,0,0,16,19,9.8125,7.894736842105263
böğürtlen yetiştiriciliği kazanç,0,0,0,1,0,3,
afyon,0,0,0,2,0,2.5,
birinci sınıf,0,0,0,0,1,,1
ahududu fiyati,0,0,0,2,0,7.5,
salihli sebze meyve hali,0,0,0,14,14,12.357142857142858,11.214285714285714
pancar fiyatları,0,0,0,0,2,,8
antalya büyükşehir hal fiyat listesi,0,0,0,1,0,64,
agria patates hal fiyatları,0,0,0,4,0,3.25,
kayısı kilosu kaç tl,0,0,0,1,1,14,8
getirisi ne olur,0,0,0,1,0,2,
erdemli limon,0,0,0,4,9,11.25,11.11111111111111
كم سعر الكيلو؟,0,0,0,1,0,1,
kızılcığın kilosu kaç tl,0,0,0,1,5,1,9.4
marul tane fiyatı,0,0,0,3,3,9,9
muz kaç para,0,0,0,2,0,6.5,
hal konya,0,0,0,0,3,,6.666666666666667
sivas hal fiyatları,0,0,0,27,5,7.555555555555555,8
kuzu kol fiyatı 2026,0,0,0,0,2,,11
migros barbunya fiyatı,0,0,0,0,1,,3
lamas limon fiyatları,0,0,0,4,2,5.25,6.5
kabak fiyatı,0,0,0,23,18,5.826086956521739,8.88888888888889
2026 kabak çekirdeği fiyatları,0,0,0,2,0,3,
kuru erik kilosu ne kadar,0,0,0,2,1,3,3
kekik yaş,0,0,0,2,3,8,1
tekir,0,0,0,0,1,,1
gazipaşa hal fiyatları listesi,0,0,0,0,2,,6.5
antalya hal numaraları,0,0,0,10,13,2.2,2.6923076923076925
şok ta patates soğan kaç para,0,0,0,1,0,3,
ne kadara mal olur,0,0,0,1,0,1,
kızılcık kilosu,0,0,0,8,1,9.75,16
karatay hal,0,0,0,15,15,8,7.266666666666667
kocaeli sebze hali çalışma saatleri,0,0,0,2,0,13,
corum nohut fiyati,0,0,0,1,0,11,
ankara karpuz fiyatları,0,0,0,3,1,5.333333333333333,4
acarlar sebze hali,0,0,0,0,1,,11
2026 çilek üretici fiyatı kg türkiye,0,0,0,4,0,4,
döküntü elma fiyatları,0,0,0,2,3,9,8.333333333333332
1 kasa bursa domates kaç kilo,0,0,0,6,1,8,8
güncel mısır fiyatları,0,0,0,0,8,,10.875
izmir torbalı,0,0,0,1,0,1,
toptancı hal,0,0,0,21,11,7.142857142857143,6.363636363636363
adıyaman sebze hali yol tarifi,0,0,0,6,24,8,8.583333333333332
kavun fiyatları,0,0,0,36,27,10.166666666666666,19.555555555555557
fethiye hal fiyatları bugün,0,0,0,4,3,10.75,15
bursa gemlik,0,0,0,0,1,,3
alaca buğday borsası fiyatları,0,0,0,1,12,10,10.166666666666666
pazarda domatesin kilosu ne kadar,0,0,0,2,8,12,8.375
toptan göbek marul fiyatları,0,0,0,1,0,1,
sebze hal fiyatları,1,1,0,14,15,4.071428571428571,4.933333333333334
a101 #patates soğan fiyatı 2026,0,0,0,1,0,4,
haldan,0,0,0,0,1,,1
tahmini,0,0,0,0,1,,5
semizotunun kilosu ne kadar,0,0,0,0,1,,10
1 kilo erik,0,0,0,0,3,,11
bulgur kilosu ne kadar 2026,0,0,0,24,11,6.333333333333333,8.545454545454547
mersin fasulye borsası,0,0,0,1,0,2,
vişne kaç lira,0,0,0,1,1,10,7
erzincan kuru kayısı fiyatları,0,0,0,1,0,63,
güncel zeytinyağı fiyatları 2026,0,0,0,0,4,,9.25
mersin ticaret borsası nohut fiyatları,0,0,0,1,2,2,2
incir kilosu ne kadar 2026,1,1,0,104,86,5.25,5.546511627906977
1 kg elma kaç tl,0,0,0,0,4,,10
şeftali kg,0,0,0,2,0,3,
kuşkonmaz çeşitleri,0,0,0,0,1,,3
kavun,0,0,0,1,0,1,
ithal mısır fiyatları,0,0,0,2,2,34.5,11.5
batman sebze hali iletişim,1,1,0,10,12,4.4,3.0833333333333335
siyah erik fiyatı,0,0,0,2,2,1,6
japon eriği fiyatları,0,0,0,1,0,3,
tarsus hal,0,0,0,0,1,,9
marul fiyatları,1,1,0,25,10,6.92,6.2
keşan sebze meyve hali,0,0,0,1,1,13,12
alaca nohut fiyatları,0,0,0,5,6,10.2,8
şeftali kaç para,0,0,0,1,4,1,7.75
yalova,0,0,0,0,1,,10
1 kg şeftali,0,0,0,0,1,,71
65 aylıkları kaç para,0,0,0,0,1,,10
istanbul patates fiyatları,0,0,0,3,5,6.666666666666667,6
2 baş sarımsak ne kadar,0,0,0,3,0,10.666666666666666,
1 kilo şeftali kaç tl,0,0,0,10,3,6.9,6
alaca buğday borsası,0,0,0,17,65,9.470588235294118,11.153846153846153
alaca borsası mercimek fiyatları,0,0,0,2,4,10,8
dut kilosu ne kadar,0,0,0,2,2,5.5,3
patlican fiyat,0,0,0,1,1,8,11
fiyat ne olur,0,0,0,0,1,,1
akça armut fiyatları,0,0,0,1,0,5,
zencefil,0,0,0,1,0,4,
van sebze hali,0,0,0,1,48,21,12.0625
çin biber,0,0,0,0,1,,6
halde domatesin kilosu ne kadar,0,0,0,33,18,5.515151515151516,5.444444444444445
bayrampaşa kuru gıda halı fiyatları,0,0,0,0,1,,14
anamur muz fiyatı,0,0,0,1,1,11,10
domates market fiyatları,0,0,0,1,0,1,
dörtyol hal pazarı,0,0,0,29,37,9.931034482758621,10.702702702702704
izmir hal domates fiyatları,0,0,0,4,0,8,
mersin kırmızı mercimek borsası,0,0,0,1,2,4,11
buğday fiyatları,0,0,0,11,6,63.36363636363637,65.33333333333333
çengelköy salatalık fiyatı,0,0,0,2,1,10,10
gebze hal,0,0,0,1,0,4,
pazarda barbunya fiyatları,0,0,0,34,17,6.205882352941177,5.705882352941177
brokoli market,0,0,0,1,1,9,6
a101 sarımsak fiyatı,0,0,0,1,0,3,
acur,0,0,0,1,2,2,3
dana karkas fiyatları,0,0,0,2,0,10.5,
koçan,0,0,0,1,0,4,
kavunun kilosu,0,0,0,1,0,7,
kiraz kilosu ne kadar,0,0,0,6,6,5.833333333333333,3.8333333333333335
kivinin kilosu ne kadar,0,0,0,5,2,10.4,2
narın kilosu ne kadar,0,0,0,13,9,8.538461538461538,9.777777777777779
ankara ulus hali balık fiyatları 2025,0,0,0,12,9,6.75,7.888888888888889
trabzon hurması hal fiyatları,0,0,0,5,0,44.8,
en ucuz hangi markette,0,0,0,1,0,3,
şekerpare kayısı fiyatları,0,0,0,5,2,4,5
patlıcan fiyat,0,0,0,5,7,7.4,5.714285714285714
tarsus hal fiyatları,0,0,0,4,1,34.5,32
geyve hal fiyatları,0,0,0,2,0,10,
sarımsak fiyatı a101,0,0,0,1,0,3,
ver,0,0,0,0,1,,4
yumurta domates fiyatları,0,0,0,0,1,,1
adana narenciye piyasası,0,0,0,0,12,,9.333333333333334
pazarda domates fiyatı,0,0,0,6,3,7,9
patlıcanın kilosu kaç,0,0,0,3,1,7.666666666666667,9
kaç para eder,0,0,0,1,2,1,2
bal kabağı fiyatları sahibinden,0,0,0,4,0,10,
mayer limon fiyatları adana,0,0,0,24,24,8.708333333333332,6.291666666666667
turşu takvimi,0,0,0,1,0,23,
polatlı ticaret borsası yulaf fiyatları,0,0,0,1,0,10,
adana limon,0,0,0,0,1,,12
tüccar,0,0,0,1,0,3,
şalgam turpu nerede satılır,0,0,0,1,0,2,
kuru soğan fiyatları çorum,0,0,0,1,0,18,
patates kilo fiyatı,0,0,0,12,17,9.25,7.9411764705882355
birecik patlıcanı kg fiyatı,0,0,0,1,0,1,
armut şeftali,0,0,0,1,0,10,
tmo kayısı fiyatı 2026,0,0,0,3,0,9.333333333333334,
bursa görükle hal,0,0,0,0,1,,6
güncel mısır fiyatı,0,0,0,0,1,,1
konya misir fiyat,0,0,0,3,0,10,
dana karkas et,0,0,0,3,5,10.333333333333334,10.2
yalova incisi,0,0,0,1,0,1,
maraş hali,0,0,0,4,3,10,8.666666666666668
kayseri büyükşehir belediyesi hal fiyatları,0,0,0,8,4,3.375,4.25
istanbul hali,0,0,0,41,18,9.24390243902439,8.166666666666668
elma arjantin,0,0,0,0,1,,6
erik kurusu fiyatı,0,0,0,2,4,2,2
eskişehir,0,0,0,2,2,4,2.5
greyfurt fiyat,1,1,0,10,3,5.9,4.666666666666666
sungurlu ekin borsa fiyatları,0,0,0,1,1,9,9
barbunya taze fiyat,0,0,0,0,3,,8
adana mısır fiyatları,0,0,0,0,1,,21
karpuz kaç tl 2026,0,0,0,1,1,6,1
erzurum sebze meyve hali yol tarifi,0,0,0,1,1,9,11
fiyatı nedir?,0,0,0,0,1,,4
hal meyve sebze,0,0,0,7,4,7.714285714285714,6
maliyet hesapla,0,0,0,0,1,,2
kocaeli/izmit,0,0,0,1,0,7,
beyaz kiraz fiyatı,0,0,0,2,0,5.5,
halde salçalık biber fiyatları,0,0,0,1,6,11,9.166666666666666
kaç para,0,0,0,1,0,4,
hünnap kg fiyatı,0,0,0,0,3,,9
patlican,0,0,0,0,1,,6
avokadonun kilosu ne kadar,0,0,0,2,4,11.5,9.25
5 kg kornişon turşu fiyatı,0,0,0,0,1,,3
mega center,0,0,0,1,0,4,
ananas kilosu ne kadar,0,0,0,1,0,18,
halden perakende satış,0,0,0,1,3,10,10.666666666666666
antalya hale,0,0,0,0,1,,11
malatya kayısı fiyatları,0,0,0,2,1,10.5,9
antalya kumluca,0,0,0,1,0,5,
nevşehir üzüm fiyatları,0,0,0,1,5,2,5.2
kuşkonmaz nedir,0,0,0,0,1,,3
böğürtleni,0,0,0,1,0,1,
türkiye'de karpuz fiyatları,0,0,0,4,0,1,
pazarda ne kadar,0,0,0,0,1,,3
kokteyl fiyatları 2026,0,0,0,3,0,10,
jalapeno kilosu kaç tl,0,0,0,0,16,,8.1875
adapazarı kabağı satın al,0,0,0,0,1,,10
alaca borsası buğday fiyatları,0,0,0,7,12,9.428571428571429,10.416666666666666
limon piyasa,0,0,0,0,6,,6.166666666666667
2026 salatalık fiyatları,0,0,0,5,1,3.6,18
turp fiyatı,0,0,0,4,4,5.25,7.75
ne kadar kilosu,0,0,0,0,2,,7.5
limon kaç,0,0,0,0,1,,3
1 muz kaç tl,0,0,0,3,2,9,10
çorum hal nerede,0,0,0,1,0,5,
bu ne kadar eder?,0,0,0,1,0,22,
en güncel,0,0,0,0,1,,1
yabani böğürtlen fiyatı,0,0,0,1,0,1,
a101 lahana fiyatları,0,0,0,4,1,8.25,8
kapya biber kilo fiyatı,0,0,0,0,1,,3
kadınbudu köfte,0,0,0,0,1,,1
salçalık domates bursa,0,0,0,0,14,,6.357142857142857
halfiyat,0,0,0,2,3,4,5
elma toptan fiyat,0,0,0,6,9,2.333333333333333,3.4444444444444446
izmir hal fiyatı,0,0,0,7,6,9.142857142857142,9
bugün,0,0,0,1,0,3,
primasol mandalina fiyatları,0,0,0,10,15,8.8,7.866666666666666
mandalina kilosu,0,0,0,3,4,6.666666666666667,6.5
mersin hal fiyatları 2026,0,0,0,8,2,5.75,7
siyah havuç fiyatı,0,0,0,5,4,7.8,9.5
şekerpare kilosu ne kadar 2026,0,0,0,4,0,6.75,
eriğin kilosu,0,0,0,3,4,7.666666666666667,9
salata,0,0,0,0,1,,2
tmo üzüm fiyatları 2026 ne zaman açıklanacak,0,0,0,0,1,,3
domates tarla fiyatı,0,0,0,7,8,7,6.25
mor patates fiyatı,0,0,0,0,1,,34
ankara sebze hali nerede,0,0,0,0,3,,31.333333333333332
bal kabağı fiyatı 2022,0,0,0,5,2,15.2,6
kayısı 1. il,0,0,0,3,0,8.333333333333332,
1 kilo ahududu kaç tl,0,0,0,1,0,10,
nohut borsası,0,0,0,1,0,2,
konya hal çilek fiyatları,0,0,0,0,5,,2.6
ayvanın kilosu ne kadar,0,0,0,2,0,7.5,
1 kg karpuz kaç tl,0,0,0,0,1,,11
halcilik,0,0,0,4,1,44.5,6
her ikisi de,0,0,0,1,1,2,2
limon kilosu,0,0,0,17,5,10.941176470588236,16.8
taze meyve,0,0,0,1,1,6,1
gebze yaş sebze meyve hali,0,0,0,0,2,,13.5
tarsus hali,0,0,0,3,2,30,36
turşu zamanı ne zaman,0,0,0,1,0,9,
20 kilo domates kaç tl,0,0,0,0,8,,6.125
2026 üzüm fiyatları açıklandı mı,0,0,0,19,2,7.157894736842105,6
hangi şehir,0,0,0,1,0,3,
antakya sebze hali yol tarifi,0,0,0,1,0,11,
et fiyatları karkas,0,0,0,3,1,12.333333333333334,15
toptan satmak istiyorum,0,0,0,0,1,,7
konya'daki,0,0,0,0,1,,8
istanbul hal çalışma saatleri,0,0,0,2,0,34,
marmarabirlik zeytin fiyat listesi 2026,0,0,0,0,1,,3
sultanbeyli hal,0,0,0,0,1,,23
washington portakal,0,0,0,0,2,,16.5
kayısı borsası,0,0,0,1,1,95,98
kütahya tavşanlı,0,0,0,1,0,10,
a101 mürdüm eriği,0,0,0,0,1,,6
bursa domates hal fiyatları,0,0,0,6,10,5,4.8
kumluca sebze fiyatları,0,0,0,1,0,31,
peki havuç,0,0,0,1,0,3,
erik fiyat,0,0,0,8,6,5.75,4.166666666666666
izmir hal fiyatları,3,3,0,518,570,8.052123552123552,7.396491228070175
depo çıkışı,0,0,0,1,0,1,
15 dönüm,0,0,0,1,0,1,
domates fiyat,0,0,0,11,22,10.909090909090908,8.636363636363637
karkas et fiyatları ankara,0,0,0,0,2,,10.5
1 demet maydanoz kaç tl,0,0,0,5,7,10,9.285714285714286
karatay toptancı hali,0,0,0,8,8,8,6.625
turp dönüme ne kadar verir,0,0,0,1,0,3,
patlıcan hal fiyatı,0,0,0,6,3,7.666666666666667,7
denizli pinarkent,0,0,0,0,1,,1
sarımsak kilosu kaç para,0,0,0,1,1,10,9
çorum toptancı,0,0,0,2,1,10,11
soğan tarla fiyatı,0,0,0,11,9,5.363636363636363,5.666666666666667
koyun et fiyatları 2026,0,0,0,3,0,10.666666666666666,
kabak kilo fiyatı,0,0,0,0,1,,9
konya karatay sebze hali,0,0,0,15,13,8.933333333333334,8.76923076923077
incir ihracat fiyatları,1,1,0,7,3,3,5
erzurum meyve sebze hali,0,0,0,23,13,10.26086956521739,8.461538461538462
kars sebze hali,0,0,0,6,5,10.833333333333334,11
burdur söğüt hal fiyatları,0,0,0,0,2,,47.5
polatlı borsası canlı,0,0,0,0,7,,9.142857142857142
çanakkale domates fiyatları,0,0,0,14,5,7.571428571428571,9.4
karpuz nekadar,0,0,0,2,0,15,
manisa hali,0,0,0,7,7,8.142857142857142,8.142857142857142
buğdayın kilosu kaç para,0,0,0,0,1,,46
hal meyve,0,0,0,6,0,5.333333333333333,
tokat hal fiyatları bugün,0,0,0,1,0,15,
konya bursa domates fiyatları,0,0,0,10,13,6.1,3.6923076923076925
gaziantep meyve sebze hali,0,0,0,8,6,11.5,10
tarsus sebze hali fiyat listesi,0,0,0,3,0,45,
elmanın kilosu kaç tl,0,0,0,2,4,21,9.25
adana mandalina piyasası,0,0,0,19,40,8.631578947368421,5.025
toptancı hali ankara,0,0,0,3,4,9.666666666666666,9
kabak kg fiyat,0,0,0,3,0,6.666666666666667,
bursa domatesi kg fiyatı,0,0,0,18,17,5.611111111111111,5.823529411764706
taze barbunya kilosu,0,0,0,3,0,6.333333333333333,
halden domates fiyatları,0,0,0,0,1,,1
fethiye karaçulha hal fiyatları,0,0,0,3,0,30.666666666666668,
böğürtlen kg,0,0,0,3,1,3,11
peki ingiltere de,0,0,0,1,0,5,
1 ton mısır kaç tl,0,0,0,0,2,,8.5
şekerpare kayısı kg fiyatı,0,0,0,1,2,6,1
istanbulda kiraz fiyatları,0,0,0,0,5,,55.4
domates fiyati türkiye,0,0,0,1,2,8,3.5
kadıköy hal,0,0,0,7,33,11.142857142857142,10.575757575757576
polatlı bugday fiyatları,0,0,0,0,1,,51
ekmeklik buğday fiyatları,0,0,0,1,1,21,31
meyve sebze hali izmir,0,0,0,12,8,10.416666666666666,9.125
pembe domates fiyatları,0,0,0,1,0,8,
35kg,0,0,0,1,0,6,
ahududu fiyatı ne kadar,0,0,0,2,0,5.5,
taze bakla fiyatı,0,0,0,0,2,,9
uygun,0,0,0,0,1,,1
gaziantep sebze hali nerede,0,0,0,0,1,,11
toptan meyve fiyatları,0,0,0,7,5,29.285714285714285,23.8
toptan domates,0,0,0,3,1,8,9
1 ton patates kaç tl,0,0,0,7,8,3.2857142857142856,4.625
muğla,0,0,0,1,1,1,6
taze barbunya kg fiyatı,0,0,0,8,0,5.875,
konya vişne fiyatları,0,0,0,1,0,1,
kastamonu sarımsak kilosu ne kadar,0,0,0,0,1,,1
kuru incir kg fiyatı 2026,0,0,0,1,21,11,10.428571428571429
dolmalık biber fiyat,0,0,0,2,3,10,2
patates market fiyatları,0,0,0,5,4,6.8,11.5
izmir hali sebze fiyatları,0,0,0,3,15,26,14.4
pazar fiyatı,0,0,0,5,2,2.8,1.5
pazarda nar fiyatı,0,0,0,7,10,6.571428571428571,4.6
erik fiyatı migros,0,0,0,0,1,,3
arpa kilosu kaç tl,0,0,0,0,1,,10
kuru domatesin kilosu ne kadar,0,0,0,0,1,,3
1 kg soğan kaç tl,0,0,0,0,1,,8
ankara toptanci hali telefon rehberi,1,1,0,8,16,7,6.0625
malatya kayısı kilosu ne kadar,0,0,0,2,0,8.5,
bamyanın kilosu ne kadar,0,0,0,0,1,,2
üzüm kaç tl,0,0,0,0,4,,6
hal 33,0,0,0,0,3,,4.333333333333334
istanbul hali meyve fiyatları,0,0,0,0,5,,3.4
erik hal,0,0,0,0,1,,2
telefonu,0,0,0,0,1,,2
elazığ,0,0,0,1,0,3,
antalya toptancı hali sebze fiyatları,0,0,0,2,0,14.5,
kiwi fiyat,0,0,0,0,1,,5
sarımsak kilo,0,0,0,1,0,1,
hal fiyatları antalya,0,0,0,1,1,26,57
adana sebze hali,1,1,0,125,144,5.936,5.888888888888889
malatya da kuru kayısı fiyatları,0,0,0,1,0,3,
istanbul avcılar,0,0,0,1,1,3,9
1 kg böğürtlen fiyatı,0,0,0,4,1,5.5,6
erik ekşisi nerede satılır,0,0,0,1,0,3,
fiyatı,0,0,0,7,4,3.142857142857143,3
izmir hali,0,0,0,1,1,20,20
soğan tarlada ne kadar,0,0,0,4,2,6.5,7.5
toptancı hal sitesi,0,0,0,1,0,9,
kayısı hal fiyatları,0,0,0,0,4,,1.25
tmo mercimek fiyatı,0,0,0,0,1,,8
en uygun rio domates fiyatları,0,0,0,0,1,,19
taze börülce kilosu ne kadar,0,0,0,3,0,4,
anadolu yakası sebze hali,0,0,0,5,6,11.4,10.5
domatesin kilosu kaç lira,0,0,0,4,10,8.5,10
mürdüm eriği kurusu fiyatı,0,0,0,2,0,2,
zeytinyağı alım fiyatları,0,0,0,1,0,5,
bayrampaşa hal müdürlüğü,0,0,0,1,0,40,
patates kaç tl 2026,0,0,0,0,3,,7
kuş konmaz fiyatı,0,0,0,2,0,12,
sera marka,0,0,0,0,1,,1
anamur,0,0,0,1,0,2,
soğan kaç para,0,0,0,2,2,1,5
satım,0,0,0,0,1,,2
sarımsak ne kadar,0,0,0,3,1,11.333333333333334,11
bugün mısır fiyatı ne kadar,0,0,0,5,6,10.4,10.666666666666666
edremit borsasi zeytinyağı fiyatları,0,0,0,2,3,7,8
1 kilo domates,0,0,0,0,4,,11.5
adıyaman koçali köyü,0,0,0,0,1,,5
antalya toptanci hali sebze fiyatları,0,0,0,0,2,,7.5
dut fiyatları,0,0,0,0,1,,18
patlıcan ne kadar,0,0,0,4,1,10,11
antalya hal nar fiyatları,1,1,0,30,53,6.7,5.716981132075472
borsada nohut fiyatları,0,0,0,2,0,11.5,
mantar fiyatları 2026,0,0,0,7,3,4.428571428571429,2
domates beef,0,0,0,9,0,10.222222222222221,
halde vişne fiyatları istanbul,0,0,0,4,0,4,
adapazarı bal kabağı fiyatları,0,0,0,9,6,7.444444444444445,8.666666666666668
2026 nar,0,0,0,1,0,7,
ankarada ne kadar,0,0,0,0,1,,8
kocaeli hali,0,0,0,1,12,8,9.25
taşköprü sarımsak fiyatları,0,0,0,1,0,3,
2026 zeytinyağı fiyatları,0,0,0,1,2,11,11
nar kg fiyatı,0,0,0,5,5,7.2,8
malatya kayısı borsası,0,0,0,4,0,42,
kazancım ne olur,0,0,0,1,1,2,3
adana sebze hali konumu,0,0,0,0,1,,12
niye bu kadar pahalı,0,0,0,1,0,1,
yeni sezon incir fiyatları,0,0,0,1,0,11,
mersin sebze hali komisyoncuları,1,2,1,9,3,35.44444444444444,2.333333333333333
yeşil fasulye kilosu ne kadar 2026,0,1,1,15,15,2.9333333333333336,2.466666666666667
hurda incir fiyatları 2026,0,1,1,19,10,10,10.1
ordu hal,0,1,1,20,20,9.3,9.5
antalya toptanci hali,0,1,1,4,7,12.75,11.142857142857142
elazığ komisyon evi,1,2,1,8,4,5.5,3.75
erik fiyatları,0,1,1,9,17,4.444444444444445,3.9411764705882355
anamur muzbir muz fiyatları,0,1,1,7,7,6.285714285714286,5.142857142857143
semt pazarları,0,1,1,0,1,,5
ne zaman yükselişe geçer,0,1,1,0,1,,1
üzüm fiyati,0,1,1,3,3,2,7.666666666666667
batman sebze hali,1,2,1,50,73,9.14,8.164383561643834
hal sebze meyve fiyatları,0,1,1,7,9,4.428571428571429,4.666666666666666
batman sebze hali komisyoncuları,0,1,1,2,10,4,3.8
mardin sebze hali,0,1,1,11,16,5.545454545454546,5.8125
hal kayseri,0,1,1,11,16,9.090909090909092,8.1875
karnabahar fiyatları,0,1,1,0,4,,3.75
aydın hal,0,1,1,12,13,9.25,8.538461538461538
kekik kg fiyatı 2026,0,1,1,13,11,3.8461538461538463,5.090909090909091
k maraş hal fiyatları,4,5,1,116,57,2.594827586206897,2.333333333333333
bayrampasa hal,0,1,1,2,6,9.5,8.666666666666668
bursa hali domates fiyatları,0,1,1,3,3,4.333333333333334,5
hal pazarı,0,1,1,24,29,8.208333333333332,8.413793103448276
danelik mısır fiyatı 2026,0,1,1,1,5,11,11.4
tokat sebze hali,0,1,1,50,45,4.96,5.044444444444444
kızılcık kilosu ne kadar 2026,0,1,1,0,19,,2.2105263157894735
gaziantep sebze hali fiyat listesi,1,2,1,11,14,17.727272727272727,11
antalya toptancı hali komisyoncular listesi,0,1,1,1,3,5,3
amasya sebze hali fiyatları,0,1,1,10,4,8.6,9.5
alanya sebze hali fiyatları,0,1,1,39,34,7.769230769230769,8.205882352941178
antalya hal komisyoncuları telefonları,0,1,1,11,8,2,2
hal bülteni,0,1,1,67,68,9.417910447761194,10.191176470588236
2026 incirin kilosu ne kadar,0,1,1,12,5,7.666666666666667,4.8
adıyaman sebze hali,0,1,1,25,25,7.36,6.24
yatak limon fiyatı,0,1,1,9,1,3.7777777777777777,1
van hal fiyatları,0,1,1,1,4,11,9
muz toptan fiyat,0,1,1,4,2,1,2
şeftali piyasası,0,1,1,26,24,4.423076923076923,6.416666666666667
karnabahar hal fiyatları,0,1,1,14,6,22.714285714285715,7.666666666666667
anjelika erik hal fiyatları,1,2,1,9,5,2.5555555555555554,2.8
bursa hal telefon numarası,0,1,1,10,9,5.1,11.333333333333334
istanbul sebze meyve hali telefon numaraları,0,1,1,18,11,9.222222222222221,6.363636363636363
niğde hal telefon numarası,0,1,1,1,19,8,5.368421052631579
erik fiyatları ne kadar,0,1,1,1,3,5,5.666666666666667
kasa fiyatı,0,1,1,1,1,3,3
kocaeli meyve sebze hali,0,1,1,11,8,8.181818181818182,10.375
konya domates fiyatları,0,1,1,14,12,4,3.4166666666666665
amasya hali,0,1,1,4,14,9.5,7.357142857142857
mersin portakal fiyatları,0,1,1,20,13,5.2,5.615384615384615
ankara hal numaraları,0,1,1,16,15,7.4375,4.933333333333334
kocaeli sebze meyve hali komisyoncuları,2,3,1,27,13,4.37037037037037,3.230769230769231
soğan fiyatlari,0,1,1,2,5,7,4.8
barbunya fiyatları,0,1,1,24,15,9.5,7
kızılcık kilosu kaç tl,1,2,1,71,91,6.690140845070423,8.505494505494505
istanbul sebze hali fiyatları,21,22,1,329,282,4.805471124620061,4.634751773049645
limon piyasası adana,2,3,1,155,245,8.883870967741935,6.412244897959184
denizli hal fiyatı,0,1,1,9,2,3.3333333333333335,3
istanbul limon fiyatları,1,2,1,18,14,4.111111111111111,3.5
batman hal pazarı,0,1,1,11,4,8.818181818181818,8
hal bülteni istanbul,0,1,1,19,15,3.6315789473684212,4.8
kuzu eti fiyatı 2026,0,1,1,5,3,10,7
ankara sebze hali komisyoncuları,2,3,1,15,15,3.1333333333333333,3.7333333333333334
w murcott mandalina fiyat,0,1,1,24,31,8.583333333333332,8.870967741935484
düzce hal yol tarifi,0,1,1,1,1,8,13
ben satıcam,0,1,1,0,1,,2
elazığ hal,1,2,1,45,22,5.4222222222222225,5.590909090909091
cevap,0,1,1,0,1,,5
ayva hal fiyatları,0,1,1,0,8,,4.25
nar piyasası,2,3,1,202,187,4.3316831683168315,4.213903743315508
antakya sebze hali fiyatları,0,1,1,14,5,8.285714285714285,6.4
en uygun domates,0,1,1,8,5,11.125,11.8
konya adnan menderes hali fiyatları,5,6,1,45,34,2.2666666666666666,2.0294117647058822
istanbul sebze hali nerede,0,1,1,12,15,6.916666666666667,8.2
pazarda patatesin kilosu ne kadar,0,1,1,6,8,8.166666666666668,5
malatya kayısı fiyatı,0,1,1,0,2,,7.5
carrefoursa karpuz fiyatları,0,1,1,0,1,,2
incir piyasası,0,1,1,3,12,9.666666666666666,8.583333333333332
mısır fiyatları 2026,1,2,1,92,38,9.641304347826088,10.763157894736842
mantarın kilosu ne kadar 2026,0,1,1,10,4,3.8,2.5
adana sebze hali telefon numarası,0,1,1,16,17,6.4375,6
ankara,0,1,1,10,2,5.3,5.5
salçalık domates tarla fiyatı,0,1,1,2,7,11,8.857142857142858
kuru üzüm fiyatı 2026,0,1,1,28,32,7.928571428571429,7.3125
saticiyim,0,1,1,0,1,,3
istanbul domates fiyatları,0,1,1,13,9,5.615384615384615,5.777777777777778
nar fiyatları,4,5,1,342,300,4.842105263157895,6.006666666666667
hal fiyatları kayseri,1,2,1,97,97,4.577319587628866,4.381443298969073
köy domatesi fiyatı,0,1,1,1,5,1,13.2
bursa yıldırım,0,1,1,0,1,,6
bal kabağı kilo fiyatı,0,1,1,3,6,1,7
nar kilosu ne kadar 2026,0,1,1,13,13,2.9230769230769234,3.230769230769231
çürük incir fiyatları,0,1,1,7,16,7.857142857142857,7.125
bamya hal fiyatı,0,1,1,6,5,2,2.4
brokoli fiyat,0,1,1,32,35,4.625,5.914285714285715
limon piyasası erdemli,0,1,1,3,9,6.333333333333333,4
mayer limon fiyat,0,1,1,3,8,5,4.875
kocaeli hal fiyat listesi,0,1,1,10,9,3.3,3
ankara hal domates fiyatları,0,1,1,10,12,6.2,4.833333333333334
kilis sebze hali,0,1,1,5,10,8.8,10.7
pembe domates hal fiyatı,0,1,1,10,9,3.7,4.444444444444445
diyarbakır hal,0,1,1,1,2,1,3
sardalya,0,1,1,0,1,,1
trabzon sebze hali telefon,0,1,1,10,11,8.4,6.2727272727272725
asemkom hal fiyatları,0,1,1,7,10,10.142857142857142,6.6
hal sarımsak fiyatları,0,1,1,3,1,4.333333333333334,1
hatay iskenderun hal fiyatları,0,1,1,9,12,8.222222222222221,6.166666666666667
eskişehir hal,2,3,1,32,34,4.8125,3.235294117647059
kuzu karkas et fiyatları 2026,0,1,1,26,12,10.038461538461538,9.333333333333334
hal nar fiyatları,1,2,1,16,21,4.875,4.0476190476190474
elazığ sebze hali telefon numarası,2,3,1,31,27,4.64516129032258,3.962962962962963
hal elma fiyatları,0,1,1,4,2,9.5,5
bursa domates fiyatı,0,1,1,15,18,4.866666666666667,4.777777777777778
dondurulmuş böğürtlen fiyatı,0,1,1,0,1,,6
salçalık domates fiyatları,9,10,1,545,476,7.7357798165137615,7.243697478991597
iskenderun hal pazarı,0,1,1,25,26,10.8,10.538461538461538
mersin hal fiyatları günlük 2026 fiyatları,0,1,1,49,53,9.346938775510203,8.50943396226415
mürdüm eriği fiyat,0,1,1,2,5,11.5,3.6
bursa balık hali palamut fiyatları,7,8,1,135,102,3.3925925925925924,3.4411764705882355
malatya meyve sebze hali,0,1,1,7,10,3.5714285714285716,2.8
en ucuz domates,0,1,1,3,4,10.333333333333334,7.25
bayrampaşa hal komisyonculari,0,1,1,1,5,7,3.2
yeşil fasulye fiyatı 2026,1,2,1,52,45,2.8076923076923075,2.7555555555555555
kızıltepe sebze hali,0,1,1,1,10,12,12.2
taze barbunya fiyatları,1,2,1,13,5,4.615384615384615,6.2
adana mandalina fiyatları,1,2,1,197,382,7.401015228426396,6.390052356020942
toptan sarımsak fiyatları,0,1,1,13,10,6,6.2
yaş üzüm fiyatı,1,2,1,92,68,4.25,4.6911764705882355
kızılcık fiyatı,0,1,1,109,70,6.009174311926605,7.542857142857143
sivas sebze meyve hali,0,1,1,5,13,7.4,7.461538461538462
limon kaç tl,0,1,1,8,4,2.125,1.25
ankara hal sebze fiyatları,0,1,1,28,52,4.964285714285714,4.8076923076923075
patates kilosu kaç tl,0,1,1,6,4,7.166666666666667,8
istanbul hali fiyatları,0,1,1,7,6,25.571428571428573,4
bursa hal kataloğu,0,1,1,5,5,3.8,3.6
kırıkhan sebze hali,0,1,1,11,16,9.363636363636363,9.6875
taze fasulye kilosu ne kadar 2026,1,2,1,21,14,3.3333333333333335,2.642857142857143
kuru soğan tarla fiyatı,0,1,1,6,5,4.5,4.2
kekik fiyatları izmir ticaret borsası,0,1,1,1,21,10,8.285714285714285
samsun sebze meyve hali,0,1,1,33,21,8.484848484848484,8.333333333333332
osmaniye hal,1,2,1,73,53,7.7534246575342465,6.735849056603773
domates salçalık,0,1,1,1,5,8,18.8
iskarta elma fiyatları,0,1,1,6,36,10,9.11111111111111
istanbul hal fiyat,0,1,1,7,7,4.142857142857142,4
gazipaşa hali sebze fiyatları,0,1,1,1,1,13,11
dörtyol sebze hali telefon numarası,0,1,1,17,24,11.882352941176471,9.875
soğan tarlada kaç para,0,1,1,21,14,6.523809523809524,6
mürdüm eriği fiyatı,1,2,1,29,13,1.2758620689655173,3.076923076923077
iskenderun hal fiyatları,0,1,1,20,27,7.65,6.925925925925926
satış,0,1,1,1,1,2,5
polatlı kuru soğan fiyatları 2026,3,4,1,41,37,2.8780487804878048,3.324324324324324
sarımsağın kilosu ne kadar 2026,0,1,1,18,16,4.166666666666666,6
bursa balık hali fiyatları,9,10,1,236,194,2.2033898305084745,3.2577319587628866
kırmızı pancar hal fiyatları,0,1,1,4,10,4.25,5.1
izmir hal fiyatlari,0,1,1,9,24,11.555555555555555,8.666666666666668
zeytinyağı piyasası,0,1,1,1,2,4,7
yenimahalle hal,0,1,1,0,3,,11
gaziantep salatalık hal fiyatı,0,1,1,14,7,4.428571428571429,5
çanakkale balık hali fiyatları,0,1,1,32,26,8.53125,6
kekik kilosu ne kadar 2026,0,1,1,31,29,3.7419354838709675,4.172413793103448
toptan kekik alan firmalar,0,1,1,1,2,2,3
2026 yaş üzüm fiyatları,0,1,1,10,4,2.8,6.5
düzce hal fiyatları,0,1,1,1,1,2,7
şanlıurfa sebze meyve hali,0,1,1,3,10,10.666666666666666,10.1
dut kilosu ne kadar 2026,0,1,1,3,8,1.3333333333333333,1.625
papaz eriği fiyat,0,1,1,2,2,2,2.5
taze fasulye fiyatı 2026,1,2,1,40,31,2.825,2.5483870967741935
soğan fiyat,2,3,1,20,23,4.6,5.086956521739131
hünnap kg fiyatı 2026,1,2,1,32,31,1.9375,1.8064516129032258
kırmızı mercimek toptan fiyatı,0,1,1,0,2,,1
istanbul pazar fiyatları,0,1,1,8,8,19.5,5.375
red globe üzüm fiyatı,0,1,1,0,5,,11.2
kirazın kilosu,0,1,1,2,3,5.5,3.3333333333333335
bursa hal pazarı,0,1,1,20,12,6.8,6.333333333333333
kızılcık meyvesi fiyatı,0,1,1,45,1,8.044444444444444,15
dörtyol hal fiyatları,0,1,1,16,18,7.8125,6.388888888888889
üzüm fiyatları açıklandı mı,0,1,1,34,20,5.5,8.15
brokoli hal fiyatları,0,1,1,11,5,25.181818181818183,5.8
kiraz ne kadar,0,1,1,4,2,5,4
salçalık domates hal fiyatları,0,1,1,5,22,5.8,5.954545454545454
balıkesir sebze hali,0,1,1,10,11,3.1,2.909090909090909
kuru bakla fiyatı,0,1,1,1,3,38,23
köy domates fiyatı,0,1,1,3,1,10.666666666666666,1
osmaniye hal telefon numarası,0,1,1,45,21,9.933333333333334,8.476190476190476
dikenli limon fiyatları,0,1,1,26,27,9.26923076923077,8.62962962962963
bal kabak kg fiyatı,0,1,1,29,29,6.896551724137931,6.206896551724138
toptan meyve sebze fiyatları,0,1,1,4,6,22,7.5
tokat hal telefon numarası,0,1,1,0,6,,2.5
pazarda kızılcık fiyatları,0,1,1,12,13,4.25,5.076923076923077
fasulye fiyatları,0,1,1,67,52,7.164179104477612,7.923076923076923
domates hal fiyatı,1,2,1,33,23,5.848484848484849,5.173913043478261
1 kilo erik kaç tl 2026,0,1,1,7,11,2,2.909090909090909
bandırma hal fiyatları,1,2,1,47,40,5.382978723404255,5.125
kekik toptan fiyatı,0,1,1,10,11,5.2,5.181818181818182
salatalık fiyatları,0,1,1,12,11,5.416666666666667,4.090909090909091
mersin sebze hali,0,1,1,51,56,9.745098039215685,9.410714285714286
nohut kg fiyatı 2026,0,1,1,54,49,7.87037037037037,8.857142857142858
salçalık domates fiyat,0,1,1,9,6,6.555555555555555,6.5
trabzon sebze hali fiyatları,1,2,1,21,17,2.9523809523809526,3.176470588235294
şeftali fiyatları,0,1,1,47,43,4.659574468085106,10.023255813953488
balıkesir hal komisyoncuları,1,2,1,3,5,1.3333333333333333,2
patlıcan pazar fiyatı,0,1,1,3,14,4.666666666666666,5.428571428571429
ıspanak hal fiyatı,0,1,1,3,7,7.333333333333333,4.428571428571429
mantar kg fiyatı,0,1,1,6,1,6.833333333333333,1
konya sebze hali fiyatları,8,9,1,68,62,2.985294117647059,2.225806451612903
bamyanın kilosu ne kadar 2026,0,1,1,39,49,7.128205128205129,6.244897959183674
kayseri hal fiyatları bugün,1,2,1,57,51,5.684210526315789,5.1568627450980395
ankara ulus halinde balık fiyatları,0,1,1,0,16,,7.375
ortaca limon fiyatları,0,1,1,5,7,7.2,6
çavdar fiyatları 2026,0,1,1,12,12,7.5,7
kocaeli sebze hali fiyatları,0,1,1,21,34,5.380952380952381,5.205882352941177
jalapeno fiyat,0,1,1,15,11,6,9.909090909090908
kivi hal fiyatları,1,2,1,7,10,3.2857142857142856,1.6
abb hal fiyatları,0,1,1,25,20,6.16,4.95
taze fasulye pazar fiyatı,1,2,1,15,25,4.666666666666666,3.76
eskişehir sebze hali,1,2,1,27,53,7.148148148148148,6.30188679245283
samsun sebze hali,1,2,1,61,54,8.426229508196721,7.944444444444445
toptan bamya fiyatları,0,1,1,2,3,3,2
turşu salatalık fiyatı,0,1,1,0,1,,4
halde fasulye fiyatları,0,1,1,5,4,3.6,3.75
limon fiyat,0,1,1,54,28,7,7.464285714285714
1 kilo domates kaç tl,0,1,1,12,12,7.666666666666667,8.416666666666668
amasya sebze hali,0,1,1,16,29,10.5,8.03448275862069
bursa balık hali balık fiyatları,2,3,1,32,57,2.625,6.4035087719298245
bal kabağı kg,0,1,1,7,1,6,6
1 kilo limon kaç tl,0,1,1,14,6,8.928571428571429,6.166666666666667
kayseri hal fiyatı,0,1,1,15,10,4.8,4.1
barbunya toptan fiyatları,1,2,1,6,5,1.5,1.6
hatay hal fiyatları,1,2,1,70,51,4.885714285714286,4.215686274509804
patates fiyatları hal,7,8,1,47,47,5.723404255319149,3.3617021276595747
pazarda pırasa fiyatı,0,1,1,1,7,8,5.714285714285714
2026 mısır alım fiyatları,0,1,1,19,22,10.421052631578947,10
yaban mersini toptan fiyat,2,3,1,25,22,1.8,1.5909090909090908
kabak fiyatları hal,1,2,1,3,5,4,2.8
pancar kilosu ne kadar 2026,0,1,1,10,8,8.8,4
şanlıurfa hal,0,1,1,24,22,6.875,6.818181818181818
hal fiyatları gaziantep,2,3,1,35,31,8.17142857142857,4.064516129032258
halde salçalık domates fiyatı,0,1,1,29,21,5.862068965517241,5.9523809523809526
barbunya fiyatları antalya hali,0,1,1,0,5,,4
istanbul halde domates fiyatları,0,1,1,3,8,4.333333333333334,5.25
ankara hal fiyat,0,1,1,9,9,4.666666666666666,4.888888888888889
portakal hal fiyatları,0,1,1,3,6,5,6.666666666666667
kuzu karkas fiyatları 2026,0,1,1,3,3,10.666666666666666,8.333333333333332
ankara büyük hal,0,1,1,3,9,11,9.666666666666666
acur hal fiyatları,1,2,1,6,10,3.6666666666666665,3.8
çürük elma fiyatları,0,1,1,14,28,9.428571428571429,7.357142857142857
çilek fiyatı hal,0,1,1,11,10,5.636363636363637,7.1
2026 elma fiyatları,2,3,1,48,41,3.875,3.731707317073171
izmir kekik fiyatları,0,1,1,22,9,5.954545454545454,6.555555555555555
2026 tariş zeytinyağı fiyatları,0,1,1,0,1,,3
bamya fiyatları 2026,0,1,1,16,22,7.5625,7.590909090909091
kivi fiyatları 2026,0,1,1,16,27,2.1875,2.4074074074074074
alanya sebze hali komisyoncuları,0,1,1,2,4,13,12
sakarya hal,1,2,1,55,53,9.581818181818182,9.679245283018869
toptan limon,1,2,1,2,3,2.5,1
mürdüm eriği pazar fiyatı,0,1,1,10,11,5.6,6.2727272727272725
fiyat nedir,0,1,1,2,2,2.5,2
kavak patates fiyatları,0,1,1,22,39,7.045454545454546,6.3076923076923075
osmaniye hal fiyatları,1,2,1,88,22,6.3522727272727275,4.590909090909091
bayrampaşa hal komisyoncuları,2,3,1,28,26,3.2857142857142856,4.076923076923077
salihli hal komisyoncuları,0,1,1,3,7,7.666666666666667,7.285714285714286
domates indirimi,0,1,1,1,1,34,39
bal kabağı hal fiyatları,1,2,1,5,13,2.6,3.3846153846153846
bursa balik hali,0,1,1,35,6,10.6,13
beyaz incir fiyatları,0,1,1,0,5,,5
güncel kuru soğan fiyatları,0,1,1,10,8,5.6,4.25
kornison salatalik fiyat,0,1,1,12,2,9,7
ankara hali fiyat listesi,0,1,1,21,23,9.19047619047619,3.652173913043478
nar hal fiyatları,1,2,1,38,37,4.578947368421053,3.4594594594594597
bal kabağı fiyatı,4,5,1,71,99,4.422535211267606,4.404040404040404
turp fiyat,0,1,1,3,4,5.333333333333333,6.75
edirne kuzu baskül,0,1,1,0,3,,9.333333333333334
kekik piyasası,0,1,1,47,53,4.723404255319149,5.754716981132075
edremit ticaret borsası zeytinyağı fiyatları,0,1,1,31,96,9.290322580645162,8.916666666666668
kayısı fiyatları 2026,1,2,1,17,29,5.117647058823529,5.275862068965517
pazarda ayva fiyatları,0,1,1,3,5,6.666666666666667,4.6
hamsi fiyatı ankara,0,1,1,0,4,,2.75
istanbul bayrampaşa hali,0,1,1,7,4,7.714285714285714,8.5
güncel salatalık fiyatları,0,1,1,5,3,1.8,3.6666666666666665
eskisehir,0,1,1,0,2,,4.5
salçalik biber hal fiyatları,0,1,1,18,11,6.666666666666667,5.7272727272727275
acur fiyatları,0,1,1,1,7,10,4.857142857142858
karnabahar fiyatı,0,1,1,2,2,3.5,3.5
istanbul hal fiyatı,0,1,1,35,24,4.514285714285714,4.708333333333334
ulus hal balık fiyatları,2,3,1,134,64,8.111940298507463,7.1875
istanbulda domates fiyatları,0,1,1,2,5,8.5,9.4
pazarda kabak fiyatları,0,1,1,6,14,4.833333333333334,3.857142857142857
ankara domates fiyatları,0,1,1,27,21,7.444444444444445,5.857142857142857
konya elma fiyatları,0,1,1,2,10,3.5,4.4
güncel hal fiyatları,1,2,1,11,12,7.454545454545454,5
kütlü pamuk,0,1,1,0,1,,2
trabzon sebze meyve hali,0,1,1,54,29,10.277777777777779,8
konya patates fiyatları,0,1,1,3,6,3.6666666666666665,4.166666666666666
kereviz fiyat,0,1,1,11,7,9.636363636363637,10.285714285714286
ereğli hal fiyatları,0,1,1,7,3,5.714285714285714,6.666666666666667
bezelye fiyatları 2026,0,1,1,3,9,3.6666666666666665,3.5555555555555554
hal fiyatları denizli,0,1,1,21,19,3.142857142857143,3.210526315789474
konya kapya biber fiyatları,0,1,1,3,14,3.3333333333333335,3.857142857142857
taze fasulye fiyatı hal,0,1,1,27,13,4.333333333333334,3.4615384615384617
sırık fasulye fiyatları,0,1,1,0,3,,4.333333333333334
limon fiyatları mersin,0,1,1,37,38,8.945945945945946,5.105263157894737
tarsus hal kompleksi,0,1,1,1,2,10,15.5
bal kabağı fiyat,0,1,1,7,5,4.285714285714286,2.8
kahramanmaraş hal fiyatı,0,1,1,15,18,2.4,2.2222222222222223
portakal fiyatları 2026,1,2,1,11,27,5.090909090909091,5.185185185185185
çilek kg fiyatı,0,1,1,34,24,7.764705882352941,13.791666666666666
ısparta hal,0,1,1,29,32,8.310344827586206,7.90625
portakal,0,1,1,1,1,3,1
iskenderun sebze hali,0,1,1,20,16,10.6,11.0625
incir fiyat listesi,0,1,1,0,1,,6
niğde patates fiyatı,0,1,1,26,50,6.961538461538462,6.68
pazarda kiraz fiyatları,0,1,1,1,4,5,4.75
kekik fiyatları,3,4,1,255,278,6.105882352941176,7.115107913669065
yenişehir salçalık domates,0,1,1,0,2,,20.5
düzce hal,0,1,1,6,11,7.666666666666667,7.181818181818182
eylül ayı,0,1,1,0,2,,1.5
salatalık kilosu kaç tl 2026,0,1,1,3,7,1.6666666666666665,2.142857142857143
hal kompleksi,0,1,1,29,17,9.689655172413794,9.235294117647058
market soğan fiyatları,0,1,1,7,7,4.857142857142858,4.142857142857142
toptan elma fiyatları,0,1,1,21,30,4.476190476190476,5.966666666666667
karkas et fiyatlari,0,1,1,10,5,10.6,10.4
bursa hal kapya biber fiyatları,0,1,1,2,4,3.5,2.5
ahududu toptan fiyatı,0,1,1,5,2,1.8,2
ödemiş patates fiyatları,1,2,1,32,36,5.375,6.666666666666667
karacabey domates fiyatları,0,1,1,4,3,9.25,9
domatesin kilosu ne kadar 2026,0,1,1,23,24,2.8260869565217392,3.7083333333333335
konya karatay hali,0,1,1,13,8,10.923076923076923,9
kayseri hal,3,4,1,188,218,9.127659574468085,6.729357798165138
salçalık domates fiyatı,4,5,1,287,165,8.198606271777003,7.121212121212121
adana büyük hal,0,1,1,11,31,10,9.612903225806452
hal domates fiyatları,0,1,1,39,34,7.410256410256411,8.382352941176471
nigde hal,0,1,1,0,4,,5.25
karatay hal fiyatları,1,2,1,14,13,2.142857142857143,2.1538461538461537
tarlada limon fiyatı,0,1,1,44,59,6.136363636363637,6.389830508474576
pazarda börülce fiyatları,0,1,1,8,3,5.375,1
patlıcan fiyatı 2026,0,1,1,25,15,1.76,1.8
cin biberi fiyatı,0,1,1,9,14,5.222222222222222,5.928571428571429
karkas kuzu fiyatı,0,1,1,27,20,10.37037037037037,10.15
kornişon hal fiyatları,1,2,1,8,11,6.625,4.818181818181818
turşuluk salatalık kilosu ne kadar,0,1,1,13,2,8.307692307692307,10.5
asemkom hal bülteni,0,1,1,5,33,9.2,9.393939393939394
halde domates ne kadar,4,5,1,93,85,6.301075268817204,5.823529411764706
birton eriği fiyatı,0,1,1,2,13,5,3.230769230769231
kayısı fiyatları,0,2,2,13,41,11.384615384615385,11.609756097560975
mısır fiyatı 2026,2,4,2,365,436,9.317808219178081,9.51834862385321
konya yeşil fasulye fiyatları,0,2,2,16,12,3.5,4.083333333333334
soğan hal fiyatları,0,2,2,24,24,17.708333333333332,7.708333333333333
kayısının kilosu ne kadar 2026,0,2,2,9,16,3.111111111111111,3.375
konya hal fiyatlari,0,2,2,9,19,2.7777777777777777,2.526315789473684
bursa halde salçalık domates fiyatları,0,2,2,13,10,5.461538461538462,5.3
bayrampaşa hal giriş ücreti,0,2,2,12,6,9.333333333333334,7.666666666666667
2026 nar fiyatları ne olur,1,3,2,16,18,3.1875,4.111111111111111
ulus hali balık fiyatları,4,6,2,53,39,5.39622641509434,4.820512820512821
toptan mantar fiyatları,0,2,2,11,14,4.363636363636363,5.071428571428571
mayer limon fiyatları 2026,2,4,2,45,55,5.777777777777778,4.618181818181818
trabzon hal,0,2,2,64,57,6.203125,4.649122807017544
karpuz fiyatları 2026,4,6,2,12,12,2.416666666666667,5.916666666666667
karpuz fiyatları,0,2,2,48,45,7.291666666666667,10.422222222222222
bursa balık hali,0,2,2,420,169,12.004761904761905,11.940828402366863
sogan fiyatları,0,2,2,5,6,5.2,2.333333333333333
şanlıurfa hal pazari telefon numarası,0,2,2,23,28,4.217391304347826,4.25
ankara toptancı hali,0,2,2,167,115,10.592814371257486,9.71304347826087
halde üzüm fiyatları,0,2,2,9,19,3.5555555555555554,3.473684210526316
adana hal,0,2,2,117,138,5.495726495726496,5.739130434782608
halde barbunya fiyatları,0,2,2,4,15,2.5,3.8666666666666667
sebze hali elazığ,0,2,2,30,15,6.766666666666667,7.666666666666667
diyarbakır sebze hali,0,2,2,62,58,7.5,7.0344827586206895
armut fiyatları,0,2,2,28,34,14.25,10.647058823529411
ıspanak fiyatı,1,3,2,23,28,6.521739130434782,5.464285714285714
istanbul hal sebze fiyatları,1,3,2,8,11,3.5,3.272727272727273
bursa hal telefon numaraları,0,2,2,0,4,,3
toptan kiraz fiyatları,0,2,2,1,5,3,2
çanakkale hal fiyatları,0,2,2,1,12,25,3.1666666666666665
yalova hal,1,3,2,43,42,6.511627906976744,6.595238095238095
çorum soğan fiyatları bugun,0,2,2,84,71,8.976190476190476,8.901408450704224
kızılcık fiyatı 2026,9,11,2,70,94,1.7714285714285714,2.1914893617021276
hal sebze fiyatları,0,2,2,45,35,5.933333333333334,5.571428571428571
balkabağı hal fiyatları,2,4,2,6,8,1.3333333333333333,2
kuzu kesim fiyatları,0,2,2,18,76,10.166666666666666,10.631578947368421
gaziantep hal fiyatı,0,2,2,17,18,4.588235294117647,3.7222222222222223
soğan fiyatları 2026,12,14,2,66,63,2.393939393939394,3.4126984126984126
ayaş domatesi kilo fiyatı,1,3,2,11,38,8.818181818181818,6.2894736842105265
pazar fiyatları,0,2,2,12,15,23.75,5.066666666666666
yaş üzüm fiyatları,0,2,2,29,18,5.344827586206897,6.333333333333333
ankara salçalık domates fiyatları,1,3,2,11,9,7.2727272727272725,5
yeşil fasulye fiyatı,0,2,2,20,7,10.15,3.7142857142857144
izmit hal fiyatları,0,2,2,78,91,3.641025641025641,7.208791208791209
toptan kavun fiyatları,0,2,2,12,5,2.916666666666667,2.2
2026 kızılcık fiyatları,0,2,2,10,6,1.7,2.833333333333333
kayseri hal salçalık domates fiyatları,2,4,2,87,50,6.137931034482759,4.220000000000001
bursa hal fiyatları 2026,2,4,2,24,19,2.5,2.4210526315789473
gaziantep'te salçalık biberin kilosu ne kadar,0,2,2,0,2,,2
bayrampaşa sebze hali fiyatları,1,3,2,11,19,4.181818181818182,2.947368421052632
şanlıurfa hal fiyatları,1,3,2,35,39,6.771428571428571,7.051282051282051
halde limon fiyatı,0,2,2,9,7,3.2222222222222223,5.428571428571429
tokat hal komisyoncuları,2,4,2,9,6,1.6666666666666665,1.3333333333333333
kahramanmaraş sebze hali,0,2,2,38,61,7.631578947368421,7.229508196721311
domates fiyatı ne kadar,1,3,2,35,34,7.371428571428571,7.323529411764706
antep hal fiyatları,0,2,2,2,8,4.5,3.625
siyah incir fiyatları,0,2,2,9,6,6.666666666666667,1.8333333333333335
mersin mayer limon fiyatları,1,3,2,26,31,5.615384615384615,4.838709677419355
soğan fiyatı,3,5,2,65,58,4.36923076923077,5.379310344827586
taze fasulye fiyatı,1,3,2,73,54,8.068493150684931,4.574074074074074
istanbul hal fiyatları günlük,9,11,2,218,176,4.18348623853211,4.164772727272727
incir fiyatları,0,2,2,2,7,3,12.428571428571429
vişne fiyatı,0,2,2,28,16,6.821428571428571,6.5
güncel ıspanak fiyatları,0,2,2,3,4,2,1.75
hal patates fiyatları,0,2,2,12,8,4.666666666666666,4.625
kudret narı fiyatı 2026,0,2,2,39,27,6.410256410256411,5.7407407407407405
denizli kekik fiyatları,0,2,2,77,37,9.909090909090908,10.783783783783784
konya sebze hali telefon numarası,0,2,2,17,15,4.882352941176471,4.933333333333334
erdemli limon piyasası,1,3,2,137,88,6.145985401459854,5.659090909090909
konya hal fiyatı,0,2,2,1,4,2,2
yaban mersini kg fiyatı 2026,0,2,2,36,32,2.888888888888889,2.78125
pazarda taze fasulye fiyatı,0,2,2,83,69,5.493975903614458,4.565217391304348
toptan limon fiyatları,2,4,2,40,44,5.9,5.636363636363637
osmaniye mısır fiyatları,0,2,2,14,17,7.428571428571429,8.117647058823529
portakal piyasası,1,3,2,58,79,5.206896551724138,4.746835443037975
konya hal,0,2,2,63,71,4.65079365079365,5.042253521126761
kuru soğan piyasası,0,2,2,4,7,5,2.7142857142857144
soğan toptan fiyatı,3,5,2,12,11,1.25,1.4545454545454546
patates fiyatları 2026,5,7,2,77,86,3.727272727272727,4.186046511627907
adana portakal fiyatları,1,3,2,56,70,9.5,8.114285714285714
ayva fiyatı 2026,1,3,2,10,10,2.2,2.5
bursa salçalık domates,0,2,2,1,21,4,6.857142857142857
taze fasulye fiyatları,0,2,2,3,11,12.666666666666666,2.1818181818181817
kahramanmaraş sebze hali fiyatları,5,7,2,94,73,3.1702127659574466,3.3424657534246576
patates hal fiyatı,0,2,2,7,21,4.857142857142858,4.761904761904762
izmir hal numaraları,3,5,2,16,15,3.25,2.8
erik fiyatı,0,2,2,43,45,4.976744186046512,6.644444444444445
bursa hal balık fiyatları,0,2,2,0,7,,3.2857142857142856
kırıkhan hal komisyoncuları,0,2,2,0,8,,5.375
ankara da palamut fiyatları,1,3,2,5,14,4.8,2.5
salçalik domates hal fiyatları,0,2,2,52,27,5.846153846153846,4.592592592592593
nar fiyatları 2026,10,12,2,313,312,4.348242811501597,4.846153846153847
2026 domates fiyatları,0,3,3,23,18,5.043478260869565,5.666666666666667
brokoli fiyatı,0,3,3,12,16,5.333333333333333,5.625
edirne hal fiyatları,0,3,3,14,12,19.642857142857142,5.5
incir fiyatları 2026,5,8,3,255,166,3.8,5.469879518072289
mandalina piyasası,0,3,3,243,324,6.559670781893004,5.20679012345679
ankara balık hal fiyatları,0,3,3,26,23,2,3.0869565217391304
tarlada nar fiyatları,1,4,3,28,73,4.428571428571429,5.123287671232877
mayer limon piyasası,8,11,3,188,233,6.50531914893617,5.472103004291846
antalya nar fiyatları,0,3,3,33,65,5.2727272727272725,5.030769230769231
kayısı kilosu ne kadar 2026,2,5,3,31,29,2.193548387096774,2.310344827586207
bayrampaşa hal fiyatları güncel,0,3,3,9,13,3.888888888888889,2.9230769230769234
denizli sebze hali fiyatları,0,3,3,63,33,5.174603174603175,3.5757575757575757
limon fiyatları,20,23,3,981,1020,6.391437308868501,6.531372549019608
manisa hal fiyatları,0,3,3,0,62,,8.903225806451612
2026 kuru soğan fiyatları,0,3,3,12,15,3.75,4.2
patates fiyat,0,3,3,15,9,8.533333333333333,8
nar fiyatı 2026,0,3,3,0,18,,4.666666666666666
haldefiyat,0,3,3,2,3,2,2.333333333333333
gaziantep hal salçalık biber fiyatları,0,3,3,23,30,6.434782608695652,5.5
adana mayer limon piyasası,1,4,3,54,94,9.296296296296296,5.957446808510638
konya karatay hal fiyatları,0,3,3,35,30,3.857142857142857,3.3
istanbul hal komisyoncuları,0,3,3,1,3,4,1.3333333333333333
erzincan sebze hali,1,4,3,29,29,5.827586206896552,2.9655172413793105
konya hal fiyatları bugün,3,6,3,85,74,2.5294117647058822,2.391891891891892
osmaniye sebze hali komisyoncuları,6,9,3,38,20,2.4210526315789473,1.85
bursa balık hal fiyatları,0,3,3,0,18,,2.833333333333333
ankara sebze hal fiyatları,0,3,3,16,18,5.25,4.5
mersin limon fiyatları,8,11,3,607,773,6.527182866556837,6.199223803363519
elazığ sebze hali,1,4,3,118,105,6.669491525423729,7.152380952380953
izmir ticaret borsası kekik fiyatları,0,3,3,0,11,,7.2727272727272725
günlük hal fiyatları,9,12,3,197,177,4.7055837563451774,4.502824858757062
nevşehir patates fiyatları,2,5,3,98,144,6.938775510204081,5.9375
yaban mersini hal fiyatı,0,3,3,3,9,2.333333333333333,3.3333333333333335
2026 kivi fiyatları,2,5,3,8,12,2,1.5833333333333335
sakarya hal komisyonculari,0,3,3,1,3,1,1
sivas sebze hali,0,3,3,39,33,7.410256410256411,5.575757575757576
erdemli limon fiyatları,6,9,3,118,162,5.872881355932203,5.302469135802469
ankara hal balık fiyatları,2,5,3,64,66,4.53125,3.9696969696969697
hal meyve fiyatları,0,3,3,8,17,4.125,5.411764705882353
avakado hal fiyatları,0,3,3,8,11,10.875,3.090909090909091
amasya hal,0,3,3,24,33,9.666666666666666,6.424242424242424
konya ereğli hal fiyatları,0,3,3,22,19,6.863636363636363,4.684210526315789
hal fiyatları ankara,0,4,4,92,94,4.184782608695652,3.627659574468085
nar piyasası 2026,1,5,4,30,38,4,5.2105263157894735
patates hal fiyatları,7,11,4,33,44,7.393939393939394,4.068181818181818
amasya hal komisyoncuları,2,6,4,33,21,4.181818181818182,1.9523809523809523
bayrampaşa sebze meyve hali fiyatları,0,4,4,5,6,3.2,2.666666666666667
sogan fiyati,0,4,4,13,6,4.153846153846153,6.833333333333333
izmit sebze hali fiyatları,2,6,4,68,65,5.323529411764706,5
şanlıurfa hal pazarı,0,4,4,79,81,10.151898734177216,8.604938271604938
konya hali fiyat listesi,1,5,4,30,27,2.466666666666667,2.2592592592592595
diyarbakır hal komisyoncuları,0,4,4,3,9,1,1
gaziantep salçalık biber fiyatları,0,4,4,5,81,4,5.864197530864198
2026 kekik fiyatları,2,6,4,197,203,5.588832487309645,6.394088669950739
yatak limon fiyatları,2,6,4,70,79,5.8428571428571425,5.455696202531645
ankara'da palamut fiyatları,3,7,4,73,59,4.013698630136986,2.694915254237288
bayrampaşa sebze ve meyve hali bayrampaşa istanbul,0,4,4,13,71,11.538461538461538,7.394366197183099
domates fiyatı,3,7,4,191,236,10.853403141361257,9
anamur muz fiyatları,0,4,4,48,37,9.6875,8.18918918918919
kuru soğan fiyatları,4,8,4,128,158,5.7890625,6.158227848101266
adana limon fiyatları,10,15,5,1294,1574,8.095054095826892,6.216010165184244
kızılcık kg fiyatı 2026,2,7,5,14,23,1.7857142857142856,1.6956521739130435
istanbul bayrampaşa hal fiyatları,19,24,5,237,167,3.8607594936708862,3.215568862275449
bayrampaşa sebze ve meyve hali fiyatları,10,15,5,134,114,4.917910447761194,4.254385964912281
bayrampaşa hal dükkan numaraları,1,6,5,53,43,6.169811320754717,4.4186046511627906
gaziantep sebze hali fiyatları,2,8,6,110,109,6.827272727272727,5.889908256880734
ankara hali balık fiyatları,0,6,6,24,27,2.791666666666667,2.2592592592592595
kocaeli hal fiyatları,6,13,7,368,359,3.489130434782609,3.298050139275766
ankara hal fiyatları bugün,8,15,7,432,356,5.435185185185185,5.415730337078652
konya hal komisyoncuları,5,12,7,27,32,1,1
ankara balık fiyatları,6,13,7,99,79,2.97979797979798,2.9746835443037973
denizli hal fiyatları,5,13,8,340,249,3.179411764705882,2.951807228915663
ankara ulus hali balık fiyatları 2026,12,20,8,258,252,4.3100775193798455,3.4523809523809526
2026 nar fiyatları,12,20,8,127,144,3.5984251968503935,3.798611111111111
ankara toptancı hal fiyatları,11,19,8,169,175,4.266272189349112,3.64
bugünkü balık fiyatları ankara,1,9,8,95,46,6.8,2.717391304347826
ankara hal fiyatları,16,25,9,947,816,4.324181626187962,4.242647058823529
hal fiyatları,26,36,10,839,811,7.493444576877235,6.905055487053021
konya hal fiyatları,21,31,10,512,469,2.24609375,2.5543710021321964
mersin hal fiyatları günlük 2026,2,12,10,76,402,7.4868421052631575,7.291044776119403
ankara palamut fiyatları,6,20,14,153,169,3.9411764705882355,2.899408284023669
ankara balık hali fiyatları,9,24,15,145,141,2.344827586206897,3.0709219858156027
limon piyasası,53,79,26,953,1053,5.631689401888773,6.17948717948718
