69	Acar Kardeşler Komisyon evi	komisyoncu	adana	kozan	Abdullah ACAR	0532 512 42 17	Hal Kompleksi c.1 Blok No :25	https://halkatalogu.com/hal/156-acar-kardesler-komisyon-evi	unclaimed	2026-07-12
73	Acar Komisyon	komisyoncu	adana	kozan	Mustafa ÜNSAL	0536 640 58 03	Toptancı Sebze Hali No :39	https://halkatalogu.com/hal/1983-acar-komisyon	unclaimed	2026-07-12
1	Adana Hal adana sebze hali	komisyoncu	adana	merkez	MEHMET S. ERTUĞRUL	0533 814 05 20	Vedat Dalokay Hâl Kompleksi No:88 89 90	https://halkatalogu.com/hal/3063-adana-hal-adana-sebze-hali	verified	2026-07-12
75	Akkoyun Ticaret	komisyoncu	adana	sevkiyat	Mehmet AKKOYUN	0532 376 42 58	Toptancı Hal Kompleksi 5.Peron No :2	https://halkatalogu.com/hal/2114-akkoyun-ticaret	unclaimed	2026-07-12
94	Aktay Komisyon	komisyoncu	adana	yuregir	Selahattin AKTAY	0536 613 76 02	Yüreğir Hal Binası No :50	https://halkatalogu.com/hal/259-aktay-komisyon	unclaimed	2026-07-12
2	Altun Tarım Ürünleri	komisyoncu	adana	merkez	Bilal ALTUNUFAĞI	0322 429 33 39	Vedat Dalokay Hal Kompleksi 1.Peron no :16-17-44-45	https://halkatalogu.com/hal/228-altun-tarim-urunleri	unclaimed	2026-07-12
12	Altun Tarım ürünleri Kurşun Kardeşler Komisyon evi	komisyoncu	adana	merkez	Bilal ALTUNUFAĞÎ	0542 237 17 24	Vedat Dalokay Hal Kompleksi 1.Peron no :16-17-44-45	https://halkatalogu.com/hal/2915-altun-tarim-urunleri-kursun-kardesler-komisyon-evi	unclaimed	2026-07-12
14	Amed komisyon evi	komisyoncu	adana	merkez	Zafer ŞANCI	0545 716 16 50		https://halkatalogu.com/hal/3215-amed-komisyon-evi	unclaimed	2026-07-12
50	Ataman Ticaret	komisyoncu	adana	kavun-karpuz	Cumali ATAMAN	0532 336 48 21	Vedat Dalokay Hal Kompleksi No :19-243	https://halkatalogu.com/hal/1972-ataman-ticaret	unclaimed	2026-07-12
54	Atamanlar Komisyon evi	komisyoncu	adana	kavun-karpuz	Ömer ATAMAN	0532 492 63 21	Vedat Dalokay Hal Kompleksi 2.Peron No :35	https://halkatalogu.com/hal/1973-atamanlar-komisyon-evi	unclaimed	2026-07-12
5	Atay Komisyon evi	komisyoncu	adana	merkez	Mehmet, Ali ATAY	0 322 429 39 11	Toptancı Hali NO :40	https://halkatalogu.com/hal/173-atay-komisyon-evi	unclaimed	2026-07-12
92	Ayhanlar Komisyon evi	komisyoncu	adana	yuregir	Zeki AYHAN	0533 218 25 99	Yüreğir Sebze Hali NO :48	https://halkatalogu.com/hal/284-ayhanlar-komisyon-evi	unclaimed	2026-07-12
57	Baba Komisyon evi	komisyoncu	adana	kavun-karpuz	Temmo OK	0532 603 57 22	Vedat Dalokay Hal Kompleksi No :235-236	https://halkatalogu.com/hal/1974-baba-komisyon-evi	unclaimed	2026-07-12
41	Bakkallar Komisyon evi	komisyoncu	adana	ceyhan	Cemil BAKKAL	0530 441 53 95	Toptancı Sebze Hali No :15	https://halkatalogu.com/hal/1987-bakkallar-komisyon-evi	unclaimed	2026-07-12
86	Balkaya Kardeşler Komisyon evi	komisyoncu	adana	yuregir	Bedri BALKAYA	0533 639 95 53	Toptancı Sebze Hali No :16-17	https://halkatalogu.com/hal/262-balkaya-kardesler-komisyon-evi	unclaimed	2026-07-12
34	Baltu Tarım 211 Komisyon evi	komisyoncu	adana	merkez	İsmail BALTU	0 322 428 80 55	Yeni Sebze Hali 4.Peron No:211 ADANA	https://halkatalogu.com/hal/2956-baltu-tarim-211-komisyon-evi	unclaimed	2026-07-12
32	Baş komisyon evi	komisyoncu	adana	merkez	Cumhur BAŞ	0532 540 77 50		https://halkatalogu.com/hal/3181-bas-komisyon-evi	unclaimed	2026-07-12
63	Başkaya Ticaret	komisyoncu	adana	kavun-karpuz	Mehmet BAŞKAYA	0544 223 43 13	Vedat Dalokay Hal Kompleksi No :272	https://halkatalogu.com/hal/1975-baskaya-ticaret	unclaimed	2026-07-12
79	Begen Gıda Sanayi	komisyoncu	adana	sevkiyat		0532 502 39 24	Vedat Dalokay Hal Kompleksi 5.peron No :39-40	https://halkatalogu.com/hal/2115-begen-gida-sanayi	unclaimed	2026-07-12
80	Beğen Gıda Sanayi Ticaret Limited Şirketi	komisyoncu	adana	sevkiyat		0532 543 50 32	Vedat Dalokay Hal Kompleksi 5.Peron No :39-40	https://halkatalogu.com/hal/1965-begen-gida-sanayi-ticaret-limited-sirketi	unclaimed	2026-07-12
13	Beytekin Tarım Ürünleri	komisyoncu	adana	merkez	Ali BEYTEKİN	0 322 428 51 21	Vedat Dalokay Hal Kompleksi 1.Peron No: 51	https://halkatalogu.com/hal/2913-beytekin-tarim-urunleri	unclaimed	2026-07-12
30	Botan Komisyon evi	komisyoncu	adana	merkez	Yunus ÖZBEY	0533 470 32 37	Toptancı Hal 4.Peron No :172.173	https://halkatalogu.com/hal/222-botan-komisyon-evi	unclaimed	2026-07-12
74	Çetinler Komisyon evi	komisyoncu	adana	kozan	Rafet ÇETİN	0532 367 43 14	Yeni Hal Kompleksi No :43-44	https://halkatalogu.com/hal/2113-cetinler-komisyon-evi	unclaimed	2026-07-12
88	Çiftel Komisyonevi	komisyoncu	adana	yuregir	Mehmet ÇİFTEL	0537 609 34 91	Toptancı Sebze hali A Blok No :19	https://halkatalogu.com/hal/251-ciftel-komisyonevi	unclaimed	2026-07-12
21	Çukurova komisyon evi	komisyoncu	adana	merkez	MEHMET ÖZDEMİR	0537 708 65 63		https://halkatalogu.com/hal/3225-cukurova-komisyon-evi	unclaimed	2026-07-12
71	Cuma Baykul Komisyon evi	komisyoncu	adana	kozan	ÇUMA BAYKUL	0533 660 70 58	Toptancı Sebze hali no :29	https://halkatalogu.com/hal/2111-cuma-baykul-komisyon-evi	unclaimed	2026-07-12
84	Dedooğlu Komisyon	komisyoncu	adana	sevkiyat		0544 302 04 62	Vedat Dalokay Hal Kompleksi No :75	https://halkatalogu.com/hal/1968-dedooglu-komisyon	unclaimed	2026-07-12
70	Delibaşlar Komisyon evi	komisyoncu	adana	kozan	Süleyman DELİBAŞ	0532 663 14 78	Toptancı Hali No :46-47-28	https://halkatalogu.com/hal/1984-delibaslar-komisyon-evi	unclaimed	2026-07-12
89	Demiroğlu Komisyon evi	komisyoncu	adana	yuregir	H.Mikail DEMİROĞLU	0537 816 83 43	Toptancı Sebze Hali A blok No :22-23	https://halkatalogu.com/hal/270-demiroglu-komisyon-evi	unclaimed	2026-07-12
42	Doğuş Komisyon evi	komisyoncu	adana	ceyhan	Bülent KANLI	0532 313 27 85	Sebze Hali No :24	https://halkatalogu.com/hal/1989-dogus-komisyon-evi	unclaimed	2026-07-12
58	El -Reyyan Komisyon Evi	komisyoncu	adana	kavun-karpuz	Faruk OK	0530 704 58 15	Vedat Dalokay Hal Kompleksi Karpuzcular Hali No :236	https://halkatalogu.com/hal/155-el-reyyan-komisyon-evi	unclaimed	2026-07-12
31	En Tarım Komisyon evi	komisyoncu	adana	merkez	Cevdet EN	0 322 428 52 14 - 428 00 23	Vedat Dalokay Hal Kompleksi 4.Peron No :183	https://halkatalogu.com/hal/1935-en-tarim-komisyon-evi	unclaimed	2026-07-12
77	Eren Ticaret	komisyoncu	adana	sevkiyat	Abdurrahman BÖKÜŞ	0541 301 77 53	Vedat Dalokay Hali No :6	https://halkatalogu.com/hal/1969-eren-ticaret	unclaimed	2026-07-12
18	Ertuğrul kardeşler tarım ürünleri ertuğrul kardeşler komisyon evi	komisyoncu	adana	merkez	Rıdvan ERTUĞRUL	0533 471 10 63		https://halkatalogu.com/hal/3178-ertugrul-kardesler-tarim-urunleri-ertugrul-kardesler-komisyon-evi	unclaimed	2026-07-12
19	Ertuğrul komisyon evi	komisyoncu	adana	merkez	Mehmet S. ERTUĞRUL	0 (322) 429 31 71	Vedat Dalokay Hal Kompleksi No: 88-89-90 ADANA	https://halkatalogu.com/hal/2906-ertugrul-komisyon-evi	unclaimed	2026-07-12
20	Ertuğrul Komisyon Evi	komisyoncu	adana	merkez	Mehmet S. ERTUĞRUL	0533 814 05 20		https://halkatalogu.com/hal/2992-ertugrul-komisyon-evi	unclaimed	2026-07-12
76	Ferhat Ticaret Komisyon evi	komisyoncu	adana	sevkiyat	Mehmet AKKOYUN	0532 376 42 58	Toptancı Hal Kompleksi 5.Peron No :2	https://halkatalogu.com/hal/1966-ferhat-ticaret-komisyon-evi	unclaimed	2026-07-12
90	Gafuroğlu Komisyon evi	komisyoncu	adana	yuregir	İdris & Ferhat	0533 959 14 64	Toptancı Sebze Hali No :31	https://halkatalogu.com/hal/142-gafuroglu-komisyon-evi	unclaimed	2026-07-12
22	Göncü komisyon evi	komisyoncu	adana	merkez	Şükrü GÖNÇÜ	0532 334 74 66		https://halkatalogu.com/hal/3064-goncu-komisyon-evi	unclaimed	2026-07-12
85	Gün Komisyon	komisyoncu	adana	sevkiyat	Abdullah GÜN	0532 544 15 82	Vedat Dalokay Hal Kompleksi 5.Peron no :76	https://halkatalogu.com/hal/1963-gun-komisyon	unclaimed	2026-07-12
4	Güzel ışık komisyon evi	komisyoncu	adana	merkez	Ufuk GÜZELOĞLU	0535 339 55 70		https://halkatalogu.com/hal/3066-guzel-isik-komisyon-evi	unclaimed	2026-07-12
27	Hacı beşir evlatları komisyon evi	komisyoncu	adana	merkez	Hacı Münir GÜNGÖR	0544 428 54 43		https://halkatalogu.com/hal/3180-haci-besir-evlatlari-komisyon-evi	unclaimed	2026-07-12
16	Halaçeli Komisyon evi	komisyoncu	adana	merkez	Adem HALAÇELİ	0532 324 88 80-0545 654 88 12-0533 253 33 67	Toptancı Hali Kompleksi No :67	https://halkatalogu.com/hal/195-halaceli-komisyon-evi	unclaimed	2026-07-12
40	Halis Demir Komisyon evi	komisyoncu	adana	ceyhan	Mustafa HALİSDEMİR	0534 555 67 78	Toptancı Sebze Hali No :12 CEYHAN	https://halkatalogu.com/hal/2722-halis-demir-komisyon-evi	unclaimed	2026-07-12
3	Hancılar Komisyon evi	komisyoncu	adana	merkez	Mustafa & Uğur & Hüseyin	0 322 428 61 71	Vedat Dalokay Hal Kompleksi 1.Peron No :23	https://halkatalogu.com/hal/145-hancilar-komisyon-evi	unclaimed	2026-07-12
60	Hasan AYHAN Komisyon evi	komisyoncu	adana	kavun-karpuz	Hasan AYHAN	0533 569 63 37	Vedat Dalokay Hal Kompleksi No :252-267	https://halkatalogu.com/hal/1979-hasan-ayhan-komisyon-evi	unclaimed	2026-07-12
83	Hisar Tarım	komisyoncu	adana	sevkiyat	Ali YAŞAR	0542 393 85 48	Vedat Dalokay Hal Kompleksi Sevkiyatçılar Bölümü 6.Peron No :74	https://halkatalogu.com/hal/2116-hisar-tarim	unclaimed	2026-07-12
39	Huzur Komisyon evi	komisyoncu	adana	ceyhan	Kenan ŞENDUL	0532 431 65 90	Sebze Hali No :3	https://halkatalogu.com/hal/1986-huzur-komisyon-evi	unclaimed	2026-07-12
44	Kanlılar komisyon evi	komisyoncu	adana	ceyhan	Hüseyin KANLI	0322 611 05 06		https://halkatalogu.com/hal/2122-kanlilar-komisyon-evi	unclaimed	2026-07-12
47	Karal Komisyon evi	komisyoncu	adana	ceyhan	Şemsettin KARAL	0546 924 12 01	Toptancı Sebze Hali No :39-40	https://halkatalogu.com/hal/1991-karal-komisyon-evi	unclaimed	2026-07-12
72	KARAMUSTAFA Komisyon evi	komisyoncu	adana	kozan		0 322 515 8604	Toptancı Sebze Hali No :31	https://halkatalogu.com/hal/1982-karamustafa-komisyon-evi	unclaimed	2026-07-12
56	KARAÜZÜM Komisyon evi	komisyoncu	adana	kavun-karpuz	Murat KARAUZÜM	0537 462 08 07	Kavun - Karpuz Hali No :46	https://halkatalogu.com/hal/1976-karauzum-komisyon-evi	unclaimed	2026-07-12
43	Kardeşler Komisyon evi	komisyoncu	adana	ceyhan	Ekrem KANLI	613 1996-	Toptancı Sebze Hali No :28	https://halkatalogu.com/hal/1990-kardesler-komisyon-evi	unclaimed	2026-07-12
93	Karlıdağ komisyon evi	komisyoncu	adana	yuregir	Hacı KARLIDAĞ	0507 376 88 37		https://halkatalogu.com/hal/3182-karlidag-komisyon-evi	unclaimed	2026-07-12
59	Kaya Ticaret	komisyoncu	adana	kavun-karpuz	Hikmet KAYA	0534 615 59 27	Vedat Dalokay Hal Kompleksi No :248	https://halkatalogu.com/hal/2118-kaya-ticaret	unclaimed	2026-07-12
51	Kayalar Komisyon evi	komisyoncu	adana	kavun-karpuz	Fuat KAYA	0533 656 23 97	Kavun-Karpuz Hali No :23-247	https://halkatalogu.com/hal/1977-kayalar-komisyon-evi	unclaimed	2026-07-12
52	Kayalar Ticaret	komisyoncu	adana	kavun-karpuz	Fuat KAYA	0533 656 22 91	Kavun Karpuz Hali No :23-247	https://halkatalogu.com/hal/1864-kayalar-ticaret	unclaimed	2026-07-12
23	Kayserili Havuççu Komisyon evi	komisyoncu	adana	merkez	Derviş Baltu	0 322 428 11 31 - 428 93 13	Vedat Dalokay Hal Kompleksi 2.peron No:112	https://halkatalogu.com/hal/186-kayserili-havuccu-komisyon-evi	unclaimed	2026-07-12
46	Koç Ticaret Komisyon evi	komisyoncu	adana	ceyhan	Fikri KOÇ &	0507 244 64 76	Sebze Hali No :38	https://halkatalogu.com/hal/154-koc-ticaret-komisyon-evi	unclaimed	2026-07-12
66	Kocakaplan Komisyon evi	komisyoncu	adana	kozan	Dalyan KOCAPAKLAN	0322 515 8674	Toptancı Hal Kompleksi No :14-15	https://halkatalogu.com/hal/2109-kocakaplan-komisyon-evi	unclaimed	2026-07-12
62	Markaya Tarım Ürünleri	komisyoncu	adana	kavun-karpuz	A. Kadır KAYA	0532 270 58 24	Vedat Dalokay Sebze Hali No :271-248	https://halkatalogu.com/hal/2117-markaya-tarim-urunleri	unclaimed	2026-07-12
87	Medet komisyon evi	komisyoncu	adana	yuregir	TALİP ÇİFTEL	0535 342 25 98		https://halkatalogu.com/hal/3243-medet-komisyon-evi	unclaimed	2026-07-12
38	Meseri Komisyon evi	komisyoncu	adana	merkez	Seyhan	0 322 429 41 41	Vedat Dalokay Hal Kompleksi 4.Peron No:224	https://halkatalogu.com/hal/240-meseri-komisyon-evi	unclaimed	2026-07-12
24	Mevsim komisyon evi	komisyoncu	adana	merkez	ZAFER HALAÇOĞLU	0 322 428 79 13	Vedat Dalokay Hal Kompleksi 3 .Peron no :121	https://halkatalogu.com/hal/210-mevsim-komisyon-evi	unclaimed	2026-07-12
61	Nail Kavun Karpuz	komisyoncu	adana	kavun-karpuz	Resul MAVRUK	0532 645 58 85	Vedat Dalokay hal kompleksi Karpuz Hali No :256	https://halkatalogu.com/hal/1862-nail-kavun-karpuz	unclaimed	2026-07-12
26	Oğuz komisyon evi	komisyoncu	adana	merkez	Ekrem OĞUZ	0535 257 85 40		https://halkatalogu.com/hal/3216-oguz-komisyon-evi	unclaimed	2026-07-12
25	Öz Alak Komisyon	komisyoncu	adana	merkez	Ibrahim ALAK	0507 246 78 47	Vedat Dalokay Hal Kompleksi 3.Peron No.122	https://halkatalogu.com/hal/212-oz-alak-komisyon	unclaimed	2026-07-12
35	Öz Aydın Kardeşler komisyon evi	komisyoncu	adana	merkez	Hayrettin AYDIN	0 322 429 00 18	Vedat Dalokay Hal Kompleksi 4.Peron No:212	https://halkatalogu.com/hal/238-oz-aydin-kardesler-komisyon-evi	unclaimed	2026-07-12
45	Öz Aydınlar Komisyon Evi	komisyoncu	adana	ceyhan	Mahmut AYDIN	0 322 613 16 17	Toptancı Sebze Hali No: 32	https://halkatalogu.com/hal/2925-oz-aydinlar-komisyon-evi	unclaimed	2026-07-12
29	Öz ertuğrul komisyon evi	komisyoncu	adana	merkez	Ramazan ERTUĞRUL	0533 471 10 62		https://halkatalogu.com/hal/3137-oz-ertugrul-komisyon-evi	unclaimed	2026-07-12
33	Öz midyat komisyon evi	komisyoncu	adana	merkez	Mehmet ALDSOY	0533 374 04 50		https://halkatalogu.com/hal/3070-oz-midyat-komisyon-evi	unclaimed	2026-07-12
15	Öz Televi Kardeşler Komisyon evi	komisyoncu	adana	merkez	Ersin TELEVİ	0 322 428 21 64	Vedat dalokay Hal Kompleksi 2.Peron No :58	https://halkatalogu.com/hal/164-oz-televi-kardesler-komisyon-evi	unclaimed	2026-07-12
67	Özbirlik Komisyon evi	komisyoncu	adana	kozan	Serdar HAKKULU	515 70 07	Toptancı Sebze Hali No :20	https://halkatalogu.com/hal/2110-ozbirlik-komisyon-evi	unclaimed	2026-07-12
11	Rengin Komisyon evi	komisyoncu	adana	merkez	Abdülkadir & Şehmus	0 322 428 87 53	Toptancı Sebze Hali No :42	https://halkatalogu.com/hal/150-rengin-komisyon-evi	unclaimed	2026-07-12
53	Şahap Altıok Komisyon evi	komisyoncu	adana	kavun-karpuz			Vedat Dalokay hal kompleksi Karpuz Hali No :33-34-38	https://halkatalogu.com/hal/1860-sahap-altiok-komisyon-evi	unclaimed	2026-07-12
36	Sancar komisyon evi	komisyoncu	adana	merkez	Abulhaluk ZENGİN	0532 577 01 89		https://halkatalogu.com/hal/3185-sancar-komisyon-evi	unclaimed	2026-07-12
48	Sarıbaş Komisyon evi	komisyoncu	adana	ceyhan	Ali SARIBAS	0542 833 60 99	Sebze Hali No :47	https://halkatalogu.com/hal/1992-saribas-komisyon-evi	unclaimed	2026-07-12
81	Şen Kardeşler Komisyon evi	komisyoncu	adana	sevkiyat	Abdulhadi ŞEN	0532 297 56 24	Vedat Dalokay Hal Kompleksi 5.Peron No: 44	https://halkatalogu.com/hal/2908-sen-kardesler-komisyon-evi	unclaimed	2026-07-12
82	Şen Kardeşler Komisyon Sevkiyat	komisyoncu	adana	sevkiyat	Bilal OĞUR	0543 490 78 05	Toptancı Hal Kompleksi 6.Peron No :56	https://halkatalogu.com/hal/1962-sen-kardesler-komisyon-sevkiyat	unclaimed	2026-07-12
78	Şen Ortaklar Murat Komisyonevi	komisyoncu	adana	sevkiyat	Salih AĞILGAT	0533 244 22 40	Vedat Dalokay Hal Kompleksi 5.peron No :29	https://halkatalogu.com/hal/1964-sen-ortaklar-murat-komisyonevi	unclaimed	2026-07-12
91	Sercan Komisyonevi	komisyoncu	adana	yuregir	Mehmet GÖKEL	0532 113 38 43	Yüreğir Sebze Hali 2.Peron No :41	https://halkatalogu.com/hal/276-sercan-komisyonevi	unclaimed	2026-07-12
28	Sicimoğlu Komisyon evi	komisyoncu	adana	merkez		0 322 428 96 64	Vedat Dalokay Hal Kompleksi 3.Peron No :154	https://halkatalogu.com/hal/201-sicimoglu-komisyon-evi	unclaimed	2026-07-12
55	Sıtkı Karaman Komisyon evi	komisyoncu	adana	kavun-karpuz			Vedat Dalokay hal kompleksi Karpuz Hali No :37	https://halkatalogu.com/hal/1861-sitki-karaman-komisyon-evi	unclaimed	2026-07-12
64	Tetik Komisyon evi	komisyoncu	adana	kozan	Mustafa TETİK	0322 515 8694	Toptancı Sebze Hali No :6	https://halkatalogu.com/hal/1985-tetik-komisyon-evi	unclaimed	2026-07-12
37	Uğur komisyon evi	komisyoncu	adana	merkez	Oktay OGUR	0542 583 51 86		https://halkatalogu.com/hal/3071-ugur-komisyon-evi	unclaimed	2026-07-12
68	Yayla Komisyon evi	komisyoncu	adana	kozan	Hüseyin ÜNAL	0536 412 73 73	Yeni Sebze Hali No :21	https://halkatalogu.com/hal/1981-yayla-komisyon-evi	unclaimed	2026-07-12
65	Yiğenoğlu Komisyon evi	komisyoncu	adana	kozan	Muhammet YIGENOGLU	0535 959 96 89	Yeni Sebze Hali No :12-13	https://halkatalogu.com/hal/1980-yigenoglu-komisyon-evi	unclaimed	2026-07-12
17	Yılmaz Kardeşler Komisyon evi	komisyoncu	adana	merkez	Necmettin YILMAZ	0535 411 79 11	Toptancı Sebze Hali No :82	https://halkatalogu.com/hal/1938-yilmaz-kardesler-komisyon-evi	unclaimed	2026-07-12
49	Yılmaz Komisyon	komisyoncu	adana	kavun-karpuz	Yılmaz ADABER	0532 475 12 77	Vedat Dalokay hal kompleksi Karpuz Hali No :1	https://halkatalogu.com/hal/1863-yilmaz-komisyon	unclaimed	2026-07-12
195	Canbeg Komisyon Evi	komisyoncu	adiyaman	kahta	Muazettin KURT	0536 895 16 90	Toptan Sebze Hali No :30-31	https://halkatalogu.com/hal/292-canbeg-komisyon-evi	unclaimed	2026-07-12
189	Dört Mevsim Komisyonevi	komisyoncu	adiyaman	merkez	Yusuf İNCEYOL	0532 647 36 90	Toptancı Sebze Hali No :36	https://halkatalogu.com/hal/291-dort-mevsim-komisyonevi	unclaimed	2026-07-12
186	Erdinç Komisyon evi	komisyoncu	adiyaman	merkez	Mehmet ERDİNÇ	0507 244 64 76	Yeni Sebze Hali No :11	https://halkatalogu.com/hal/2171-erdinc-komisyon-evi	unclaimed	2026-07-12
196	Erkoç Komisyon Evi	komisyoncu	adiyaman	kahta	Ramazan ULUÇAY	0532 055 08 11	Toptan Sebze Hali No :34	https://halkatalogu.com/hal/293-erkoc-komisyon-evi	unclaimed	2026-07-12
187	Hıdıroğulları Komisyon evi	komisyoncu	adiyaman	merkez	M.İrfan YAMUK	225 0009	Merkez Sebze Hali No :18	https://halkatalogu.com/hal/2472-hidirogullari-komisyon-evi	unclaimed	2026-07-12
193	İnan Komisyon Evi	komisyoncu	adiyaman	kahta	Mehmet İNAN	0538 204 53 31	Toptancı Sebze Hali No :9	https://halkatalogu.com/hal/296-inan-komisyon-evi	unclaimed	2026-07-12
194	Kısmet KomisyonEvi	komisyoncu	adiyaman	kahta	Üzeyir KODAK	0536 989 17 94	Toptancı Sebze Hali No :28	https://halkatalogu.com/hal/297-kismet-komisyonevi	unclaimed	2026-07-12
185	Kutlu Komisyon evi	komisyoncu	adiyaman	merkez	M.Baki KUTLU	0532 265 01 43	Sebze Hali No :8	https://halkatalogu.com/hal/2169-kutlu-komisyon-evi	unclaimed	2026-07-12
191	Özkan Komisyonevi	komisyoncu	adiyaman	merkez	Mustafa YILDIRIM	0532 769 27 96	Yeni Sebze Hali No :44	https://halkatalogu.com/hal/2474-ozkan-komisyonevi	unclaimed	2026-07-12
190	Reşikoğulları Komisyonevi	komisyoncu	adiyaman	merkez	Hasan UYANIK	0 416 225 0289	Sebze Hali No :39	https://halkatalogu.com/hal/289-resikogullari-komisyonevi	unclaimed	2026-07-12
192	Sarıdoğanlar komisyon evi	komisyoncu	adiyaman	kahta	Abdullah Sarıdoğan	0531 864 86 93		https://halkatalogu.com/hal/3186-saridoganlar-komisyon-evi	unclaimed	2026-07-12
188	Tut Komisyon	komisyoncu	adiyaman	merkez	Fatih GÜLEÇ	0 416 225 1818	Yeni Sebze Hali No :33	https://halkatalogu.com/hal/2476-tut-komisyon	unclaimed	2026-07-12
184	Yetişkin Komisyon evi	komisyoncu	adiyaman	merkez	Ahmet YETİŞKİN	225 1499	Sebze Hali No :7	https://halkatalogu.com/hal/2168-yetiskin-komisyon-evi	unclaimed	2026-07-12
2826	Aygün Tarım Soğuk hava	soguk_hava	agri				Aygün Tarım Soğuk Hava Deposu GEYVE/ADAPAZARI	https://halkatalogu.com/soguk-hava-depolari/8-aygun-tarim-soguk-hava	unclaimed	2026-07-01
206	Beytullah Ticaret	komisyoncu	agri	merkez	Metin PORSAK	0532 063 73 21	Yeni Sebze Hali NO .31 AĞRI	https://halkatalogu.com/hal/2711-beytullah-ticaret	unclaimed	2026-07-12
207	Çağla Ticaret Komisyon evi	komisyoncu	agri	merkez	Kutbettin YILDIZ	0532 797 98 03	Yaş Sebze Hali NO :34 AĞRI	https://halkatalogu.com/hal/2710-cagla-ticaret-komisyon-evi	unclaimed	2026-07-12
201	Cemil Oğulları	komisyoncu	agri	merkez	Nihat KARAKUŞ	0532 272 72 50	Yeni Sebze Hali No :5-	https://halkatalogu.com/hal/307-cemil-ogullari	unclaimed	2026-07-12
200	Kartutan Komisyon evi	komisyoncu	agri	merkez	YAŞAR ORHAN	0532 517 87 42	Sebze Meyve Komisyoncusu	https://halkatalogu.com/hal/309-kartutan-komisyon-evi	unclaimed	2026-07-12
205	Öz Yeşilova Komisyon evi	komisyoncu	agri	merkez	Nazım BULUT	0532 722 65 91	Toptancı Sebze Hali No :22	https://halkatalogu.com/hal/310-oz-yesilova-komisyon-evi	unclaimed	2026-07-12
208	Şen Kardeşler Komisyon Evi	komisyoncu	agri	merkez	Bilal OĞUR	0 472 216 18 96	Toptancı Sebze Hali NO: 35-36 AĞRI	https://halkatalogu.com/hal/2920-sen-kardesler-komisyon-evi	unclaimed	2026-07-12
202	Taşkaya Ticaret Komisyon evi	komisyoncu	agri	merkez	Kenan TAŞKAYA	0543 815 97 42	Toptancı Sebze Hali NO :10 AĞRI	https://halkatalogu.com/hal/2708-taskaya-ticaret-komisyon-evi	unclaimed	2026-07-12
209	Tutak Komisyon evi	komisyoncu	agri	patnos	Ercan TUTAK	0535 565 97 35	No :3	https://halkatalogu.com/hal/312-tutak-komisyon-evi	unclaimed	2026-07-12
203	Umut Ticaret Komisyon evi	komisyoncu	agri	merkez	Bülent ÇELİK	0533 241 23 68	Toptancı Sebze Hali NO :11 AĞRI	https://halkatalogu.com/hal/2709-umut-ticaret-komisyon-evi	unclaimed	2026-07-12
204	Yeşilova Komisyon evi	komisyoncu	agri	merkez	İhsan KAYA	0532 266 03 61	Toptancı Sebze Hali No :14-15	https://halkatalogu.com/hal/308-yesilova-komisyon-evi	unclaimed	2026-07-12
1336	Alioğulları komisyon evi	komisyoncu	aksaray	merkez	AHMET AĞIL	0532 648 11 74		https://halkatalogu.com/hal/3140-aliogullari-komisyon-evi	unclaimed	2026-07-12
1344	Andıçlar Komisyon Evi	komisyoncu	aksaray	merkez	H.Hüseyin ANDIÇ	0537 732 15 40	Toptancı Hali NO :25	https://halkatalogu.com/hal/317-andiclar-komisyon-evi	unclaimed	2026-07-12
1338	Baydar Komisyon evi	komisyoncu	aksaray	merkez	Kemal BAYDAR	0592 310 21 38	Toptancı Sebze Hali No :19	https://halkatalogu.com/hal/2187-baydar-komisyon-evi	unclaimed	2026-07-12
1334	Bayram Çelen Komisyon evi	komisyoncu	aksaray	merkez	Bayram ÇELEN	0532 547 06 48	Toptancı Sebze Hali No :13	https://halkatalogu.com/hal/319-bayram-celen-komisyon-evi	unclaimed	2026-07-12
1337	Bozkurtlar Komisyon evi	komisyoncu	aksaray	merkez	Musa BOZKURT	0546 585 07 88	Toptancı Hali (B) Blok No :19	https://halkatalogu.com/hal/2188-bozkurtlar-komisyon-evi	unclaimed	2026-07-12
1342	Bozkuşlar Komisyon evi	komisyoncu	aksaray	merkez	Necattin BOZKUŞ	0534 263 57 84	Toptancı Sebze Hali no :19	https://halkatalogu.com/hal/314-bozkuslar-komisyon-evi	unclaimed	2026-07-12
1335	C.Ağıl Komisyon evi	komisyoncu	aksaray	merkez	Cumali AĞIL	0532 387 75 40	Toptancı Sebze Hali No :15-b	https://halkatalogu.com/hal/320-c-agil-komisyon-evi	unclaimed	2026-07-12
1333	Çalışkanlar Komisyon evi	komisyoncu	aksaray	merkez	Yusuf ÇALIŞKAN	0533 614 40 09	Toptancı Sebze Hali No :13	https://halkatalogu.com/hal/2190-caliskanlar-komisyon-evi	unclaimed	2026-07-12
1340	Kaya - 15 Komisyon evi	komisyoncu	aksaray	merkez	Cavit GÖKKAYA	0532 716 87 56	Toptancı Sebze Hali No :19 E	https://halkatalogu.com/hal/321-kaya-15-komisyon-evi	unclaimed	2026-07-12
1341	ÖZ Uçkun Komisyon evi	komisyoncu	aksaray	merkez	Bektaş Uçkun	0533 387 86 15	Toptancı Hali 4.Blok 19.	https://halkatalogu.com/hal/315-oz-uckun-komisyon-evi	unclaimed	2026-07-12
1339	Tarkanlar Komisyon evi	komisyoncu	aksaray	merkez	Murat	0543 878 67 20	Sebze Hali No :19-a	https://halkatalogu.com/hal/2185-tarkanlar-komisyon-evi	unclaimed	2026-07-12
1343	Turhan Komisyon evi	komisyoncu	aksaray	merkez	H.Abdullah TURHAN	0536 262 36 94	Toptancı Sebze Hali 4.Blok No :19	https://halkatalogu.com/hal/313-turhan-komisyon-evi	unclaimed	2026-07-12
213	Aykut Ticaret Komisyon evi	komisyoncu	amasya	merkez	Mehmet AYKUT	0 358 218 42 14	Toptancı Sebze Hali No :35	https://halkatalogu.com/hal/2653-aykut-ticaret-komisyon-evi	unclaimed	2026-07-12
211	Beşyıldız Komisyon evi	komisyoncu	amasya	merkez	Cevdet YILDIZ	0532 334 09 06	Toptancı Sebze Hali No :20	https://halkatalogu.com/hal/2574-besyildiz-komisyon-evi	unclaimed	2026-07-12
214	Huzur Komisyonevi	komisyoncu	amasya	merkez	ÖMER ÖZDEMİR	0542 688 82 05	Koza Mah.Sakarya Cad. 24- Z37	https://halkatalogu.com/hal/324-huzur-komisyonevi	unclaimed	2026-07-12
215	Huzur Sebze Ve Meyve Komisyon Evi 2	komisyoncu	amasya	merkez	Onur ÖZDEMİR	0544 942 76 25		https://halkatalogu.com/hal/2971-huzur-sebze-ve-meyve-komisyon-evi-2	unclaimed	2026-07-12
212	Şükür Tarım Komisyon evi	komisyoncu	amasya	merkez	Mehmet AYKUT	0 358 218 42 14	Toptancı Sebze Hali No :34 AMASYA	https://halkatalogu.com/hal/2652-sukur-tarim-komisyon-evi	unclaimed	2026-07-12
216	Tatar agro komisyon evi	komisyoncu	amasya	merkez	F. Mehmet TATAR	0534 316 04 76		https://halkatalogu.com/hal/3236-tatar-agro-komisyon-evi	unclaimed	2026-07-12
210	Tatarlar Komisyon evi	komisyoncu	amasya	merkez	Metin Tatar	0535 392 97 93	Sebze Hali No :13 AMASYA	https://halkatalogu.com/hal/2639-tatarlar-komisyon-evi	unclaimed	2026-07-12
2836	Akar Nakliyat	nakliye	ankara				Toptancı Sebze Hali Ankara	https://halkatalogu.com/nakliyeciler/5-akar-nakliyat	unclaimed	2026-07-01
223	Babacan-45	komisyoncu	ankara	merkez	İhsan BAKIRCI	0533 231 17 69	Toptancı Sebze Hali No :45	https://halkatalogu.com/hal/334-babacan-45	unclaimed	2026-07-12
221	Bora tarım ürünleri	komisyoncu	ankara	merkez	Cesim BORA	0532 624 47 14		https://halkatalogu.com/hal/3018-bora-tarim-urunleri	unclaimed	2026-07-12
217	Can mantar	komisyoncu	ankara	merkez	Murat CAN	0532 511 16 64		https://halkatalogu.com/hal/3173-can-mantar	unclaimed	2026-07-12
222	Evginler komisyon evi	komisyoncu	ankara	merkez	Cavit EVGİN	0532 434 13 32		https://halkatalogu.com/hal/3093-evginler-komisyon-evi	unclaimed	2026-07-12
225	Hakan Telli Komisyon evi	komisyoncu	ankara	merkez	Hakan TELLİ	0533 638 17 35	Toptancı Sebze Hali No :91	https://halkatalogu.com/hal/345-hakan-telli-komisyon-evi	unclaimed	2026-07-12
231	Halgross Komisyon evi	komisyoncu	ankara	merkez			Toptancı sebze Hali No :191	https://halkatalogu.com/hal/378-halgross-komisyon-evi	unclaimed	2026-07-12
226	Hedef 106 Komisyon evi	komisyoncu	ankara	merkez	Ömer yetişmiş	312 341 00 17	Toptancı Hal No :106	https://halkatalogu.com/hal/2579-hedef-106-komisyon-evi	unclaimed	2026-07-12
220	Mehmet Pak 24 Komisyon evi	komisyoncu	ankara	merkez	Mehmet PAK	0532 445 38 56	Toptancı Sebze Hali No :24 ANKARA	https://halkatalogu.com/hal/2959-mehmet-pak-24-komisyon-evi	unclaimed	2026-07-12
219	Melkan 20 Gıda Tarım Ürünleri Komisyon evi	komisyoncu	ankara	merkez	Ecevit Özcan	0 312 341 07 16	Toptancı Sebze Hali No :20 ANKARA	https://halkatalogu.com/hal/2754-melkan-20-gida-tarim-urunleri-komisyon-evi	unclaimed	2026-07-12
218	Şahin ağa 19 komisyon evi	komisyoncu	ankara	merkez	Şahin AYMERGEN	0532 305 06 36		https://halkatalogu.com/hal/3152-sahin-aga-19-komisyon-evi	unclaimed	2026-07-12
229	Sezerler 116 komisyon evi	komisyoncu	ankara	merkez	Burak SEZER	0532 587 22 36		https://halkatalogu.com/hal/3169-sezerler-116-komisyon-evi	unclaimed	2026-07-12
228	Sezerlerfresh 114 komisyon evi	komisyoncu	ankara	merkez	Ali SEZER	0531 471 80 88		https://halkatalogu.com/hal/3239-sezerlerfresh-114-komisyon-evi	unclaimed	2026-07-12
224	Şimşir komisyon evi	komisyoncu	ankara	merkez	Serkan ŞİMŞİR	0532 312 58 56		https://halkatalogu.com/hal/3170-simsir-komisyon-evi	unclaimed	2026-07-12
227	Sürmeli Tarım Ürünleri	komisyoncu	ankara	merkez	Hasan KARASÜRMELI	0532 524 92 26	Toptancı Sebze Hali B/Peron No :111	https://halkatalogu.com/hal/2157-surmeli-tarim-urunleri	unclaimed	2026-07-12
232	Telli Maydanoz Gıda	komisyoncu	ankara	merkez	HAKAN TELLİ	0533 638 17 35		https://halkatalogu.com/hal/2990-telli-maydanoz-gida	unclaimed	2026-07-12
230	Tümen Tarım	komisyoncu	ankara	merkez	Seyfettin BALTU	342 51 50	Ankara Toptancı Sebze Hali No : 128	https://halkatalogu.com/hal/2600-tumen-tarim	unclaimed	2026-07-12
285	02 Atmaca	komisyoncu	antalya	gazipasa	Prof Ali SÖNMEZ	0532 615 22 35	Hal No :73	https://halkatalogu.com/hal/402-02-atmaca	unclaimed	2026-07-12
353	Acarbulut Komisyon	komisyoncu	antalya	sahilkent	Yusuf ACARBULUT	0533 379 79 40	Toptancı Sebze Hali No :7-8	https://halkatalogu.com/hal/2076-acarbulut-komisyon	unclaimed	2026-07-12
290	Açıkgöz Komisyon evi	komisyoncu	antalya	kahyalar	Celal AÇIKGÖZ	0532 573 21 44	Toptancı Hali No :5	https://halkatalogu.com/hal/1761-acikgoz-komisyon-evi	unclaimed	2026-07-12
313	Açıkyürekler Komisyon	komisyoncu	antalya	kumluca	Abdullah AÇIKYÜREK	0532 372 65 61	Kumluca Toptancı Hali No :33	https://halkatalogu.com/hal/1887-acikyurekler-komisyon	unclaimed	2026-07-12
242	Adarlar Komisyon evi	komisyoncu	antalya	merkez	Turan ADAR	0532 245 84 98	Toptan Sebze Meyve Hali No .57	https://halkatalogu.com/hal/2013-adarlar-komisyon-evi	unclaimed	2026-07-12
257	Adem Kaya Komisyon Evi Adem Kaya Tarım Ürünleri	komisyoncu	antalya	alanya	Adem KAYA	522 29 85	Toptancı Sebze Hali No :59 ALANYA	https://halkatalogu.com/hal/2838-adem-kaya-komisyon-evi-adem-kaya-tarim-urunleri	unclaimed	2026-07-12
368	Adme Iltar Tarım San. Tic. ve Ltd. Şti.	komisyoncu	antalya	serik	Adnan ILTAR	0533 720 61 91	Toptancı Hal Kompleksi No :70	https://halkatalogu.com/hal/2101-adme-iltar-tarim-san-tic-ve-ltd-sti	unclaimed	2026-07-12
243	Adnan Demir Tarım ürünleri	komisyoncu	antalya	merkez	Nadir DEMİR	0532 364 04 99	Toptancı Hal No :78	https://halkatalogu.com/hal/421-adnan-demir-tarim-urunleri	unclaimed	2026-07-12
349	Adnan ÖZTÜRK Komisyon evi	komisyoncu	antalya	payallar	Adnan ÖZTÜRK	0532 323 72 43	Toptancı Sebze Hali No :40	https://halkatalogu.com/hal/1772-adnan-ozturk-komisyon-evi	unclaimed	2026-07-12
234	Ağırman Tarım Komisyon evi	komisyoncu	antalya	merkez	Aladdin AĞIRMAN	0 242 338 04 48	Yeni Hal Kompleksi No :7	https://halkatalogu.com/hal/2002-agirman-tarim-komisyon-evi	unclaimed	2026-07-12
346	Ahmet Öztürk Komisyon evi	komisyoncu	antalya	payallar	AHMET ÖZTÜRK	0532 496 58 78	Toptancı Hali No :25	https://halkatalogu.com/hal/1773-ahmet-ozturk-komisyon-evi	unclaimed	2026-07-12
359	Akbulut Komisyon evi	komisyoncu	antalya	serik	Mustafa AKBULUT	0532 616 89 61	Hal No :18	https://halkatalogu.com/hal/2086-akbulut-komisyon-evi	unclaimed	2026-07-12
350	Akdağ Komisyon evi	komisyoncu	antalya	sahilkent	Cevat AKDAĞ	0 242 865 84 20	Hal No :2	https://halkatalogu.com/hal/2077-akdag-komisyon-evi	unclaimed	2026-07-12
272	Akdem Komisyon evi	komisyoncu	antalya	demre	Cahit AÇIKGÖZ	0533 602 07 07	Toptancı Hal No 40	https://halkatalogu.com/hal/387-akdem-komisyon-evi	unclaimed	2026-07-12
291	Aksoy Ticaret	komisyoncu	antalya	kepez	Mehmet (Muhammed) AKSOY	0532 413 25 69	Kepez Belediyesi Semt Hali No :1	https://halkatalogu.com/hal/2067-aksoy-ticaret	unclaimed	2026-07-12
380	Aktuğ Komisyon	komisyoncu	antalya	yesilkoy	Feyullah AKTUĞ	0538 554 30 44	Toptancı Sebze Hali No :1-a	https://halkatalogu.com/hal/1790-aktug-komisyon	unclaimed	2026-07-12
302	Alanya Konaklı Sebze Hali	komisyoncu	antalya	konakli	Abdullah GÖRGÜLÜ	0 242 565 22 52	Konaklı mah. İstiklal Cad.No:44/C-AK ALANYA	https://halkatalogu.com/hal/2586-alanya-konakli-sebze-hali	unclaimed	2026-07-12
363	Ald tarım komisyon evi	komisyoncu	antalya	serik	ali DALIÇ	0533 131 76 74		https://halkatalogu.com/hal/3176-ald-tarim-komisyon-evi	unclaimed	2026-07-12
238	Ali Ertek Tarım Ürünleri	komisyoncu	antalya	merkez	Mehmet Fatih KAYA	0533 712 90 00	Toptancı Hal No :33	https://halkatalogu.com/hal/1997-ali-ertek-tarim-urunleri	unclaimed	2026-07-12
303	Almus Komisyon Evi Almus Tarım Ürünleri	komisyoncu	antalya	konakli	Ali ARSLAN	0533 334 41 83	Hal No :50	https://halkatalogu.com/hal/1765-almus-komisyon-evi-almus-tarim-urunleri	unclaimed	2026-07-12
248	Anılgan Komisyon evi Anılgan Tarım Ürünleri	komisyoncu	antalya	alanya	Serkan ANILGAN	0 242 522 35 00	Toptancı Sebze Hali No: 9 ALANYA	https://halkatalogu.com/hal/2848-anilgan-komisyon-evi-anilgan-tarim-urunleri	unclaimed	2026-07-12
256	Asker Komisyon evi	komisyoncu	antalya	alanya	Süleyman ASKER	0532 445 50 76	Toptancı Sebze Hali no :52	https://halkatalogu.com/hal/380-asker-komisyon-evi	unclaimed	2026-07-12
265	Avcılar Hal Komisyon evi	komisyoncu	antalya	demre	Orhan AVCI	0532 241 24 21	Toptancı Hali No :6	https://halkatalogu.com/hal/389-avcilar-hal-komisyon-evi	unclaimed	2026-07-12
295	Avni Komisyon evi	komisyoncu	antalya	kinik	Ahmet DEMİRHAN	0532 212 05 19	Kınık Sebze Meyve Hali No :43-44	https://halkatalogu.com/hal/2105-avni-komisyon-evi	unclaimed	2026-07-12
266	Babacanlar Komisyon evi	komisyoncu	antalya	demre		0 242 871 29 74	Toptancı Hali No :7	https://halkatalogu.com/hal/390-babacanlar-komisyon-evi	unclaimed	2026-07-12
321	Balkanlar Komisyon evi	komisyoncu	antalya	manavgat	A.Ali BALKAN	0 242 746 32 99	Toptancı Hali No :24	https://halkatalogu.com/hal/1888-balkanlar-komisyon-evi	unclaimed	2026-07-12
342	Barutçular Komisyon evi Barutçular Tarım Ürünleri	komisyoncu	antalya	payallar	Ali SERBEST	545 41 17 - 545 41 16	Payallar Hali No:2	https://halkatalogu.com/hal/2836-barutcular-komisyon-evi-barutcular-tarim-urunleri	unclaimed	2026-07-12
358	Başak komisyon evi	komisyoncu	antalya	serik	Arif GÖKSU	0532 600 48 81		https://halkatalogu.com/hal/3089-basak-komisyon-evi	unclaimed	2026-07-12
388	Bayrak Ticaret Komisyon Evi	komisyoncu	antalya	yesilkoy			Toptancı Sebze Hali No:17-18 Yeşilköy	https://halkatalogu.com/hal/2934-bayrak-ticaret-komisyon-evi	unclaimed	2026-07-12
322	Belenobalılar Ticaret	komisyoncu	antalya	manavgat	Süleyman ÇOŞAR	0532 798 72 27	Toptancı Hali No :10	https://halkatalogu.com/hal/1894-belenobalilar-ticaret	unclaimed	2026-07-12
283	Bıçak Komisyon evi	komisyoncu	antalya	gazipasa	Ibrahim BICAK	0535 674 75 01	Toptancı Sebze Hali No :44	https://halkatalogu.com/hal/403-bicak-komisyon-evi	unclaimed	2026-07-12
340	Bolel Komisyon evi	komisyoncu	antalya	ova-beldesi	Talat BOLEL	0532 615 01 70	Toptancı Sebze Hali no :33	https://halkatalogu.com/hal/1902-bolel-komisyon-evi	unclaimed	2026-07-12
384	Bozdağlar Komisyon evi	komisyoncu	antalya	yesilkoy	Selahattin BOZDAĞ	0 532 331 75 53	Sebze Hali No :6 Yeşilköy - Kaş / ANTALYA	https://halkatalogu.com/hal/2557-bozdaglar-komisyon-evi	unclaimed	2026-07-12
355	Bülent Tokgöz komisyon evi	komisyoncu	antalya	sahilkent	Bülent TOKGÖZ	0533 731 57 91	Toptancı Hal Kompleksi No :5-33	https://halkatalogu.com/hal/1782-bulent-tokgoz-komisyon-evi	unclaimed	2026-07-12
341	Çamlıca Komisyon evi	komisyoncu	antalya	ova-beldesi	Salih KARA	0532 690 18 71	Toptancı Sebze Hali No :128	https://halkatalogu.com/hal/1770-camlica-komisyon-evi	unclaimed	2026-07-12
356	Can-Kar Komisyon evi	komisyoncu	antalya	sahilkent	Tarık CAN	0541 857 07 55	Top.Sebze Hali No :48	https://halkatalogu.com/hal/1783-can-kar-komisyon-evi	unclaimed	2026-07-12
297	Çavuşoğlu Komisyon evi	komisyoncu	antalya	konakli	Ahmet ÇAVUŞOĞLU	0532 616 11 35	Toptancı Sebze Hali No :14	https://halkatalogu.com/hal/1766-cavusoglu-komisyon-evi	unclaimed	2026-07-12
328	Çavuşoğulları Komisyoncusu	komisyoncu	antalya	manavgat	Dursun ATAŞ	0532 244 68 90	Belediye Toptancı Hali No :25-26	https://halkatalogu.com/hal/1890-cavusogullari-komisyoncusu	unclaimed	2026-07-12
278	Çelik Komisyon evi	komisyoncu	antalya	gazipasa	Halil ÇELİK	0532 573 21 50	Toptancı Sebze hali No :17	https://halkatalogu.com/hal/404-celik-komisyon-evi	unclaimed	2026-07-12
324	Çelikoğulları Komisyon Evi Çelikoğulları Tarım ürünleri	komisyoncu	antalya	manavgat	Mehmet ÇELİK	0532 658 85 69	Sebze Hali No :15	https://halkatalogu.com/hal/1889-celikogullari-komisyon-evi-celikogullari-tarim-urunleri	unclaimed	2026-07-12
299	Çetin Aş Komisyon evi	komisyoncu	antalya	konakli	Hasan ÇETİN	0532 246 97 27	Toptancı Sebze Hali No :27	https://halkatalogu.com/hal/1767-cetin-as-komisyon-evi	unclaimed	2026-07-12
320	Çetin komisyon evi	komisyoncu	antalya	manavgat	Abdurrahim ÇETİN	0539 279 83 83	Sebze Hali No :5	https://halkatalogu.com/hal/1893-cetin-komisyon-evi	unclaimed	2026-07-12
261	Çiftçi Komisyon evi	komisyoncu	antalya	beykonak	İbrahim UĞURÇAKIR	0 242 882 6960	Beykonak Belediye Sebze Hali No :28	https://halkatalogu.com/hal/2541-ciftci-komisyon-evi	unclaimed	2026-07-12
311	Çiftçi Komisyon evi	komisyoncu	antalya	kumluca	İbrahim UĞURÇAKIR	0532 615 34 32	Toptancı SebzeHali No :25	https://halkatalogu.com/hal/411-ciftci-komisyon-evi	unclaimed	2026-07-12
375	Ciğeroğlu Komisyon evi	komisyoncu	antalya	tasagil	Ahmet BÜYÜKÇIGER	0533 811 30 32	Toptancı Sebze Hali No :20	https://halkatalogu.com/hal/1787-cigeroglu-komisyon-evi	unclaimed	2026-07-12
347	Cinas Komisyon evi	komisyoncu	antalya	payallar	Ahmet CİNAS	0 242 545 40 60 ------- 0 242 565 38 44	Hal No :33 Payallar	https://halkatalogu.com/hal/1777-cinas-komisyon-evi	unclaimed	2026-07-12
336	Cıga Tic	komisyoncu	antalya	ova-beldesi	Yusuf CIGA	0532 376 46 89	Sebze Hali No :13	https://halkatalogu.com/hal/1903-ciga-tic	unclaimed	2026-07-12
316	Dalmaz Komisyon	komisyoncu	antalya	kumluca	Erol UYSAL	0532 725 97 81	Toptancı Hali No :39	https://halkatalogu.com/hal/1886-dalmaz-komisyon	unclaimed	2026-07-12
235	Defne Tarım ürünleri Defne Komisyon Evi	komisyoncu	antalya	merkez	Emrah OĞUR	0532 730 15 49	Toptancı Sebze Hali No :14 ANTALYA	https://halkatalogu.com/hal/2839-defne-tarim-urunleri-defne-komisyon-evi	unclaimed	2026-07-12
239	Demirler Komisyon	komisyoncu	antalya	merkez	Hasan DEMİR	0533 775 87 50	Toptancı Sebze Hali No :35	https://halkatalogu.com/hal/2000-demirler-komisyon	unclaimed	2026-07-12
334	Demiröz Tarım Ürünleri	komisyoncu	antalya	mavikent	Uğur DEMİRÖZ	0532 285 98 26	Toptancı Sebze Hali No: 35 Mavikent/Kumluca	https://halkatalogu.com/hal/2860-demiroz-tarim-urunleri	unclaimed	2026-07-12
287	Doğan Komisyon evi	komisyoncu	antalya	hasyurt	Murat ÖZDOĞAN	0533 480 83 58	Toptancı Sebze Hali No :23	https://halkatalogu.com/hal/1759-dogan-komisyon-evi	unclaimed	2026-07-12
250	Doğmuş Komisyonevi	komisyoncu	antalya	alanya	Mustafa DOĞMUŞ	0538 893 31 31	Toptancı Sebze Hali no :28	https://halkatalogu.com/hal/2031-dogmus-komisyonevi	unclaimed	2026-07-12
247	Doğtar Gıda Komisyon Evi Doğtar Tarım Ürünleri	komisyoncu	antalya	merkez	Cüneyt DOĞAN	0532 426 96 28	Toptancı Hali No :124	https://halkatalogu.com/hal/2022-dogtar-gida-komisyon-evi-dogtar-tarim-urunleri	unclaimed	2026-07-12
371	Dostlar Komisyon Evi	komisyoncu	antalya	sevkiyat	Cemol KARATUTLU	0533 735 83 14	Sevkiyatçılar Bölümü No: 257	https://halkatalogu.com/hal/1644-dostlar-komisyon-evi	unclaimed	2026-07-12
310	Durdaş Komisyon	komisyoncu	antalya	kumluca			Toptancı Sebze Hali No :21	https://halkatalogu.com/hal/1873-durdas-komisyon	unclaimed	2026-07-12
305	Durdaşlar Tarım Ürünleri	komisyoncu	antalya	kumluca	Durmuş DURDAŞ	0 242 887 12 24 - 887 21 66 - 887 65 66	Belediye Toptancı Hali No :1-31	https://halkatalogu.com/hal/1881-durdaslar-tarim-urunleri	unclaimed	2026-07-12
352	Eken Komisyon evi	komisyoncu	antalya	sahilkent		0532 410 90 51	Top.Seb.Hali No :6	https://halkatalogu.com/hal/1784-eken-komisyon-evi	unclaimed	2026-07-12
343	Ercan Komisyon evi	komisyoncu	antalya	payallar	Isa ULUDAĞ	0535 257 08 46	Toptancı Sebze Hali No :6	https://halkatalogu.com/hal/1778-ercan-komisyon-evi	unclaimed	2026-07-12
293	Eren Ticaret	komisyoncu	antalya	kepez	Ercan Bilgin	0530 522 59 61	Kepez Semt Hali No: 22-23	https://halkatalogu.com/hal/1643-eren-ticaret	unclaimed	2026-07-12
2829	Ersoylar Soğuk Hava Tesisleri	soguk_hava	antalya				Yeşilköy Gelendost / Isparta	https://halkatalogu.com/soguk-hava-depolari/5-ersoylar-soguk-hava-tesisleri	unclaimed	2026-07-01
279	Gazi Tuncerler Turizm	komisyoncu	antalya	gazipasa	Mahmut TUNCER	0532 616 87 70	Toptancı Hali No :18	https://halkatalogu.com/hal/2065-gazi-tuncerler-turizm	unclaimed	2026-07-12
391	Gökçe Kardeşler Komisyon evi	komisyoncu	antalya	yesilkoy	Özcan GÖKÇE	0 535 325 97 39	Yeşilköy Beldesi Belediye Toptancı Hali No :24	https://halkatalogu.com/hal/2556-gokce-kardesler-komisyon-evi	unclaimed	2026-07-12
298	Görgülü Komisyon evi	komisyoncu	antalya	konakli	Abdullah GÖRGÜLÜ	0 242 565 2252	Toptancı hal No :24	https://halkatalogu.com/hal/1768-gorgulu-komisyon-evi	unclaimed	2026-07-12
387	Güller Komisyonevi	komisyoncu	antalya	yesilkoy	Ali AKGÜL	0532 547 40 46	Toptancı Sebze Hali No :16	https://halkatalogu.com/hal/1791-guller-komisyonevi	unclaimed	2026-07-12
306	Haker Tarım Ürünleri	komisyoncu	antalya	kumluca	Hakkı ARIKAN	0533 320 45 45	Toptancı Sebze Hali No :9	https://halkatalogu.com/hal/1878-haker-tarim-urunleri	unclaimed	2026-07-12
277	Hasan Burç Komisyon evi	komisyoncu	antalya	gazipasa	Hasan BURÇ	0535 934 36 23	Toptancı Sebze Hali No :5	https://halkatalogu.com/hal/2063-hasan-burc-komisyon-evi	unclaimed	2026-07-12
253	Hasan GÜLEN Komisyon	komisyoncu	antalya	alanya	Hasan GÜLEN	0532 297 94 27	Toptancı Sebze Hali No :37	https://halkatalogu.com/hal/2030-hasan-gulen-komisyon	unclaimed	2026-07-12
249	Hasan Toraman Tarım Ürünleri Hasan Toraman Komisyon evi	komisyoncu	antalya	alanya	Hasan TORAMAN	0 242 522 02 91	Toptancı Sebze Hali No: 21 ALANYA	https://halkatalogu.com/hal/2850-hasan-toraman-tarim-urunleri-hasan-toraman-komisyon-evi	unclaimed	2026-07-12
263	Haşim Kaçmar Komisyon Muz Sarartma Tesisi	komisyoncu	antalya	demirtas	Haşim KAÇMAR	0532 673 35 16	Toptancı Sebze Hali No:3-4-5-6 DEMİRTAŞ/ALANYA	https://halkatalogu.com/hal/2881-hasim-kacmar-komisyon-muz-sarartma-tesisi	unclaimed	2026-07-12
351	Hatip Komisyon evi	komisyoncu	antalya	sahilkent	Mustafa TORUM	0 242 865 64 02	Hal No :5	https://halkatalogu.com/hal/2074-hatip-komisyon-evi	unclaimed	2026-07-12
365	Hüseyin Demir Komisyon evi	komisyoncu	antalya	serik	Hüseyin DEMİR	0532 664 44 06	Toptancı Sebze Hali No :64	https://halkatalogu.com/hal/2098-huseyin-demir-komisyon-evi	unclaimed	2026-07-12
244	Hüseyin Yavuz Komisyon evi	komisyoncu	antalya	merkez	Hüseyin YAVUZ	0533 339 77 98	Toptancı Hali No :99	https://halkatalogu.com/hal/2006-huseyin-yavuz-komisyon-evi	unclaimed	2026-07-12
338	İçöz Komisyon	komisyoncu	antalya	ova-beldesi	Mehmet İçöz	0532 424 32 22	Toptancı Sebze Hali No :19	https://halkatalogu.com/hal/1905-icoz-komisyon	unclaimed	2026-07-12
241	İsmail Akkoca Tarım Komisyon evi	komisyoncu	antalya	merkez	YUSUF AĞIRMAN	0532 716 62 37	Toptancı Sebze Hali NO :45	https://halkatalogu.com/hal/423-ismail-akkoca-tarim-komisyon-evi	unclaimed	2026-07-12
304	İsmail Arslan & Oğulları	komisyoncu	antalya	konakli	İsmail ARSLAN	0532 263 18 70	Toptancı Sebze Hali No :51	https://halkatalogu.com/hal/1920-ismail-arslan-ogullari	unclaimed	2026-07-12
273	İsmail Sarıer Komisyon evi	komisyoncu	antalya	demre	İsmail SARIER	0533 556 24 48	Toptancı Sebze Hali No :43	https://halkatalogu.com/hal/391-ismail-sarier-komisyon-evi	unclaimed	2026-07-12
292	Kabakuşak Komisyon evi	komisyoncu	antalya	kepez	Mehmet KABAKUSAK	0 242 338 10 45	Güneş Mah Toptancı Hal Kompleksi 2.Bölüm Patates Soğan Satış Yeri No :7-8	https://halkatalogu.com/hal/2552-kabakusak-komisyon-evi	unclaimed	2026-07-12
264	Kaçmaroğlu Komisyon evi	komisyoncu	antalya	demirtas	KAÇMAROĞLU	0532 571 98 00	Alanya Belediyesi Toptancı Hali No :45	https://halkatalogu.com/hal/1758-kacmaroglu-komisyon-evi	unclaimed	2026-07-12
386	Kandemiroğulları komisyon evi	komisyoncu	antalya	yesilkoy	İrfan İRBEÇ	0532 455 69 61		https://halkatalogu.com/hal/2357-kandemirogullari-komisyon-evi	unclaimed	2026-07-12
335	Kanga Tic	komisyoncu	antalya	ova-beldesi	Mehmet KANGA	0532 244 32 37	Hal No .4	https://halkatalogu.com/hal/1906-kanga-tic	unclaimed	2026-07-12
255	Kaplanlar Komisyon Evi Kaplanlar Tarım ürünleri	komisyoncu	antalya	alanya	Mehmet KAPLAN	522 02 54	Toptancı Sebze Hali No :49 ALANYA	https://halkatalogu.com/hal/2837-kaplanlar-komisyon-evi-kaplanlar-tarim-urunleri	unclaimed	2026-07-12
361	Karadaş Tarım Ürünleri	komisyoncu	antalya	serik	Mehmet KARADAŞ	0533 713 42 72	Toptancı Sebze Hali No :25	https://halkatalogu.com/hal/2099-karadas-tarim-urunleri	unclaimed	2026-07-12
354	Karadeniz Ambalaj	komisyoncu	antalya	sahilkent	Necati KELES	0532 285 98 47	Toptancı Sebze Hali No :23	https://halkatalogu.com/hal/1785-karadeniz-ambalaj	unclaimed	2026-07-12
319	Karataş Komisyon	komisyoncu	antalya	kumluca	Musa KARATAŞ	0533 644 76 66	Toptancı Sebze Hali No :50	https://halkatalogu.com/hal/1884-karatas-komisyon	unclaimed	2026-07-12
382	Kartın Gıda Komisyon	komisyoncu	antalya	yesilkoy	Durmuş KARTIN	0532 661 66 91	Hal No :3	https://halkatalogu.com/hal/2041-kartin-gida-komisyon	unclaimed	2026-07-12
339	Kasapoğlu Komisyonculuk	komisyoncu	antalya	ova-beldesi	Hüseyin GÜZELOĞLU	0535 470 86 98	Hal No :27	https://halkatalogu.com/hal/1901-kasapoglu-komisyonculuk	unclaimed	2026-07-12
296	KO & ŞAŞ Tarım Ürünleri	komisyoncu	antalya	kinik	Hasan KALAK	0532 664 39 12	Yeni Sebze Hali No :45	https://halkatalogu.com/hal/2106-ko-sas-tarim-urunleri	unclaimed	2026-07-12
367	Kocalar Komisyon evi	komisyoncu	antalya	serik	Rasim KOCA	0533 648 57 30	Toptancı Sebze Hali No :69	https://halkatalogu.com/hal/2102-kocalar-komisyon-evi	unclaimed	2026-07-12
286	Koçubaba Komisyon	komisyoncu	antalya	hasyurt	Tahir KOÇUBABA	865 76 68- 865 74 50	Toptancı Sebze Hali No :16	https://halkatalogu.com/hal/2069-kocubaba-komisyon	unclaimed	2026-07-12
362	Komisyoncu Mustafa ÇEŞME	komisyoncu	antalya	serik	MUSTAFA ÇEŞME	0533 648 57 85	Toptancı Sebze Hali No :46	https://halkatalogu.com/hal/2091-komisyoncu-mustafa-cesme	unclaimed	2026-07-12
270	Koreliler Komisyon evi	komisyoncu	antalya	demre	Ali Riza GÖKÇE	0 242 871 60 55	Toptancı Sebze Hali No :17	https://halkatalogu.com/hal/393-koreliler-komisyon-evi	unclaimed	2026-07-12
381	KöseKomisyon evi	komisyoncu	antalya	yesilkoy	Şeref ÇİÇEK	0536 297 40 75	Toptancı Sebze Hali No :2	https://halkatalogu.com/hal/1792-kosekomisyon-evi	unclaimed	2026-07-12
284	Küçükşahin komisyon evi	komisyoncu	antalya	gazipasa	Erol KÜÇÜKSAHIN	0530 317 46 82		https://halkatalogu.com/hal/3029-kucuksahin-komisyon-evi	unclaimed	2026-07-12
282	Laz Akarsu Ticaret Laz akarsu Komisyon evi	komisyoncu	antalya	gazipasa	Yusuf AKARSU	0242 572 16 80	Merkez Hal No :39	https://halkatalogu.com/hal/2060-laz-akarsu-ticaret-laz-akarsu-komisyon-evi	unclaimed	2026-07-12
345	M.A UYSAL Komisyon evi	komisyoncu	antalya	payallar	Abdullah UYSAL	0532 681 50 80	Toptancı Hali No :10	https://halkatalogu.com/hal/1780-m-a-uysal-komisyon-evi	unclaimed	2026-07-12
315	M.S Okurlar Komisyon	komisyoncu	antalya	kumluca	Mesut OKUR	0532 774 47 77	Belediye Toptancı Hali No :37	https://halkatalogu.com/hal/1876-m-s-okurlar-komisyon	unclaimed	2026-07-12
385	M&R Komisyon evi	komisyoncu	antalya	yesilkoy			Top.Sebze Hali No :11	https://halkatalogu.com/hal/1793-m-r-komisyon-evi	unclaimed	2026-07-12
259	Me-Sa Alım Satım Paketleme	komisyoncu	antalya	alanya	Sabri EVÇİ	0 242 522 03 21	Toptancı Hal no :62	https://halkatalogu.com/hal/2035-me-sa-alim-satim-paketleme	unclaimed	2026-07-12
364	Mehmet Yanık Tarım	komisyoncu	antalya	serik	Mehmet YANIK	0532 424 07 88	Toptancı Sebze Hali No :57	https://halkatalogu.com/hal/1923-mehmet-yanik-tarim	unclaimed	2026-07-12
312	Mert Komisyon	komisyoncu	antalya	kumluca	Turhan ATALAY	0532 445 50 88	Toptancı Sebze Hali No :26	https://halkatalogu.com/hal/1870-mert-komisyon	unclaimed	2026-07-12
269	Metin Mantar Komisyon evi	komisyoncu	antalya	demre	Metin MATAR	0532 361 10 63	Yeni Sebze Hali No :16	https://halkatalogu.com/hal/394-metin-mantar-komisyon-evi	unclaimed	2026-07-12
379	MICHEAL Ticaret ve Komisyon	komisyoncu	antalya	turuncova	Ersoy Ektirir	0532 615 49 96	Toptancı Sebze Hali no :12	https://halkatalogu.com/hal/2154-micheal-ticaret-ve-komisyon	unclaimed	2026-07-12
348	Mtf Aksoylar Komisyon evi	komisyoncu	antalya	payallar	Mustafa AKSOY	0533 476 89 91	Sebze Hali No :36	https://halkatalogu.com/hal/1774-mtf-aksoylar-komisyon-evi	unclaimed	2026-07-12
344	Muhammet Çetin Komisyon evi	komisyoncu	antalya	payallar	Muhammet ÇETİN	0533 773 76 20	Toptancı Sebze Hali No :9	https://halkatalogu.com/hal/1781-muhammet-cetin-komisyon-evi	unclaimed	2026-07-12
369	Musa Çelik Komisyon	komisyoncu	antalya	serik	Musa ÇELİK	0532 425 14 51	Hal No :71	https://halkatalogu.com/hal/2096-musa-celik-komisyon	unclaimed	2026-07-12
389	Musa gökçe komisyon evi	komisyoncu	antalya	yesilkoy	Musa GÖKÇE	0533 493 96 85		https://halkatalogu.com/hal/3177-musa-gokce-komisyon-evi	unclaimed	2026-07-12
301	Mustafa Oğuz Sebze Meyve Komisyonevi	komisyoncu	antalya	konakli	Mustafa Oğuz	0533 365 1198	Konaklı Hali No : 39	https://halkatalogu.com/hal/3242-mustafa-oguz-sebze-meyve-komisyonevi	unclaimed	2026-07-12
331	Mustafa Şahin Komisyon Evi	komisyoncu	antalya	mavikent	Mustafa ŞAHİN	0532 327 97 52	Toptancı Sebze Hali No: 6 BEYKENT-KUMLUCA	https://halkatalogu.com/hal/2858-mustafa-sahin-komisyon-evi	unclaimed	2026-07-12
268	Musti Komisyon evi	komisyoncu	antalya	demre	Mustafa Stüpütz	0 242 871 46 33	Sebze Hali No :11	https://halkatalogu.com/hal/395-musti-komisyon-evi	unclaimed	2026-07-12
262	Muz Sarartma Ve Paketleme Tesisleri	komisyoncu	antalya	demirtas	Hasan ARAS	0533 376 32 09	Toptancı Sebze Hali No :1	https://halkatalogu.com/hal/1757-muz-sarartma-ve-paketleme-tesisleri	unclaimed	2026-07-12
308	Nacakçılar Komisyon	komisyoncu	antalya	kumluca	Rafet NACAKCI	0532 264 31 67	Toptancı Sebze Hali No :11	https://halkatalogu.com/hal/1871-nacakcilar-komisyon	unclaimed	2026-07-12
333	Nadi Karasaçlı Tarım Ürünleri	komisyoncu	antalya	mavikent	Nadi KARASAĞLI	0 242 834 46 46	Sebze Hali No: 25 Beykent-Kumluca/ANTALYA	https://halkatalogu.com/hal/2859-nadi-karasacli-tarim-urunleri	unclaimed	2026-07-12
246	Naturel Ekad Komisyon evi	komisyoncu	antalya	merkez	Ekber İLDIZ	0532 233 21 69		https://halkatalogu.com/hal/425-naturel-ekad-komisyon-evi	unclaimed	2026-07-12
274	Onaran Komisyon evi	komisyoncu	antalya	demre	Muhittin ONARAN	0532 334 65 87	Toptancı Hali No :46-47	https://halkatalogu.com/hal/397-onaran-komisyon-evi	unclaimed	2026-07-12
378	Onaran Komisyon evi	komisyoncu	antalya	turuncova		0532 434 60 94	Toptancı Sebze Hali No :6	https://halkatalogu.com/hal/2153-onaran-komisyon-evi	unclaimed	2026-07-12
383	Ortaç Komisyon evi	komisyoncu	antalya	yesilkoy	Tekin ORTAÇ	0532 255 76 53	Toptancı Sebze Hali No :5	https://halkatalogu.com/hal/2040-ortac-komisyon-evi	unclaimed	2026-07-12
357	Öz Arslan Komisyon evi	komisyoncu	antalya	sahilkent	Rustem ÖZARSLAN	0532 647 89 21	Toptancı hali No :72-76	https://halkatalogu.com/hal/1786-oz-arslan-komisyon-evi	unclaimed	2026-07-12
323	Öz Ateşoğlu	komisyoncu	antalya	manavgat	ÖZ ATEŞOĞLU	0532 324 76 70	Belediye Sebze Hali No :13-14	https://halkatalogu.com/hal/1895-oz-atesoglu	unclaimed	2026-07-12
289	Öz Budak Tarım Ürünleri Öz Budak Komisyon evi	komisyoncu	antalya	kahyalar	Hasan ÖZBUDAK	0533 365 53 94	Toptancı Hali No :1	https://halkatalogu.com/hal/1764-oz-budak-tarim-urunleri-oz-budak-komisyon-evi	unclaimed	2026-07-12
373	Öz Gündoğdu Komisyon Tarım	komisyoncu	antalya	tasagil	Hamdi GÜNDOĞDU	0532 342 19 07	Toptancı Hal No :9	https://halkatalogu.com/hal/1788-oz-gundogdu-komisyon-tarim	unclaimed	2026-07-12
374	Öz Yılmaz Komisyonculuk	komisyoncu	antalya	tasagil	Raşit YILMAZ	0533 815 03 55	Toptancı Sebze Hali No :11	https://halkatalogu.com/hal/1789-oz-yilmaz-komisyonculuk	unclaimed	2026-07-12
314	Öztürk Komisyon	komisyoncu	antalya	kumluca	Ragıp ÖZTÜRK	0532 331 10 04	Toptancı Sebze Hali No :34	https://halkatalogu.com/hal/1885-ozturk-komisyon	unclaimed	2026-07-12
252	Pehlivanlar Komisyon	komisyoncu	antalya	alanya	Mustafa YÜKSEKAYA	0532 451 77 64	Hal No :31-32	https://halkatalogu.com/hal/2034-pehlivanlar-komisyon	unclaimed	2026-07-12
233	Pilotlar Komisyon	komisyoncu	antalya	merkez	Ahmet YILMAZ	0539 646 60 51	Sebze Hali No :1	https://halkatalogu.com/hal/1999-pilotlar-komisyon	unclaimed	2026-07-12
327	Pozluoğulları Komisyon evi	komisyoncu	antalya	manavgat		0 242 746 06 09	Mimar Sinan Mh. Belediye Toptancı Hali No :23	https://halkatalogu.com/hal/412-pozluogullari-komisyon-evi	unclaimed	2026-07-12
370	Ramazan gök komisyon evi	komisyoncu	antalya	serik	Ramazan GÖK	0532 451 16 35		https://halkatalogu.com/hal/3156-ramazan-gok-komisyon-evi	unclaimed	2026-07-12
271	Ramazan Şahin Komisyon evi	komisyoncu	antalya	demre	RAMAZAN ŞAHİN	0532 372 71 50	Hal No :28	https://halkatalogu.com/hal/398-ramazan-sahin-komisyon-evi	unclaimed	2026-07-12
309	Safir Komisyonevi	komisyoncu	antalya	kumluca			Toptancı Sebze Hali No :12	https://halkatalogu.com/hal/1883-safir-komisyonevi	unclaimed	2026-07-12
300	Sağlamlar Komisyon evi	komisyoncu	antalya	konakli	Ali SAĞLAM	0532 377 32 94	Toptancı Sebze Hali No :38	https://halkatalogu.com/hal/2070-saglamlar-komisyon-evi	unclaimed	2026-07-12
318	Saha Komisyon	komisyoncu	antalya	kumluca	Seyfi ARIKAN	0532 355 72 72	Toptancı Sebze Hali No :45	https://halkatalogu.com/hal/1872-saha-komisyon	unclaimed	2026-07-12
390	Samet Gıda	komisyoncu	antalya	yesilkoy	Emin TANÇ	0532 341 81 64	Toptancı Sebze Hali B Blok No: 23	https://halkatalogu.com/hal/2866-samet-gida	unclaimed	2026-07-12
294	Sarıca Komisyon Evi	komisyoncu	antalya	kinik	Cengiz SARICA	0532 304 48 82	Yeni Sebze Hali No :5	https://halkatalogu.com/hal/2107-sarica-komisyon-evi	unclaimed	2026-07-12
240	Sarıoğulları Komisyon evi	komisyoncu	antalya	merkez	Ali SARI	0535 860 90 17	Toptancı Hal No :39	https://halkatalogu.com/hal/2004-sariogullari-komisyon-evi	unclaimed	2026-07-12
245	Şeref Acun Pazarlama	komisyoncu	antalya	merkez	Şeref ACUN	0532 324 88 87	Toptancı Sebze Hali No :104	https://halkatalogu.com/hal/1994-seref-acun-pazarlama	unclaimed	2026-07-12
281	Şirinler Komisyon evi	komisyoncu	antalya	gazipasa	Abdullah Enes ŞİRİN	572 30 21	Hal no :23	https://halkatalogu.com/hal/2059-sirinler-komisyon-evi	unclaimed	2026-07-12
377	Süleyman Pay Komisyon evi	komisyoncu	antalya	turuncova	SÜLEYMAN PAY	0533 267 87 94	Meyve Sebze Hali No :3-17	https://halkatalogu.com/hal/2152-suleyman-pay-komisyon-evi	unclaimed	2026-07-12
337	Tanerler Tarım Ürünleri	komisyoncu	antalya	ova-beldesi	Aydın TANER	0532 400 32 16	Sebze Hali No :18	https://halkatalogu.com/hal/1904-tanerler-tarim-urunleri	unclaimed	2026-07-12
360	Tanrıverdi Komisyon evi	komisyoncu	antalya	serik	Veli TANRIVERDİ	0532 435 08 49	Toptancı Hal Kompleksi No :23	https://halkatalogu.com/hal/2100-tanriverdi-komisyon-evi	unclaimed	2026-07-12
326	Tevfik Anlar Komisyon Evi Tevfik Anlar Tarım Ürünleri	komisyoncu	antalya	manavgat	Tevfik ANLAR	0 242 746 48 55	Sebze Hali No :22	https://halkatalogu.com/hal/1897-tevfik-anlar-komisyon-evi-tevfik-anlar-tarim-urunleri	unclaimed	2026-07-12
254	Toramanlar Komisyon	komisyoncu	antalya	alanya	Hasan TORAMAN	0532 272 09 86	Toptancı Hal No :46	https://halkatalogu.com/hal/2033-toramanlar-komisyon	unclaimed	2026-07-12
236	Tosunoğulları Pazarlama Ve Nakliyat	komisyoncu	antalya	merkez	Yusuf TOSUN	0532 314 36 20	Toptancı Hal Kompleksi No :16	https://halkatalogu.com/hal/1998-tosunogullari-pazarlama-ve-nakliyat	unclaimed	2026-07-12
276	Tuncer 4 Komisyon evi	komisyoncu	antalya	gazipasa	Veli TUNCER	0530 930 55 77	Sebze Hali NO :4	https://halkatalogu.com/hal/409-tuncer-4-komisyon-evi	unclaimed	2026-07-12
267	Turallar Tarım Ürünleri Tic.Ltd.Şti	komisyoncu	antalya	demre	M.Fatih TURAL	0533 247 86 05	Beymelek Toptancı Hali No :10	https://halkatalogu.com/hal/401-turallar-tarim-urunleri-tic-ltd-sti	unclaimed	2026-07-12
330	Umut Karacan Komisyon	komisyoncu	antalya	manavgat			Toptancı Hali No :34	https://halkatalogu.com/hal/1900-umut-karacan-komisyon	unclaimed	2026-07-12
251	Uyarlar Muz Sarartma	komisyoncu	antalya	alanya		0532 521 35 56	Alan Hal No :30	https://halkatalogu.com/hal/1845-uyarlar-muz-sarartma	unclaimed	2026-07-12
332	Yarar Komisyon	komisyoncu	antalya	mavikent	Sütleyman YABAR	0533 397 58 56	Toptancı Sebze Hali No :8	https://halkatalogu.com/hal/2079-yarar-komisyon	unclaimed	2026-07-12
325	Yener Duran Komisyonculuğu	komisyoncu	antalya	manavgat	Yener DURAN	0532 297 37 98	Toptancı Sebze Hali No :21	https://halkatalogu.com/hal/1899-yener-duran-komisyonculugu	unclaimed	2026-07-12
366	Yıldırım Komisyon	komisyoncu	antalya	serik	Ahmet YILDIRIM	0532 431 03 68	Sebze Meyve Hali No :68	https://halkatalogu.com/hal/2095-yildirim-komisyon	unclaimed	2026-07-12
237	Yıldız Komisyon	komisyoncu	antalya	merkez	Sait YILDIZ	0532 404 05 60	Toptancı Hali No :24	https://halkatalogu.com/hal/2001-yildiz-komisyon	unclaimed	2026-07-12
372	Yılmaz Kardeşler	komisyoncu	antalya	sevkiyat	Yusuf YILMAZ	0532 521 60 61	Ardiye No :570	https://halkatalogu.com/hal/2005-yilmaz-kardesler	unclaimed	2026-07-12
280	Yılmaz Komisyon evi	komisyoncu	antalya	gazipasa	İsa YILMAZ	572 19 53	Toptancı Sebze Hali No :19	https://halkatalogu.com/hal/2058-yilmaz-komisyon-evi	unclaimed	2026-07-12
2837	Yıltek Nakliyat	nakliye	antalya				Sebze Hali SERİK	https://halkatalogu.com/nakliyeciler/2-yiltek-nakliyat	unclaimed	2026-07-01
317	Yörükoğlu Komisyon evi	komisyoncu	antalya	kumluca	Şaban ÇETİN	865 63 45	Toptancı Hali No :40	https://halkatalogu.com/hal/1882-yorukoglu-komisyon-evi	unclaimed	2026-07-12
275	Yörükoğulları komisyon evi	komisyoncu	antalya	gazipasa	Süleyman TUNCER	0532 581 31 81		https://halkatalogu.com/hal/3159-yorukogullari-komisyon-evi	unclaimed	2026-07-12
258	Yörükoğulları Komisyonevi	komisyoncu	antalya	alanya			Toptancı Hali No :61	https://halkatalogu.com/hal/2029-yorukogullari-komisyonevi	unclaimed	2026-07-12
329	Yüksel Komisyon evi	komisyoncu	antalya	manavgat	Ramazan YÜKSEL	0532 403 37 93	Belediye Toptancı Hali No :31-32	https://halkatalogu.com/hal/413-yuksel-komisyon-evi	unclaimed	2026-07-12
260	Zahmacılar Komisyon evi	komisyoncu	antalya	beykonak	Ahmet ZAHMACI	0532 427 25 77	Toptancı Sebze Hali No :1-2	https://halkatalogu.com/hal/1755-zahmacilar-komisyon-evi	unclaimed	2026-07-12
376	Zeki Çiftçi Komisyon evi	komisyoncu	antalya	turuncova	Zeki Çiftçi	0532 666 20 68	Toptancı Sebze Hali No :1-2	https://halkatalogu.com/hal/2155-zeki-ciftci-komisyon-evi	unclaimed	2026-07-12
307	Zorlu Komisyon	komisyoncu	antalya	kumluca	Ramazan ZORLU	0532 273 32 07	Toptancı Hali No11	https://halkatalogu.com/hal/1879-zorlu-komisyon	unclaimed	2026-07-12
288	Zorlu Komisyon evi	komisyoncu	antalya	hasyurt	Ramazan ZORLU	865 6954	Toptancı Sebze Hali No :24	https://halkatalogu.com/hal/1760-zorlu-komisyon-evi	unclaimed	2026-07-12
408	Akdağ Ticaret Komisyon evi	komisyoncu	aydin	acarlar	Sekip AKDAG	0545 827 69 39	Belediye Sebze Hali No :43-44	https://halkatalogu.com/hal/1852-akdag-ticaret-komisyon-evi	unclaimed	2026-07-12
398	Aliş Ticaret Komisyon evi	komisyoncu	aydin	merkez	İzzettin Yavuz	0532 688 45 76	Toptan Sebze Meyve Hali No :26	https://halkatalogu.com/hal/433-alis-ticaret-komisyon-evi	unclaimed	2026-07-12
405	Ay Ticaret komisyon evi	komisyoncu	aydin	acarlar	YILDIRAY AY	0533 591 18 45	Toptancı Sebze Hali No 38 ACARLAR AYDIN	https://halkatalogu.com/hal/2798-ay-ticaret-komisyon-evi	unclaimed	2026-07-12
407	Aydın Ticaret Komisyon evi	komisyoncu	aydin	acarlar			Acarlar Hal no :42	https://halkatalogu.com/hal/1853-aydin-ticaret-komisyon-evi	unclaimed	2026-07-12
409	Çakır Ticaret Komisyonevi	komisyoncu	aydin	acarlar		0256 595 77 71	Acarlar Kasabası Hali No :48	https://halkatalogu.com/hal/1855-cakir-ticaret-komisyonevi	unclaimed	2026-07-12
419	Çalışkan Ticaret	komisyoncu	aydin	buharkent			İstiklal Mahallesi 14 sk	https://halkatalogu.com/hal/440-caliskan-ticaret	unclaimed	2026-07-12
411	Çifçi Komisyonevi	komisyoncu	aydin	atca	HAKİM ÇİFÇİ	0546 227 50 32	Toptancı Hal no :1	https://halkatalogu.com/hal/1849-cifci-komisyonevi	unclaimed	2026-07-12
404	Demir Komisyon evi	komisyoncu	aydin	acarlar	Avni DEMİR	0532 667 07 27	Belediye Sebze Hali No :35	https://halkatalogu.com/hal/1856-demir-komisyon-evi	unclaimed	2026-07-12
417	Dostlar Komisyon evi	komisyoncu	aydin	buharkent	Mustafa Habip KAYAHAN	0537 659 67 50	Toptancı Sebze Hali no :5	https://halkatalogu.com/hal/442-dostlar-komisyon-evi	unclaimed	2026-07-12
392	Efetürk Tarım Ürünleri	komisyoncu	aydin	merkez	Mehmet YILDIRIM	0532 477 86 47	Toptancı sebze hali no :4	https://halkatalogu.com/hal/436-efeturk-tarim-urunleri	unclaimed	2026-07-12
414	Ege Ticaret	komisyoncu	aydin	atca	ERCAN SARIKAYA	0532 203 84 90	Toptancı Hal no :6	https://halkatalogu.com/hal/1848-ege-ticaret	unclaimed	2026-07-12
427	Er Ticaret Tarım Ürünleri	komisyoncu	aydin	sultanhisar			Hal No :8	https://halkatalogu.com/hal/435-er-ticaret-tarim-urunleri	unclaimed	2026-07-12
420	Ertekin Ticaret	komisyoncu	aydin	buharkent	Osman ERTEKİN	0532 707 62 14		https://halkatalogu.com/hal/441-ertekin-ticaret	unclaimed	2026-07-12
396	Gerişler Komisyon evi	komisyoncu	aydin	merkez	Kadir GERİŞ	231 10 13	Sebze Hali No :19	https://halkatalogu.com/hal/431-gerisler-komisyon-evi	unclaimed	2026-07-12
394	Gül Kardeşler Komisyon evi	komisyoncu	aydin	merkez	Sercan GÜL	0553 354 54 92	Hal No :13	https://halkatalogu.com/hal/432-gul-kardesler-komisyon-evi	unclaimed	2026-07-12
410	Gürbüz Kardeşler Komisyon evi	komisyoncu	aydin	acarlar	Ercan GÜRBÜZ	0535 288 67 09	Toptancı Sebze Hali No :58-59	https://halkatalogu.com/hal/1858-gurbuz-kardesler-komisyon-evi	unclaimed	2026-07-12
399	Gürünler Tarım Ürünleri	komisyoncu	aydin	merkez	Yusuf GÜRÜN	0532 326 59 04	Toptancı Sebze Hali NO :27	https://halkatalogu.com/hal/437-gurunler-tarim-urunleri	unclaimed	2026-07-12
415	İlhan Komisyon evi	komisyoncu	aydin	buharkent	Yalçın İLHAN	0539 380 81 21	Toptancı Sebze Hali No .1	https://halkatalogu.com/hal/444-ilhan-komisyon-evi	unclaimed	2026-07-12
426	İlhan Komisyonevi	komisyoncu	aydin	nazilli	Yalçın İLHAN	0256 316 2201	Toptancı Hali No :30	https://halkatalogu.com/hal/2364-ilhan-komisyonevi	unclaimed	2026-07-12
400	İncekaya Tarım Ürünleri	komisyoncu	aydin	merkez	Mikail İNCEKAYA	0533 293 85 95	Toptancı Sebze Hali No :33	https://halkatalogu.com/hal/438-incekaya-tarim-urunleri	unclaimed	2026-07-12
421	İtimat Komisyon evi	komisyoncu	aydin	incirliova	MEHMET GÜLEÇYÜZ	0532 317 64 08	Merkez Hal No :19	https://halkatalogu.com/hal/445-itimat-komisyon-evi	unclaimed	2026-07-12
422	Karahan Gıda Tic.Nak.San.Ltd.Şti	komisyoncu	aydin	nazilli	Fevzi KARAHAN	0533 335 29 81	Toptancı Hali No :4-5	https://halkatalogu.com/hal/450-karahan-gida-tic-nak-san-ltd-sti	unclaimed	2026-07-12
413	Kardeş Komisyon	komisyoncu	aydin	atca	Ali OKSAY	0542 635 12 28	Toptancı Hal No :3	https://halkatalogu.com/hal/1851-kardes-komisyon	unclaimed	2026-07-12
397	Kılıçlar Tropikal	komisyoncu	aydin	merkez	Selahattin KILIÇ	0 256 231 06 84	Toptancı Sebze Hali No : 23 AYDIN	https://halkatalogu.com/hal/2585-kiliclar-tropikal	unclaimed	2026-07-12
406	Küçükağa Tarım Ürünleri Küçük ağa Komisyon evi	komisyoncu	aydin	acarlar	Sait TEPEDÜZÜ	0 256 595 82 22	Toptancı Sebze Hali NO: 41-46	https://halkatalogu.com/hal/2835-kucukaga-tarim-urunleri-kucuk-aga-komisyon-evi	unclaimed	2026-07-12
393	Kursun Komisyon evi	komisyoncu	aydin	merkez		0536 695 42 13	Ata Mah.Sebze Hali No :7	https://halkatalogu.com/hal/434-kursun-komisyon-evi	unclaimed	2026-07-12
395	Odenler Komisyonevi	komisyoncu	aydin	merkez	Suphi ÖDEN	0532 316 17 92	Sebze Hali No :17	https://halkatalogu.com/hal/430-odenler-komisyonevi	unclaimed	2026-07-12
423	Öz Birlik Komisyon evi	komisyoncu	aydin	nazilli	Cumhur AKKOÇ	0544 536 66 22	Toptancı Hali No :10	https://halkatalogu.com/hal/449-oz-birlik-komisyon-evi	unclaimed	2026-07-12
403	Sağdıç Komisyon	komisyoncu	aydin	acarlar	Yıldıray SAĞDIÇ	0533 373 81 96	Toptancı Sebze Hali No :28-29	https://halkatalogu.com/hal/2362-sagdic-komisyon	unclaimed	2026-07-12
412	Sağlam Komisyonevi	komisyoncu	aydin	atca	OLGUN BİNİCİ	0544 522 65 87	Toptancı Hal No :2	https://halkatalogu.com/hal/1850-saglam-komisyonevi	unclaimed	2026-07-12
424	Sakar Ticaret Komisyon evi	komisyoncu	aydin	nazilli	Mustafa SAKAR	0539 225 90 00	Toptancı Hali No :13	https://halkatalogu.com/hal/446-sakar-ticaret-komisyon-evi	unclaimed	2026-07-12
418	Sancak Yerli Ürünler Ticareti	komisyoncu	aydin	buharkent	Ibrahim SANCAK	0544 596 53 56	Toptancı Sebze Hali No :12-13	https://halkatalogu.com/hal/443-sancak-yerli-urunler-ticareti	unclaimed	2026-07-12
401	Türkoğlu Ticaret Komisyon evi	komisyoncu	aydin	acarlar	Hakan TÜRKOĞLU	0530 252 94 24	Toptancı Sebze Hali No :7	https://halkatalogu.com/hal/2363-turkoglu-ticaret-komisyon-evi	unclaimed	2026-07-12
416	Ulus Yerli Ürünleri Ticareti	komisyoncu	aydin	buharkent	YAŞAR ULUS	0532 336 52 00	Toptancı Sebze Hali No :3	https://halkatalogu.com/hal/439-ulus-yerli-urunleri-ticareti	unclaimed	2026-07-12
425	Yapıcıoğlu Komisyon evi	komisyoncu	aydin	nazilli	Salim Büyükyapıcı	0544 635 28 16	Toptancı Hali No :14	https://halkatalogu.com/hal/452-yapicioglu-komisyon-evi	unclaimed	2026-07-12
402	Yoldaş Ticaret Komisyon evi	komisyoncu	aydin	acarlar	Mehmet YOLDAŞ	0535 967 98 49	Belediye hal dükkanları No :12	https://halkatalogu.com/hal/1859-yoldas-ticaret-komisyon-evi	unclaimed	2026-07-12
430	Avcılar Komisyon evi	komisyoncu	balikesir	merkez	Mehmet AVCI	0532 711 19 63	Toptancı Sebze Hali No :17	https://halkatalogu.com/hal/453-avcilar-komisyon-evi	unclaimed	2026-07-12
435	Ayşe Bacılı Komisyon evi	komisyoncu	balikesir	merkez	Rifat KOSAY	0532 343 89 84	Yeni Toptancı Ve Sebze Hali No :44-45	https://halkatalogu.com/hal/454-ayse-bacili-komisyon-evi	unclaimed	2026-07-12
436	Bekiroğlu Komisyon Evi	komisyoncu	balikesir	merkez	Mesut TÜRKDEN	241 25 06	Toptancı Sebze Hali No: 49-50 BALIKESİR	https://halkatalogu.com/hal/2888-bekiroglu-komisyon-evi	unclaimed	2026-07-12
433	Can Gıda Komisyon Evi	komisyoncu	balikesir	merkez	Gürkan CAN	0533 724 56 93	Toptancı Sebze Hali No: 32 Balıkesir	https://halkatalogu.com/hal/2889-can-gida-komisyon-evi	unclaimed	2026-07-12
438	Çiftçiler Ticaret	komisyoncu	balikesir	merkez			Yeni Toptancı Hali No :56	https://halkatalogu.com/hal/2208-ciftciler-ticaret	unclaimed	2026-07-12
434	Gülmezler Paketleme Tesisleri	komisyoncu	balikesir	merkez	Levent Gülmezoğlu	0533 283 84 78	Sebze Meyve Hali NO :42-43	https://halkatalogu.com/hal/457-gulmezler-paketleme-tesisleri	unclaimed	2026-07-12
439	Kamil Bulut Ticaret	komisyoncu	balikesir	edremit	Kamil Bulut	0532 270 23 61	Toptancı Sebze Hali No :20-21	https://halkatalogu.com/hal/463-kamil-bulut-ticaret	unclaimed	2026-07-12
440	Kurt Ticaret Komisyon evi	komisyoncu	balikesir	edremit	Tahir KURT	0530 326 27 35	Toptancı Sebze Hali No :24	https://halkatalogu.com/hal/464-kurt-ticaret-komisyon-evi	unclaimed	2026-07-12
437	Meraler Komisyon evi	komisyoncu	balikesir	merkez	Ufuk MERAL	0532 495 26 10	Toptancı Sebze Hali No :51	https://halkatalogu.com/hal/459-meraler-komisyon-evi	unclaimed	2026-07-12
428	Paşam Komisyon evi	komisyoncu	balikesir	merkez	Muhammet ÖZSÖZ	0536 395 39 51	Sebze Hali No :7	https://halkatalogu.com/hal/456-pasam-komisyon-evi	unclaimed	2026-07-12
431	Şenler Ticaret	komisyoncu	balikesir	merkez	Zafer ŞEN	0533 295 29 00	Toptancı Sebze Hali No :25	https://halkatalogu.com/hal/2209-senler-ticaret	unclaimed	2026-07-12
432	Yeşillikçi Nuri	komisyoncu	balikesir	merkez			Toptancı Sebze Hali No :1	https://halkatalogu.com/hal/2207-yesillikci-nuri	unclaimed	2026-07-12
429	Zorlu 35 Komisyon evi	komisyoncu	balikesir	merkez	Ünal ZORLU	0532 171 43 10	Yeni Sebze Hali No :17	https://halkatalogu.com/hal/462-zorlu-35-komisyon-evi	unclaimed	2026-07-12
1370	Balka Komisyon evi	komisyoncu	bartin	merkez	Halil BALIK	0532 455 76 06	Toptancı Sebze Hali No :8	https://halkatalogu.com/hal/465-balka-komisyon-evi	unclaimed	2026-07-12
1371	Etemoğlu Ticaret	komisyoncu	bartin	merkez	İsmail USLU	0532 364 50 37	Toptan Sebze & Meyve Hali NO :10	https://halkatalogu.com/hal/466-etemoglu-ticaret	unclaimed	2026-07-12
1372	Karaman Ticaret	komisyoncu	bartin	merkez	Feridun KARAMAN	0532 710 01 72	Toptancı Sebze Hali No :14	https://halkatalogu.com/hal/467-karaman-ticaret	unclaimed	2026-07-12
1361	Cangir Kardeşler Komisyon Evi	komisyoncu	batman	merkez	M.Siraç CANGİR	0536 591 17 25		https://halkatalogu.com/hal/3001-cangir-kardesler-komisyon-evi	unclaimed	2026-07-12
1368	Ekin Dört Mevsim Komisyon evi	komisyoncu	batman	merkez			Yeni sebze Hali No :67	https://halkatalogu.com/hal/489-ekin-dort-mevsim-komisyon-evi	unclaimed	2026-07-12
1362	Kaplan Kardeşler Komisyon Evi	komisyoncu	batman	merkez	Bilal KAPLAN	0536 552 78 03		https://halkatalogu.com/hal/3122-kaplan-kardesler-komisyon-evi	unclaimed	2026-07-12
1363	Kardeşler Komisyon Evi	komisyoncu	batman	merkez	Hacı Nevaf ASLAN	0533 346 65 46	Yeni Toptancı Sebze Hali No :19 BATMAN	https://halkatalogu.com/hal/2688-kardesler-komisyon-evi	unclaimed	2026-07-12
1367	Nebioğlu komisyon evi	komisyoncu	batman	merkez	M. Sait ERDEM	0542 496 09 05		https://halkatalogu.com/hal/3119-nebioglu-komisyon-evi	unclaimed	2026-07-12
1369	Ömerli Komisyonevi	komisyoncu	batman	merkez	Abdulbari DOĞAN	0532 403 20 07	Yeni sebze Hali .No :68	https://halkatalogu.com/hal/482-omerli-komisyonevi	unclaimed	2026-07-12
1359	Saray tarım ürünleri	komisyoncu	batman	merkez				https://halkatalogu.com/hal/3117-saray-tarim-urunleri	unclaimed	2026-07-12
1360	Şeker kardeşler komisyon evi	komisyoncu	batman	merkez	Ramazan ŞEKER	0545 557 55 10		https://halkatalogu.com/hal/3237-seker-kardesler-komisyon-evi	unclaimed	2026-07-12
1364	Taymur Tarım Ürünleri - Taymur Komisyon Evi	komisyoncu	batman	merkez	Abid TAYMUR	0532 376 34 09	Yeni sebze hali No :20-21	https://halkatalogu.com/hal/471-taymur-tarim-urunleri-taymur-komisyon-evi	unclaimed	2026-07-12
1366	Yeni Çağ Tarım Ürünleri	komisyoncu	batman	merkez	Murat ÇAKMAZ	0532 733 98 18	Top.Sebze Hali NO :45-46	https://halkatalogu.com/hal/495-yeni-cag-tarim-urunleri	unclaimed	2026-07-12
1365	Yıldız kardeşler komisyon evi	komisyoncu	batman	merkez	Sedat YILDIZ	0544 667 72 80		https://halkatalogu.com/hal/3120-yildiz-kardesler-komisyon-evi	unclaimed	2026-07-12
445	Bayşin Komisyon evi	komisyoncu	bingol	merkez	Ibrahim ANŞIN	0532 417 81 27	Toptancı Hal Kompleksi : no 11	https://halkatalogu.com/hal/1843-baysin-komisyon-evi	unclaimed	2026-07-12
450	Bingöl Komisyon evi	komisyoncu	bingol	merkez	Cezair BALUN	0538 319 30 00	Toptancı Sebze Hali No :43	https://halkatalogu.com/hal/2206-bingol-komisyon-evi	unclaimed	2026-07-12
443	Bingöl sebze hali	komisyoncu	bingol	merkez	Halim Kaan	0532 424 21 26	Toptancı Sebze Hali No :7	https://halkatalogu.com/hal/503-bingol-sebze-hali	unclaimed	2026-07-12
446	Çağlayan Komisyon evi	komisyoncu	bingol	merkez	Erol ÇAĞLAYAN	0541 787 14 88	Yeni Sebze Hali NO :14	https://halkatalogu.com/hal/497-caglayan-komisyon-evi	unclaimed	2026-07-12
449	Enes Komisyon evi	komisyoncu	bingol	merkez	T.Tahsin TAŞDÖGEN	0532 335 25 74	Sebze Hali No :37	https://halkatalogu.com/hal/501-enes-komisyon-evi	unclaimed	2026-07-12
448	Güneş 12 Komisyon Evi Güneş 12 Tarım Ürünleri	komisyoncu	bingol	merkez	Asım AYTUNA	0542 402 85 61	Toptancı Sebze Hali No: 25 Bingöl	https://halkatalogu.com/hal/2829-gunes-12-komisyon-evi-gunes-12-tarim-urunleri	unclaimed	2026-07-12
447	Köylü Komisyonevi	komisyoncu	bingol	merkez	M.Emin KALKAN	0539 555 11 43	Sebze Hali no :17	https://halkatalogu.com/hal/504-koylu-komisyonevi	unclaimed	2026-07-12
442	Mevsim Komisyonevi	komisyoncu	bingol	merkez	Mahmut CAF	0541 404 12 34	Toptancı Sebze Hali No :7-8	https://halkatalogu.com/hal/505-mevsim-komisyonevi	unclaimed	2026-07-12
441	Öz bingöl komisyon evi öz bingöl tarım	komisyoncu	bingol	merkez	MUSA GÜLTEKİN	0538 777 77 23		https://halkatalogu.com/hal/3238-oz-bingol-komisyon-evi-oz-bingol-tarim	unclaimed	2026-07-12
444	Yamaç Komisyon evi	komisyoncu	bingol	merkez	Mahmut BUDAK	0532 421 18 64	Toptancı Sebze Hali NO :10-11	https://halkatalogu.com/hal/507-yamac-komisyon-evi	unclaimed	2026-07-12
456	Aholi Komisyon evi	komisyoncu	bolu	merkez	Sinan GÜLAY	0533 816 35 82	Toptancı Hali No :19	https://halkatalogu.com/hal/2397-aholi-komisyon-evi	unclaimed	2026-07-12
453	Dönmez Kavun-Karpuz Komisyoncusu	komisyoncu	bolu	merkez	Ahmet DÖNMEZ	0537 737 70 19	Toptancı Sebze &Meyve Hali No :12	https://halkatalogu.com/hal/510-donmez-kavun-karpuz-komisyoncusu	unclaimed	2026-07-12
455	Gülaylar Komisyon evi	komisyoncu	bolu	merkez	Sinan GÜLAY	0533 816 35 82	Toptancı Sebze Hali No :15-17	https://halkatalogu.com/hal/2398-gulaylar-komisyon-evi	unclaimed	2026-07-12
452	Küçükler Komisyon evi	komisyoncu	bolu	merkez	Levent KÜÇÜK	0 374 212 5705	Toptancı Sebze Hali No :7	https://halkatalogu.com/hal/2399-kucukler-komisyon-evi	unclaimed	2026-07-12
451	Öz Karadayı Komisyon evi	komisyoncu	bolu	merkez	Mecit KARADAYI	0554 302 77 79	Bolu Toptancı Hali NO :	https://halkatalogu.com/hal/509-oz-karadayi-komisyon-evi	unclaimed	2026-07-12
454	ÖZ Karadayı Komisyon evi	komisyoncu	bolu	merkez		0 374 217 3636	Sebze Meyve Hal No :1-3	https://halkatalogu.com/hal/2400-oz-karadayi-komisyon-evi	unclaimed	2026-07-12
480	Aka Tohumculuk Ticaret	komisyoncu	bursa	karacabey	Vahap AKA	0532 287 46 55	Sebze Hali No :2	https://halkatalogu.com/hal/2371-aka-tohumculuk-ticaret	unclaimed	2026-07-12
485	Ata Ticaret	komisyoncu	bursa	karacabey	Tuncay KARAGÖZ	0532 205 18 89	Toptancı Sebze Hali No :44	https://halkatalogu.com/hal/2374-ata-ticaret	unclaimed	2026-07-12
468	Atalay Ticaret Komisyon evi	komisyoncu	bursa	merkez	Bülent ATALAY	0532 706 30 22	Yeni Kent Hali No :63-64	https://halkatalogu.com/hal/2223-atalay-ticaret-komisyon-evi	unclaimed	2026-07-12
463	Çalışır Tarım Ürünleri	komisyoncu	bursa	merkez	Isa Alper	0533 659 59 01	Kent Hali No :44	https://halkatalogu.com/hal/2221-calisir-tarim-urunleri	unclaimed	2026-07-12
465	Dalgıç Köpük File Ambalaj	komisyoncu	bursa	merkez	Salami DALGIC	0532 231 51 23	Tahtalı Köyü Değirmen Yolu Sk No :47	https://halkatalogu.com/hal/2236-dalgic-kopuk-file-ambalaj	unclaimed	2026-07-12
469	Durmazlar Komisyonevi	komisyoncu	bursa	merkez			Kent Toptancı Hali No :87	https://halkatalogu.com/hal/2225-durmazlar-komisyonevi	unclaimed	2026-07-12
464	Emir Ticaret Komisyon evi	komisyoncu	bursa	merkez	Cengiz TUTCAN	0533 639 46 43	Sebze Hali No :46	https://halkatalogu.com/hal/519-emir-ticaret-komisyon-evi	unclaimed	2026-07-12
457	Ersa Komisyon evi Ersa Tarım ürünleri	komisyoncu	bursa	merkez	Hasan ERTUĞRUL	0532 562 24 41	Toptancı Sebze Hali No :4	https://halkatalogu.com/hal/520-ersa-komisyon-evi-ersa-tarim-urunleri	unclaimed	2026-07-12
483	Gerçek Ticaret	komisyoncu	bursa	karacabey	Recep GERÇEK	0533 250 49 48	Hal No .20	https://halkatalogu.com/hal/2373-gercek-ticaret	unclaimed	2026-07-12
470	Gökmen Komisyon evi	komisyoncu	bursa	merkez	Gökmen ÇAĞRI	0533 394 44 96	Kent Toptancı Hali No :96-97	https://halkatalogu.com/hal/2233-gokmen-komisyon-evi	unclaimed	2026-07-12
476	Hasan korkmaz komisyon evi	komisyoncu	bursa	merkez				https://halkatalogu.com/hal/3147-hasan-korkmaz-komisyon-evi	unclaimed	2026-07-12
478	İçmen Komisyon	komisyoncu	bursa	inegol	Nurettin İÇMEN	0532 324 38 84	Sebze Hali No :1-2-3	https://halkatalogu.com/hal/2391-icmen-komisyon	unclaimed	2026-07-12
460	İznik Tarım Ürünleri Komisyon evi	komisyoncu	bursa	merkez	Hasan ZENGİN	497 40 40 -- 497 4041	Toptancı Sebze Hali No :24 BURSA	https://halkatalogu.com/hal/2789-iznik-tarim-urunleri-komisyon-evi	unclaimed	2026-07-12
462	Kantarcıoğlu Tarım Ürünleri	komisyoncu	bursa	merkez		497 40 12 --497 40 52	Toptancı Sebze Hali No :34-35	https://halkatalogu.com/hal/2790-kantarcioglu-tarim-urunleri	unclaimed	2026-07-12
482	Karagöz TİCARET	komisyoncu	bursa	karacabey	Tuncay KARAGÖZ	0532 205 18 89	Soğan Pazarı No :19	https://halkatalogu.com/hal/2375-karagoz-ticaret	unclaimed	2026-07-12
484	Kavaz Ticaret	komisyoncu	bursa	karacabey	Celali KAVAZ	0224 676 2463	Belediye Soğan Hali No :27-28-35	https://halkatalogu.com/hal/2376-kavaz-ticaret	unclaimed	2026-07-12
461	Kaya Komisyonevi	komisyoncu	bursa	merkez	Mustafa KAYA	0533 685 39 96	Yeni Sebze Hali No :30	https://halkatalogu.com/hal/2219-kaya-komisyonevi	unclaimed	2026-07-12
479	Nur Komisyon	komisyoncu	bursa	inegol	Cemil DERMAN	0 224 713 4328	Yeni Hal No :20	https://halkatalogu.com/hal/2390-nur-komisyon	unclaimed	2026-07-12
467	Pekmezciler Komisyonevi	komisyoncu	bursa	merkez	Ümit PEKMEZCİ	0532 283 25 94	Yeni Kent Hali No :61	https://halkatalogu.com/hal/2235-pekmezciler-komisyonevi	unclaimed	2026-07-12
475	Postacılar Tarım Ürünleri	komisyoncu	bursa	merkez	Mustafa ATAY	0544 433 16 44	Yeni Kent Hali No: 117 Nilüfer/BURSA	https://halkatalogu.com/hal/2872-postacilar-tarim-urunleri	unclaimed	2026-07-12
474	Pullu tarım	komisyoncu	bursa	merkez	Adem PULLU	0532 748 02 89		https://halkatalogu.com/hal/3027-pullu-tarim	unclaimed	2026-07-12
471	Samed Ticaret	komisyoncu	bursa	merkez	Mihat DURMAZ	0533 387 82 02	Kent Hali No :98	https://halkatalogu.com/hal/2227-samed-ticaret	unclaimed	2026-07-12
473	Sonekinci Komisyon evi	komisyoncu	bursa	merkez			Bursa Sebze Meyve Hali No :111	https://halkatalogu.com/hal/2566-sonekinci-komisyon-evi	unclaimed	2026-07-12
458	Topal Ticaret Komisyon evi	komisyoncu	bursa	merkez	Halil TOPAL	497 41 21	Yeni Kent Hali No :7	https://halkatalogu.com/hal/2565-topal-ticaret-komisyon-evi	unclaimed	2026-07-12
459	Umut Ticaret Komisyonevi	komisyoncu	bursa	merkez	Casim Aslanci	0532 648 51 84	Yeni Kent Hali No :23	https://halkatalogu.com/hal/2230-umut-ticaret-komisyonevi	unclaimed	2026-07-12
481	Yapıcıoğlu Ticaret	komisyoncu	bursa	karacabey	NEZİR TEMEL	0532 316 03 96	Sebze Hali No :12	https://halkatalogu.com/hal/2372-yapicioglu-ticaret	unclaimed	2026-07-12
466	Yaslo Gıda Komisyon evi	komisyoncu	bursa	merkez			Toptancı Hali No :55	https://halkatalogu.com/hal/2222-yaslo-gida-komisyon-evi	unclaimed	2026-07-12
472	Yelkenci Gıda	komisyoncu	bursa	merkez	Yusuf BASRI YELKENCI	0532 742 94 54	Toptancı Hal No :106	https://halkatalogu.com/hal/528-yelkenci-gida	unclaimed	2026-07-12
477	Yurtseven Komisyon Evi	komisyoncu	bursa	merkez	Ertan YURTSEVEN	0532 466 91 54	Yeni Kent Hali No: 122 BURSA	https://halkatalogu.com/hal/2927-yurtseven-komisyon-evi	unclaimed	2026-07-12
488	Bahar Komisyonevi	komisyoncu	canakkale	merkez	Kerim Kutlu	0532 662 84 84	Sebze Meyve hali No :5-6	https://halkatalogu.com/hal/2382-bahar-komisyonevi	unclaimed	2026-07-12
491	Burgin Ticaret	komisyoncu	canakkale	merkez	Mesut BURGİN	0532 684 43 07	Toptancı Sebze HaliNO :11	https://halkatalogu.com/hal/529-burgin-ticaret	unclaimed	2026-07-12
487	Cankaya Tarım Ürünleri	komisyoncu	canakkale	merkez	Ufuk ÇANKAYA	0532 385 14 08	Toptancı Sebze Hali No .3	https://halkatalogu.com/hal/2381-cankaya-tarim-urunleri	unclaimed	2026-07-12
486	Erdoğanlar Komisyonevi	komisyoncu	canakkale	merkez	İsmail ERDOĞAN	0542 587 67 07	Toptancı Sebze Hali No :2	https://halkatalogu.com/hal/2384-erdoganlar-komisyonevi	unclaimed	2026-07-12
489	Erkul Tarım Ürünleri	komisyoncu	canakkale	merkez	Mesut ERKUL	0542 564 62 67	Toptancı Sebze Hali No :7	https://halkatalogu.com/hal/2383-erkul-tarim-urunleri	unclaimed	2026-07-12
490	Özer Ticaret Komisyon evi Tarım ürünleri	komisyoncu	canakkale	merkez	Ali Emre ÖZEL	0 286 212 61 11	Toptancı Sebze Hali No :10 ÇANAKKALE	https://halkatalogu.com/hal/2765-ozer-ticaret-komisyon-evi-tarim-urunleri	unclaimed	2026-07-12
492	Gürel Komisyon Evi	komisyoncu	corum	merkez	Eray SOLAK	0542 715 68 76	Toptancı Sebze Hali No: 18-19	https://halkatalogu.com/hal/2931-gurel-komisyon-evi	unclaimed	2026-07-12
494	Akkaya tarım ürünleri	komisyoncu	denizli	merkez	Oktay AKKAYA	0532 130 23 43		https://halkatalogu.com/hal/3096-akkaya-tarim-urunleri	unclaimed	2026-07-12
500	Aslanpay Komisyon evi	komisyoncu	denizli	merkez	Mehmet ASLANPAY	0532 522 03 65	Sebze Hali NO :45-47	https://halkatalogu.com/hal/541-aslanpay-komisyon-evi	unclaimed	2026-07-12
502	Batu Organik Tarım Ürünleri Komisyon evi	komisyoncu	denizli	merkez		0 258 371 90 60	Toptancı Sebze Hali :62 DENİZLİ	https://halkatalogu.com/hal/2797-batu-organik-tarim-urunleri-komisyon-evi	unclaimed	2026-07-12
497	Çavuşoğlu Komisyon evi Tarım ürünleri	komisyoncu	denizli	merkez	Ramazan ÇAVUŞOĞLU	0 258 371 90 44	Toptancı Hali NO 37 -39	https://halkatalogu.com/hal/2796-cavusoglu-komisyon-evi-tarim-urunleri	unclaimed	2026-07-12
498	Göktaş Kardeşler Komisyon evi	komisyoncu	denizli	merkez	Kasım GÖKTAŞ	0532 617 56 11	Toptancı Sebze Hali No :38	https://halkatalogu.com/hal/547-goktas-kardesler-komisyon-evi	unclaimed	2026-07-12
499	Gözde Komisyon evi	komisyoncu	denizli	merkez	Hayati Gürcan	0544 305 51 40	Sebze Hali No :40	https://halkatalogu.com/hal/532-gozde-komisyon-evi	unclaimed	2026-07-12
495	Hal -21-23 Komisyon evi	komisyoncu	denizli	merkez	Ahmet KAYMAKCI	0532 713 77 44	Toptancı Hali NO :21-23	https://halkatalogu.com/hal/548-hal-21-23-komisyon-evi	unclaimed	2026-07-12
503	Kardeşler Komisyonevi	komisyoncu	denizli	merkez	Erdal İDUĞ	0 258 371 05 04	Yeni Sebze ve Meyve Toptancı Hal No : 65-66-67-68 DENİZLİ	https://halkatalogu.com/hal/2583-kardesler-komisyonevi	unclaimed	2026-07-12
496	Meyveciler Komisyon evi Tarım Ürünleri	komisyoncu	denizli	merkez	İbrahim ARAPASLAN	0532 745 92 03	toptancı sebze hali no=29-31	https://halkatalogu.com/hal/2795-meyveciler-komisyon-evi-tarim-urunleri	unclaimed	2026-07-12
493	Öz Dağ Kardeşler Komisyon evi	komisyoncu	denizli	merkez	Çetin DAĞ	0 258 371 90 60	Toptancı Hali No :2	https://halkatalogu.com/hal/2571-oz-dag-kardesler-komisyon-evi	unclaimed	2026-07-12
501	Özbay komisyon evi	komisyoncu	denizli	merkez	Hüseyin BAYINDIR	0532 658 89 30		https://halkatalogu.com/hal/3150-ozbay-komisyon-evi	unclaimed	2026-07-12
516	Ahmetoğulları Komisyon evi	komisyoncu	diyarbakir	merkez	Muzaffer ÖZBAS	0533 737 41 46	Yeni Sebze Hali a/Blok No :41	https://halkatalogu.com/hal/562-ahmetogullari-komisyon-evi	unclaimed	2026-07-12
504	Doğan komisyon evi	komisyoncu	diyarbakir	merkez	Abdulkadir DOĞAN	0535 359 68 25		https://halkatalogu.com/hal/3211-dogan-komisyon-evi	unclaimed	2026-07-12
515	Güngör 1 komisyon evi	komisyoncu	diyarbakir	merkez	Mahmut Güngör	0532 207 15 99		https://halkatalogu.com/hal/3116-gungor-1-komisyon-evi	unclaimed	2026-07-12
518	Güngör 3 Komisyon evi	komisyoncu	diyarbakir	merkez	Ağa GÜNGÖR	0 412 251 85 84	Yeni Sebze Hali A/Blok No :48	https://halkatalogu.com/hal/2597-gungor-3-komisyon-evi	unclaimed	2026-07-12
505	Han Komisyon Evi	komisyoncu	diyarbakir	merkez	Hüseyin HAN	0542 274 56 21		https://halkatalogu.com/hal/3233-han-komisyon-evi	unclaimed	2026-07-12
514	Kadiroğlu -2 Komisyon evi	komisyoncu	diyarbakir	merkez	Adnan Taş	0530 750 50 07	Toptancı Sebze Hali B BLok No :38	https://halkatalogu.com/hal/584-kadiroglu-2-komisyon-evi	unclaimed	2026-07-12
509	Kadiroğlu2Komisyon evi	komisyoncu	diyarbakir	merkez	Mehdi TAŞ	0532 434 70 57	Yeni Hal Kompleksi c/Blok No :28	https://halkatalogu.com/hal/560-kadiroglu2komisyon-evi	unclaimed	2026-07-12
197	Kent 21 komisyon evi	komisyoncu	diyarbakir	merkez	Deniz Ebrem	0507 340 30 07		https://halkatalogu.com/hal/3230-kent-21-komisyon-evi	unclaimed	2026-07-12
510	Malkoç Komisyon evi	komisyoncu	diyarbakir	merkez	Yaşar MALKOÇ	0532 455 41 42	Yeni Sebze Hali A-Blok No :29	https://halkatalogu.com/hal/597-malkoc-komisyon-evi	unclaimed	2026-07-12
520	Mendoza Gürkanlar Tarım Ürünleri	komisyoncu	diyarbakir	merkez	Osman GÜRKAN	0532 251 25 10	Yeni Sebze Hali B/Blok No :54	https://halkatalogu.com/hal/559-mendoza-gurkanlar-tarim-urunleri	unclaimed	2026-07-12
507	Onur komisyon evi onur ticaret	komisyoncu	diyarbakir	merkez	Kemal COŞKUN	0530 695 69 01		https://halkatalogu.com/hal/3125-onur-komisyon-evi-onur-ticaret	unclaimed	2026-07-12
513	Öz Diyar Komisyon Evi	komisyoncu	diyarbakir	merkez	NEJDET TEZER	0532 464 69 94		https://halkatalogu.com/hal/2997-oz-diyar-komisyon-evi	unclaimed	2026-07-12
511	Özar tarım ürünleri	komisyoncu	diyarbakir	merkez	Bayram Özer	0532 202 03 19	Yeni Hal Kompleksi C/Blok No :29	https://halkatalogu.com/hal/569-ozar-tarim-urunleri	unclaimed	2026-07-12
517	Özbaş tarım komisyon evi	komisyoncu	diyarbakir	merkez	Kazım ÜZBAŞ	0533 040 31 68		https://halkatalogu.com/hal/3205-ozbas-tarim-komisyon-evi	unclaimed	2026-07-12
508	Özcanlar komisyon evi	komisyoncu	diyarbakir	merkez	Zülküf ÖZCAN	0532 556 28 52		https://halkatalogu.com/hal/3210-ozcanlar-komisyon-evi	unclaimed	2026-07-12
506	Tekin komisyon evi	komisyoncu	diyarbakir	merkez	Özal TEKİN	0535 925 51 65		https://halkatalogu.com/hal/3207-tekin-komisyon-evi	unclaimed	2026-07-12
519	Tekin tarım ürünleri	komisyoncu	diyarbakir	merkez				https://halkatalogu.com/hal/3188-tekin-tarim-urunleri	unclaimed	2026-07-12
512	Yeşil Silvan 2	komisyoncu	diyarbakir	merkez	Sami TAŞ	0532 710 27 80	Yeni Hal komplpeksi B Blok No :30	https://halkatalogu.com/hal/591-yesil-silvan-2	unclaimed	2026-07-12
1410	Atlı Tarım Ürünleri	komisyoncu	duzce	merkez		0532 573 96 16	Belediye Sebze Hali No :15-16	https://halkatalogu.com/hal/1463-atli-tarim-urunleri	unclaimed	2026-07-12
1411	Atlı Tarım Ürünleri Gıda Pazarlama	komisyoncu	duzce	merkez			Belediye Sebze Hali No :16	https://halkatalogu.com/hal/602-atli-tarim-urunleri-gida-pazarlama	unclaimed	2026-07-12
1409	Aydoğan Asil Ticaret Komisyon evi Tarım ürünleri	komisyoncu	duzce	merkez	Gökhan YANGAZ	0 380 512 13 20	Düzce Sebze Hali No :13-14	https://halkatalogu.com/hal/2766-aydogan-asil-ticaret-komisyon-evi-tarim-urunleri	unclaimed	2026-07-12
1412	Balcı Komisyonevi	komisyoncu	duzce	merkez	Aydın AKTAŞ	0533 249 86 16	Hal No :17-18	https://halkatalogu.com/hal/2386-balci-komisyonevi	unclaimed	2026-07-12
1406	Çiçekler Komisyon evi	komisyoncu	duzce	merkez	Yaşar ÇİÇEK	0532 317 22 40	Yeni Sebze Hali e5 Yanı No :6	https://halkatalogu.com/hal/603-cicekler-komisyon-evi	unclaimed	2026-07-12
1407	Güven Gıda Komisyon evi	komisyoncu	duzce	merkez	Ekrem ERZURUM	0532 408 77 50	Hal No -8-9	https://halkatalogu.com/hal/1470-guven-gida-komisyon-evi	unclaimed	2026-07-12
1408	Şapkalı Tarım Ürünleri	komisyoncu	duzce	merkez	Muzaffer ŞAHİN	0532 373 64 62	düzce Toptancı Hali No :10	https://halkatalogu.com/hal/2387-sapkali-tarim-urunleri	unclaimed	2026-07-12
526	Barış TicaretKomisyon evi	komisyoncu	edirne	uzunkopru	Barış YALÇIN	0535 489 46 06	Toptancı Sebze Hali No :6	https://halkatalogu.com/hal/610-baris-ticaretkomisyon-evi	unclaimed	2026-07-12
523	Dalından Komisyon evi	komisyoncu	edirne	kesan	Gürsel DEBRELİ	0533 632 69 60	Toptancı Sebze Hali No :16	https://halkatalogu.com/hal/607-dalindan-komisyon-evi	unclaimed	2026-07-12
527	Fincancılar Komisyon evi	komisyoncu	edirne	uzunkopru	Recep FİNCANCI	0537 786 96 05	Yeni Hal No :8	https://halkatalogu.com/hal/609-fincancilar-komisyon-evi	unclaimed	2026-07-12
525	Kalender Ticaret	komisyoncu	edirne	kesan	Kalender AYHAN	0532 722 01 30	??	https://halkatalogu.com/hal/606-kalender-ticaret	unclaimed	2026-07-12
524	Limoncucu Komisyon evi	komisyoncu	edirne	kesan	Ergün TOY	0537 224 95 66	Toptancı Sebze Hali No :23	https://halkatalogu.com/hal/604-limoncucu-komisyon-evi	unclaimed	2026-07-12
522	Mestan Gürer Komisyon evi	komisyoncu	edirne	kesan	Mestan GÜRER	0539 974 50 16	Toptancı Sebze Hali No 10	https://halkatalogu.com/hal/605-mestan-gurer-komisyon-evi	unclaimed	2026-07-12
528	Yaşaroğlu Ticaret	komisyoncu	edirne	uzunkopru	Fatih YÜREKDURMAZ	0533 344 32 31	Toptancı Sebze Hali no :10	https://halkatalogu.com/hal/611-yasaroglu-ticaret	unclaimed	2026-07-12
521	Yiğit Ticaret Patates & Soğan Komisyonculuğu	komisyoncu	edirne	kesan	Murat ARHATIR	0532 547 95 74	Toptancı Sebze Hali No : B blok No :4	https://halkatalogu.com/hal/608-yigit-ticaret-patates-sogan-komisyonculugu	unclaimed	2026-07-12
535	Baraj Komisyon Komisyon evi	komisyoncu	elazig	merkez	H.Resul İNCE	0532 356 07 68	Yeni Sebze Hali no :41	https://halkatalogu.com/hal/613-baraj-komisyon-komisyon-evi	unclaimed	2026-07-12
529	ELVAN KOMİSYON EVİ	komisyoncu	elazig	merkez	RIDVAN ŞEDELE	0532 321 03 23	ELAZIĞ HALİ	https://halkatalogu.com/hal/3235-elvan-komisyon-evi	unclaimed	2026-07-12
531	Gezinliler komisyon evi	komisyoncu	elazig	merkez	Ahmet PAMUKCU	0506 851 90 16		https://halkatalogu.com/hal/3206-gezinliler-komisyon-evi	unclaimed	2026-07-12
536	Gündüzler Komisyon evi	komisyoncu	elazig	merkez	Rıza GÜNDÜZ	0533 637 95 19	Yeni Sebze Hali No :56-57	https://halkatalogu.com/hal/624-gunduzler-komisyon-evi	unclaimed	2026-07-12
538	Harput Komisyon	komisyoncu	elazig	merkez	Muhlis AŞUT	0507 253 23 40	Yeni Sebze Hali NO :63	https://halkatalogu.com/hal/626-harput-komisyon	unclaimed	2026-07-12
533	Kırılmaz Komisyon evi	komisyoncu	elazig	merkez	Zeki KIRÍLMAZ	0532 205 66 95	Yeni Sebze Hali No :22	https://halkatalogu.com/hal/630-kirilmaz-komisyon-evi	unclaimed	2026-07-12
537	Kırılmazlar	komisyoncu	elazig	merkez	FARUK KIRILMAZ	0532 845 45 09	Yeni Sebze Hali no :59-60	https://halkatalogu.com/hal/631-kirilmazlar	unclaimed	2026-07-12
532	KoçKale Komisyonevi	komisyoncu	elazig	merkez	İsmail TALU	0532 334 66 18	Yeni Sebze Hali No :19-20	https://halkatalogu.com/hal/632-kockale-komisyonevi	unclaimed	2026-07-12
530	Perdeci Komisyon evi	komisyoncu	elazig	merkez	Sinan PERDECİ	0532 462 69 01	Yeni Sebze Hali No :6-7	https://halkatalogu.com/hal/637-perdeci-komisyon-evi	unclaimed	2026-07-12
534	Taşçılar Komisyonevi	komisyoncu	elazig	merkez	Mehmet TAŞÇI	0537 391 07 06	Yeni Sebze Hali No :26	https://halkatalogu.com/hal/640-tascilar-komisyonevi	unclaimed	2026-07-12
539	Erdemler Komisyonevi	komisyoncu	erzincan	merkez	İbrahim ERDEM	0533 355 64 58	Meyve Hali No :1/2/3/4	https://halkatalogu.com/hal/2359-erdemler-komisyonevi	unclaimed	2026-07-12
542	Geylan Komisyon evi	komisyoncu	erzincan	merkez	Osman KEYLAN	0546 440 21 24	Toptancı Sebze Hali No :28	https://halkatalogu.com/hal/643-geylan-komisyon-evi	unclaimed	2026-07-12
540	Halil çolak komisyon evi	komisyoncu	erzincan	merkez	HALİL ÇOLAK	0536 464 81 68		https://halkatalogu.com/hal/3226-halil-colak-komisyon-evi	unclaimed	2026-07-12
541	Mevsim Komisyonevi	komisyoncu	erzincan	merkez	Cüneyt Mertyığıt	0530 465 48 1５	Toptancı Sebze Hali No :10	https://halkatalogu.com/hal/644-mevsim-komisyonevi	unclaimed	2026-07-12
543	Sefa Komisyonevi	komisyoncu	erzincan	merkez	Sebahattin GÜLBODOĞMEZ	0543 424 24 24	Toptancı Sebze Hali No :41	https://halkatalogu.com/hal/2358-sefa-komisyonevi	unclaimed	2026-07-12
549	Abuzer uygur Tarım Ürünleri	komisyoncu	erzurum	merkez	Abuzer UYGUR	0 442 239 03 00	Toptancı Sebze Hali No :38 ERZURUM	https://halkatalogu.com/hal/2663-abuzer-uygur-tarim-urunleri	unclaimed	2026-07-12
553	Bahçe gıda tarım ürünleri	komisyoncu	erzurum	merkez	Vasfi Koç	0537 392 92 92		https://halkatalogu.com/hal/3109-bahce-gida-tarim-urunleri	unclaimed	2026-07-12
548	Barış Ticaret Komisyon evi	komisyoncu	erzurum	merkez	Mahir KÖSE	0532 386 99 56	Yeni Sebze Hali No -25-26	https://halkatalogu.com/hal/650-baris-ticaret-komisyon-evi	unclaimed	2026-07-12
545	Beşyıldız komisyon evi	komisyoncu	erzurum	merkez	Cengiz YILDIZ	0532 334 09 06	Toptancı Sebze Hali No : 12-13-43-44-45-71	https://halkatalogu.com/hal/652-besyildiz-komisyon-evi	unclaimed	2026-07-12
550	Birlik Tarım Ürünleri Komisyon evi	komisyoncu	erzurum	merkez	Harun KIRÇIL	0442 329 00 80	Toptancı Sebze Hali No :46-47 ERZURUM	https://halkatalogu.com/hal/2664-birlik-tarim-urunleri-komisyon-evi	unclaimed	2026-07-12
547	Dengizek Ticaret	komisyoncu	erzurum	merkez	Burhan DENGİZEK	0536 364 27 43	Yeni Sebze Hali No :21	https://halkatalogu.com/hal/655-dengizek-ticaret	unclaimed	2026-07-12
544	Dostlar komisyon evi	komisyoncu	erzurum	merkez	ÖMER TEBEŞİR	0532 330 55 19		https://halkatalogu.com/hal/3195-dostlar-komisyon-evi	unclaimed	2026-07-12
552	Gündoğdu Ticaret Komisyon evi	komisyoncu	erzurum	merkez	Zekeriya GÜNDOĞDU	0 533 812 54 65	Toptancı Sebze Hali No :82 ERZURUM	https://halkatalogu.com/hal/2655-gundogdu-ticaret-komisyon-evi	unclaimed	2026-07-12
551	Haksevenler Ticaret Komisyon evi	komisyoncu	erzurum	merkez	Selami BAĞAÇLI	0 442 329 02 00	Toptancı Sebze Hali No :52-53 ERZURUM	https://halkatalogu.com/hal/2661-haksevenler-ticaret-komisyon-evi	unclaimed	2026-07-12
554	Mertdoğanlar komisyon evi mertdoğanlar ticaret	komisyoncu	erzurum	merkez	Mertdoğan	0532 655 55 49		https://halkatalogu.com/hal/3199-mertdoganlar-komisyon-evi-mertdoganlar-ticaret	unclaimed	2026-07-12
546	SU-DE Tarım Ürünleri	komisyoncu	erzurum	merkez	Şuayp DENGİZEK	0532 422 08 25		https://halkatalogu.com/hal/2987-su-de-tarim-urunleri	unclaimed	2026-07-12
555	Tuzlacı gıda komisyon evi	komisyoncu	erzurum	merkez	Şahin Tuzlacı	0532 283 07 74		https://halkatalogu.com/hal/3041-tuzlaci-gida-komisyon-evi	unclaimed	2026-07-12
560	a.ünal GÜLMEZ Komisyon	komisyoncu	eskisehir	merkez	Ünal GÜLMEZ	0532 277 67 30	Toptancı Hali No :23	https://halkatalogu.com/hal/1907-a-unal-gulmez-komisyon	unclaimed	2026-07-12
568	Altınmert Komisyonevi	komisyoncu	eskisehir	merkez	Ibrahim ALTIN	0532 660 16 75	Belediye Toptancı Hali No :50 ESKİŞEHİR	https://halkatalogu.com/hal/2581-altinmert-komisyonevi	unclaimed	2026-07-12
556	Aydınlar Tarım Ürünleri	komisyoncu	eskisehir	merkez	Metin Aydın	0532 059 81 01	Büyükşehir Belediyesi Toptancı Hali No :1-3	https://halkatalogu.com/hal/1908-aydinlar-tarim-urunleri	unclaimed	2026-07-12
561	Biçerler Komisyonevi	komisyoncu	eskisehir	merkez	ZEKİ BİÇER	0533 305 45 25	Yeni Belediye Toptancı Hali No :25	https://halkatalogu.com/hal/1928-bicerler-komisyonevi	unclaimed	2026-07-12
570	Bozbay Komisyon evi	komisyoncu	eskisehir	merkez	Ali Bozbay	0532 521 99 85	Eskişehir : 54	https://halkatalogu.com/hal/1926-bozbay-komisyon-evi	unclaimed	2026-07-12
562	Komisyoncu Çakır	komisyoncu	eskisehir	merkez	Muharrem DALGIC	0532 362 14 54	Toptancı Sebze Hali No :27	https://halkatalogu.com/hal/2215-komisyoncu-cakir	unclaimed	2026-07-12
563	Laçin Komisyon evi	komisyoncu	eskisehir	merkez	Naci LAÇIN	0532 382 60 78	Sebze Hali No :28	https://halkatalogu.com/hal/1911-lacin-komisyon-evi	unclaimed	2026-07-12
566	Lider Meyvacılık	komisyoncu	eskisehir	merkez	Hasan Erdağ	0532 744 67 05	Sebze & Meyve Hali No :47	https://halkatalogu.com/hal/1915-lider-meyvacilik	unclaimed	2026-07-12
559	Önder Tic.	komisyoncu	eskisehir	merkez	Ömer Tepekaya	0535 320 51 52	Belediye Sebze Hali No :11	https://halkatalogu.com/hal/1927-onder-tic	unclaimed	2026-07-12
567	ÖZERDAĞ	komisyoncu	eskisehir	merkez	Bekir ERDAĞ, Oğlu Harun ERDAĞ	0532 594 73 53	ESKİŞEHİR HAL KOMPLEKSİ NO :48	https://halkatalogu.com/hal/2217-ozerdag	unclaimed	2026-07-12
569	Pirelli Kardeşler	komisyoncu	eskisehir	merkez	Merhum Abdil Pirelli	0532 517 75 13	Sebze Meyve Hali No :51	https://halkatalogu.com/hal/1912-pirelli-kardesler	unclaimed	2026-07-12
558	Pınar Tarım Ürünleri	komisyoncu	eskisehir	merkez		0 222 228 22 09	Toptancı sebze hali no:9 Eskişehir	https://halkatalogu.com/hal/2961-pinar-tarim-urunleri	unclaimed	2026-07-12
565	Şahin Gıda Aş	komisyoncu	eskisehir	merkez	Battal ÇOŞKUN	0533 243 73 29	Toptancı Sebze Hali No:33	https://halkatalogu.com/hal/1918-sahin-gida-as	unclaimed	2026-07-12
564	Yeni Dalyan Balıkçılık Ltd Şti	komisyoncu	eskisehir	merkez	Rüslem KARATAY	0505 326 78 30	Toptancı Sebze Hali No :31	https://halkatalogu.com/hal/1910-yeni-dalyan-balikcilik-ltd-sti	unclaimed	2026-07-12
557	Yıldırımcan Tarım Ürünleri	komisyoncu	eskisehir	merkez	İrfan YILDIRIM	0532 423 41 35	Toptancı Sebze Hali No :8	https://halkatalogu.com/hal/1914-yildirimcan-tarim-urunleri	unclaimed	2026-07-12
576	Akcanlar ticaret Akcanlar komisyon komisyon evi	komisyoncu	gaziantep	merkez	ENES AKCAN	0532 553 82 84		https://halkatalogu.com/hal/3241-akcanlar-ticaret-akcanlar-komisyon-komisyon-evi	unclaimed	2026-07-12
574	Akdemir Gıda	komisyoncu	gaziantep	merkez	Tuncay AKDEMİR	0 342 238 11 99	Gatem Sebze Hali No :22	https://halkatalogu.com/hal/2590-akdemir-gida	unclaimed	2026-07-12
588	Akın Gıda Komisyon Evi	komisyoncu	gaziantep	merkez	Mustafa AKIN	0532 648 81 79	Gatem Sebze Hali No :68 Gaziantep	https://halkatalogu.com/hal/2831-akin-gida-komisyon-evi	unclaimed	2026-07-12
585	Bozkurt ticaret komisyon evi	komisyoncu	gaziantep	merkez	Ramazan BOZKURT	0542 299 11 07		https://halkatalogu.com/hal/3190-bozkurt-ticaret-komisyon-evi	unclaimed	2026-07-12
592	Evliya Ticaret Komisyon evi	komisyoncu	gaziantep	merkez	Nusrat BALOĞLU	0539 220 17 01	Gatem Sebze Hali No :91	https://halkatalogu.com/hal/676-evliya-ticaret-komisyon-evi	unclaimed	2026-07-12
579	Fedakar Ticaret	komisyoncu	gaziantep	merkez	Sait ÖZER	0532 604 60 75	Gatem Sebze Hali No :28	https://halkatalogu.com/hal/666-fedakar-ticaret	unclaimed	2026-07-12
589	Fırat Ticaret Komisyon evi	komisyoncu	gaziantep	merkez	Osman	0532 251 62 36	Gatem Sebze Hali No :70	https://halkatalogu.com/hal/691-firat-ticaret-komisyon-evi	unclaimed	2026-07-12
597	Güzel Ticaret	komisyoncu	gaziantep	merkez	Merdan BOZ	0 342 238 0180	Gatem Sebze Hali No :101 Ş.KAMİL/GAZİANTEP	https://halkatalogu.com/hal/2500-guzel-ticaret	unclaimed	2026-07-12
600	Hacıoğlu komisyon evi	komisyoncu	gaziantep	merkez	Yusuf BULGEN	0532 723 40 51		https://halkatalogu.com/hal/3163-hacioglu-komisyon-evi	unclaimed	2026-07-12
571	Hakan ticaret komisyon evi	komisyoncu	gaziantep	merkez	Bayram BOZ	0531 508 69 18		https://halkatalogu.com/hal/3075-hakan-ticaret-komisyon-evi	unclaimed	2026-07-12
594	Horuz TİCARET	komisyoncu	gaziantep	merkez	Mehmet HORUZ	0532 345 24 25	Gatem Sebze Hali No :96	https://halkatalogu.com/hal/684-horuz-ticaret	unclaimed	2026-07-12
595	İşçiman ticaret komisyon evi	komisyoncu	gaziantep	merkez	Hüseyin ISCIMAN	0532 494 25 27		https://halkatalogu.com/hal/3007-isciman-ticaret-komisyon-evi	unclaimed	2026-07-12
603	Konukçu Tarım Ürünleri	komisyoncu	gaziantep	merkez	Mehmet Coşkun KONUKÇU	0537 455 07 90	Gatem sebze hali no:130	https://halkatalogu.com/hal/2978-konukcu-tarim-urunleri	unclaimed	2026-07-12
572	Kurtlar Ticaret	komisyoncu	gaziantep	merkez	Mehmet KURTLAR	0533 716 07 89	Gatem Sebze Hali No :12	https://halkatalogu.com/hal/675-kurtlar-ticaret	unclaimed	2026-07-12
602	Mevpa Komisyon evi	komisyoncu	gaziantep	merkez	Metin BALOĞLU	0 342 238 0769 -70	Gatem Sebze Hali No :125 Ş.KAMİL/GAZİANTEP	https://halkatalogu.com/hal/2504-mevpa-komisyon-evi	unclaimed	2026-07-12
577	Naturel gıda komisyon evi	komisyoncu	gaziantep	merkez	Selahattin GÜZEL	0544 630 31 08		https://halkatalogu.com/hal/3078-naturel-gida-komisyon-evi	unclaimed	2026-07-12
596	Nizipliler Ticaret Komisyon evi	komisyoncu	gaziantep	merkez	Ercan ÇETİN	0530 886 42 27	Gatem Sebze Hali No :98	https://halkatalogu.com/hal/693-nizipliler-ticaret-komisyon-evi	unclaimed	2026-07-12
583	Nur Ticaret Komisyon evi	komisyoncu	gaziantep	merkez	Ali BUDAK	0542 531 71 94	Gatem Sebze Hali No :39	https://halkatalogu.com/hal/680-nur-ticaret-komisyon-evi	unclaimed	2026-07-12
599	Parmaksız Ticaret	komisyoncu	gaziantep	merkez	Salih AKKAYA	0507 223 33 23	Gatem Sebze Hali No :106	https://halkatalogu.com/hal/702-parmaksiz-ticaret	unclaimed	2026-07-12
590	Pehlivanlar Komisyon evi	komisyoncu	gaziantep	merkez	İbrahim PEHLİVAN	0536 883 84 53	Gatem Sebze Hali No :71	https://halkatalogu.com/hal/688-pehlivanlar-komisyon-evi	unclaimed	2026-07-12
605	Satan Komisyonevi	komisyoncu	gaziantep	nizip	Mustafa SATAN	0534 422 95 95	Toptancı Sebze hali No :44	https://halkatalogu.com/hal/711-satan-komisyonevi	unclaimed	2026-07-12
591	Sayındı Ticaret Sayındı Komisyon evi	komisyoncu	gaziantep	merkez		0 242 238 00 08	Toptancı Sebze Hali No :86 G.ANTEP	https://halkatalogu.com/hal/2724-sayindi-ticaret-sayindi-komisyon-evi	unclaimed	2026-07-12
573	Seçkin komisyon evi	komisyoncu	gaziantep	merkez	Arif UZUNÖZ	0532 563 62 57		https://halkatalogu.com/hal/3161-seckin-komisyon-evi	unclaimed	2026-07-12
604	Şen Kardeşler Komisyonevi	komisyoncu	gaziantep	islahiye	Çakmak ŞEN	0535 781 74 78	Sebze Hali No :11	https://halkatalogu.com/hal/701-sen-kardesler-komisyonevi	unclaimed	2026-07-12
598	Serkan Ticaret Komisyon evi	komisyoncu	gaziantep	merkez	Mehmet Tatar	0532 698 19 98	Gatem Sebze Hali No :104	https://halkatalogu.com/hal/687-serkan-ticaret-komisyon-evi	unclaimed	2026-07-12
578	Servet ticaret komisyon evi	komisyoncu	gaziantep	merkez	Fahri AÇIKGÖZ	0532 271 87 42		https://halkatalogu.com/hal/3160-servet-ticaret-komisyon-evi	unclaimed	2026-07-12
593	Sucular Ticarethanesi	komisyoncu	gaziantep	merkez	Arif SUCU	0532 427 27 72	Gatem Sebze Hali No :94	https://halkatalogu.com/hal/690-sucular-ticarethanesi	unclaimed	2026-07-12
601	Tatar ticaret komisyon evi	komisyoncu	gaziantep	merkez	Mustafa TATAR	0532 735 71 51		https://halkatalogu.com/hal/3072-tatar-ticaret-komisyon-evi	unclaimed	2026-07-12
587	Tüter Komisyon evi	komisyoncu	gaziantep	merkez	Mehmet TÜTER	0532 411 44 60	Gatem Sebze Hali No :59 Ş.KAMİL/GAZİANTEP	https://halkatalogu.com/hal/2502-tuter-komisyon-evi	unclaimed	2026-07-12
586	Üzümcü kardeşler ticaret	komisyoncu	gaziantep	merkez	Ali DEMİRKİRAN	0546 690 40 22		https://halkatalogu.com/hal/3077-uzumcu-kardesler-ticaret	unclaimed	2026-07-12
575	Uzunlar Ticaret Komisyon evi	komisyoncu	gaziantep	merkez	Faruk UZUN	0532 372 38 42	Gatem Sebze Hali No :23	https://halkatalogu.com/hal/671-uzunlar-ticaret-komisyon-evi	unclaimed	2026-07-12
580	Veysel karani komisyon evi	komisyoncu	gaziantep	merkez	Raif YILDIZ	0537 661 42 37		https://halkatalogu.com/hal/3162-veysel-karani-komisyon-evi	unclaimed	2026-07-12
581	Yıldırım Ticaret Tarım ürünleri	komisyoncu	gaziantep	merkez	Murat YILDIRIM	0530 497 42 76	Toptancı Sebze Hali No :34-35 G.ANTEP	https://halkatalogu.com/hal/2673-yildirim-ticaret-tarim-urunleri	unclaimed	2026-07-12
582	Yılsa tarım	komisyoncu	gaziantep	merkez	Selçuk YILDIRIM	0507 243 01 20		https://halkatalogu.com/hal/3204-yilsa-tarim	unclaimed	2026-07-12
584	Zeki Ticaret SKomisyon evi	komisyoncu	gaziantep	merkez	Mehmet KORKMAZ	0535 740 32 07	Gatem Sebze Hali No :40	https://halkatalogu.com/hal/689-zeki-ticaret-skomisyon-evi	unclaimed	2026-07-12
607	Çoban Kardeşler Komisyon evi	komisyoncu	giresun	merkez	Ahmet ÇOBAN	0537 436 43 58	Toptancı Sebze Hali No :18	https://halkatalogu.com/hal/715-coban-kardesler-komisyon-evi	unclaimed	2026-07-12
606	Özdemir Tarım Ürünleri	komisyoncu	giresun	merkez	Adem ÖZDEMİR	0 454 225 75 88	Toptancı Hali No :16-17	https://halkatalogu.com/hal/2544-ozdemir-tarim-urunleri	unclaimed	2026-07-12
644	Acemoğlu Siverek Komisyonevi	komisyoncu	hatay	kirikhan	Hüseyin ACEMOĞLU	0532 511 30 79	Toptancı Hali No :37-38-39	https://halkatalogu.com/hal/767-acemoglu-siverek-komisyonevi	unclaimed	2026-07-12
612	Akdeniz Komisyonevi	komisyoncu	hatay	merkez	CENGIZ AKDENİZ	0531 320 90 24	Sebze - Meyve Hali No :19	https://halkatalogu.com/hal/738-akdeniz-komisyonevi	unclaimed	2026-07-12
652	Ali Gündüz	komisyoncu	hatay	samandagi	ALİ GÜNDÜZ	0532 344 98 79		https://halkatalogu.com/hal/719-ali-gunduz	unclaimed	2026-07-12
631	Arıcanlar Komisyon evi	komisyoncu	hatay	dortyol	Hilmi ARICAN	0555 735 23 86	Toptancı Sebze Hali No :37-38	https://halkatalogu.com/hal/754-aricanlar-komisyon-evi	unclaimed	2026-07-12
627	Aslan Komisyon evi	komisyoncu	hatay	dortyol	Ertuğrul ASLAN	0533 472 59 87	Toptancı Sebze Hali No :27	https://halkatalogu.com/hal/751-aslan-komisyon-evi	unclaimed	2026-07-12
640	Atalaylar Tarım Ürünleri	komisyoncu	hatay	kirikhan	İnayet ATALAY	0530 344 80 11	Toptancı Sebze Hali No :6-7	https://halkatalogu.com/hal/774-atalaylar-tarim-urunleri	unclaimed	2026-07-12
629	Ateş Komisyonevi	komisyoncu	hatay	dortyol	Nevzat ATEŞ	0536 634 78 01	Toptancı Sebze Hal No :30	https://halkatalogu.com/hal/743-ates-komisyonevi	unclaimed	2026-07-12
643	Bahar Komisyon Evi	komisyoncu	hatay	kirikhan	Hasan DÖNDER	0536 674 11 99	Toptancı Sebze Hali No: 33 KIRIKHAN	https://halkatalogu.com/hal/2877-bahar-komisyon-evi	unclaimed	2026-07-12
622	Doğruluk Komisyon Evi	komisyoncu	hatay	dortyol	Yasar KENDIR	0 326 712 45 50	Belediye Sebze Hali No:6 DÖRTYOL	https://halkatalogu.com/hal/2917-dogruluk-komisyon-evi	unclaimed	2026-07-12
615	Düşer Komisyonevi	komisyoncu	hatay	merkez	Yusuf DÜSER	0532 205 22 58	Belediye Sebze & Meyve Hali No :26	https://halkatalogu.com/hal/739-duser-komisyonevi	unclaimed	2026-07-12
610	Düzen Ticaret Komisyon evi	komisyoncu	hatay	merkez	Nihat Cep	0535 591 71 13	Sebze Meyve Hali No :16	https://halkatalogu.com/hal/728-duzen-ticaret-komisyon-evi	unclaimed	2026-07-12
619	Emek Komisyon evi	komisyoncu	hatay	merkez	Ali İSMAİLOĞULLARI	0532 462 37 89	Belediye Sebze Hali no :36	https://halkatalogu.com/hal/732-emek-komisyon-evi	unclaimed	2026-07-12
611	Ertaş Komisyon evi	komisyoncu	hatay	merkez	Tahsin NAYMAN	0532 582 89 25	Toptancı Sebze Hali NO :18	https://halkatalogu.com/hal/2669-ertas-komisyon-evi	unclaimed	2026-07-12
621	Güven Komisyon	komisyoncu	hatay	dortyol	Muhammet AK	0532 216 79 96	Sebze Hali No :2-3-4	https://halkatalogu.com/hal/752-guven-komisyon	unclaimed	2026-07-12
648	Hakiş Ticaret	komisyoncu	hatay	samandagi	Gazi Aldıç	0532 445 68 26		https://halkatalogu.com/hal/723-hakis-ticaret	unclaimed	2026-07-12
635	Hatumoğlu Komisyonevi	komisyoncu	hatay	iskenderun	İrfan KÖYBAŞI	0532 331 80 82	Sebze Hali No :36	https://halkatalogu.com/hal/763-hatumoglu-komisyonevi	unclaimed	2026-07-12
634	İtimat Komisyonevi	komisyoncu	hatay	iskenderun	S.Cemil UYSAL	0533 773 99 80	Sebze Hali No :22	https://halkatalogu.com/hal/759-itimat-komisyonevi	unclaimed	2026-07-12
632	Karatosun Komisyon evi	komisyoncu	hatay	dortyol	Ahmet KARATOSUN	0535 716 92 66	Toptancı Sebze Hali No :39	https://halkatalogu.com/hal/744-karatosun-komisyon-evi	unclaimed	2026-07-12
637	Kardelen Komisyonevi	komisyoncu	hatay	iskenderun	M.Ali AKTAR	0532 213 17 82	Toptancı Hali No :46	https://halkatalogu.com/hal/757-kardelen-komisyonevi	unclaimed	2026-07-12
613	Kaya Kardeşler Tarım Ürünleri	komisyoncu	hatay	merkez	Mehmet KAYA	0533 501 10 92	Sebze Hali NO :22	https://halkatalogu.com/hal/733-kaya-kardesler-tarim-urunleri	unclaimed	2026-07-12
647	Kısadal Ticaret Komisyon evi	komisyoncu	hatay	kirikhan	Serkan Cep	0532 614 95 20		https://halkatalogu.com/hal/772-kisadal-ticaret-komisyon-evi	unclaimed	2026-07-12
624	Komisyoncu Komisyon evi	komisyoncu	hatay	dortyol	Arif İLHAN	0533 814 40 23	Belediye Sebze Hali No :15	https://halkatalogu.com/hal/742-komisyoncu-komisyon-evi	unclaimed	2026-07-12
633	Mehmet Ümit Günay Komisyon evi	komisyoncu	hatay	iskenderun	MEHMET ÜMİT GÜNAY	0507 388 71 80	Toptancı Hali No :11	https://halkatalogu.com/hal/761-mehmet-umit-gunay-komisyon-evi	unclaimed	2026-07-12
630	Ocaklar Komisyon evi	komisyoncu	hatay	dortyol	M.Okkeş OCAK	0532 262 30 81	Toptancı Hal No :31-32	https://halkatalogu.com/hal/2345-ocaklar-komisyon-evi	unclaimed	2026-07-12
649	Öz Jet Nakliyat	komisyoncu	hatay	samandagi	YUSUF RIDYAN	0532 462 37 84		https://halkatalogu.com/hal/722-oz-jet-nakliyat	unclaimed	2026-07-12
609	Öz Şahutoğlu Komisyon evi	komisyoncu	hatay	merkez	Turgut ŞAHUTOĞLU	0536 880 44 25	Toptancı Sebze Hali NO:11	https://halkatalogu.com/hal/2667-oz-sahutoglu-komisyon-evi	unclaimed	2026-07-12
625	Ozan Ticaret Komisyon evi	komisyoncu	hatay	dortyol	Hüseyin BİLMEZ	0532 466 68 84	Belediye Sebze Hali NO:21	https://halkatalogu.com/hal/745-ozan-ticaret-komisyon-evi	unclaimed	2026-07-12
628	Özdal Komisyonevi	komisyoncu	hatay	dortyol	Mevlüt ÖZDAL	0542 403 36 86	Toptancı Sebze Hali No :29	https://halkatalogu.com/hal/741-ozdal-komisyonevi	unclaimed	2026-07-12
651	Özdemir Kardeşler	komisyoncu	hatay	samandagi	Ayhan Özdemir	0532 568 72 72		https://halkatalogu.com/hal/720-ozdemir-kardesler	unclaimed	2026-07-12
639	Özdemir Komisyonevi	komisyoncu	hatay	iskenderun	Mehmet Özdemir	0532 468 18 06	Toptancı Hal No :88-89	https://halkatalogu.com/hal/765-ozdemir-komisyonevi	unclaimed	2026-07-12
654	Özgür Nakliyat Ambarı	komisyoncu	hatay	samandagi	SAMİ PAŞA	0532 367 34 66		https://halkatalogu.com/hal/717-ozgur-nakliyat-ambari	unclaimed	2026-07-12
642	Özmen Komisyon evi	komisyoncu	hatay	kirikhan	Süleyman ÖZMEN	0538 977 03 04	Sebze Hali No :30	https://halkatalogu.com/hal/771-ozmen-komisyon-evi	unclaimed	2026-07-12
616	Sabah balon tarım ürünleri	komisyoncu	hatay	merkez	Sabahiddin BALON	0532 274 32 02		https://halkatalogu.com/hal/3187-sabah-balon-tarim-urunleri	unclaimed	2026-07-12
617	Şaban Kabzımallık Tarım Ürünleri	komisyoncu	hatay	merkez	Şaban ÖZTÜRK	0538 010 02 50	Toptancı Sebze Hali No: 28 hatay	https://halkatalogu.com/hal/2942-saban-kabzimallik-tarim-urunleri	unclaimed	2026-07-12
645	Şahin Komisyon	komisyoncu	hatay	kirikhan	Şahin KOKUM	0535 634 41 76	Sebze Hali No :45	https://halkatalogu.com/hal/768-sahin-komisyon	unclaimed	2026-07-12
608	Şahinler komisyon evi	komisyoncu	hatay	merkez	Önder ŞAHİN	0538 452 19 16		https://halkatalogu.com/hal/3059-sahinler-komisyon-evi	unclaimed	2026-07-12
641	Sedef Komisyon evi	komisyoncu	hatay	kirikhan	Turhan SEDEF	0532 274 20 86	Sebze Meyve Hali No :26-27	https://halkatalogu.com/hal/770-sedef-komisyon-evi	unclaimed	2026-07-12
653	Sinem Ticaret	komisyoncu	hatay	samandagi	Hanna Sinemli	0532 381 86 39	Cema lGürsel Mah.35.sokak	https://halkatalogu.com/hal/718-sinem-ticaret	unclaimed	2026-07-12
620	Sıkarlar Komisyonevi	komisyoncu	hatay	merkez	Fehmi SIKAR	0532 247 51 31	Beledi Sebze & Meyve Hali no :43	https://halkatalogu.com/hal/736-sikarlar-komisyonevi	unclaimed	2026-07-12
646	Sönmeztaş Kavun& Havuç Pazarı	komisyoncu	hatay	kirikhan	Levent SÖNMEZATEŞ	0532 255 41 11	Opel Petrol Karşısı No :63	https://halkatalogu.com/hal/773-sonmeztas-kavun-havuc-pazari	unclaimed	2026-07-12
618	Sunar Komisyon evi	komisyoncu	hatay	merkez	Mahmut SÜNER	0532 556 59 41	Sebze Hali No :32	https://halkatalogu.com/hal/2344-sunar-komisyon-evi	unclaimed	2026-07-12
623	Türkoğlu Komisyon evi	komisyoncu	hatay	dortyol	İbrahim TÜRKOĞLU	0537 680 11 74	Komisyonevi Hal İçi No :8	https://halkatalogu.com/hal/749-turkoglu-komisyon-evi	unclaimed	2026-07-12
650	Uyar Komisyon evi	komisyoncu	hatay	samandagi				https://halkatalogu.com/hal/721-uyar-komisyon-evi	unclaimed	2026-07-12
636	Veli Oğlu Komisyonevi	komisyoncu	hatay	iskenderun	Numan BİLGİN	0532 331 80 84	Toptancı Hali No :37	https://halkatalogu.com/hal/756-veli-oglu-komisyonevi	unclaimed	2026-07-12
638	Yavuz Ticaret Komisyon evi	komisyoncu	hatay	iskenderun	Seyfettin YAVUZ	0543 543 80 13	Toptancı Sebze Hali No :62	https://halkatalogu.com/hal/766-yavuz-ticaret-komisyon-evi	unclaimed	2026-07-12
626	Yıldız Komisyonevi	komisyoncu	hatay	dortyol	Osman YILDIZ	0535 510 77 18	Toptancı Hal No :25	https://halkatalogu.com/hal/753-yildiz-komisyonevi	unclaimed	2026-07-12
614	Yüksek Komisyon Evi Yüksek Tarım Ürünleri	komisyoncu	hatay	merkez	İbrahim YÜKSEK	0533 434 10 40	Sebze Hali No: 25 ANTAKYA/HATAY	https://halkatalogu.com/hal/2878-yuksek-komisyon-evi-yuksek-tarim-urunleri	unclaimed	2026-07-12
2828	ÇAVSA Soğuk Hava	soguk_hava	isparta				Koyna Yolu Üzeri 3.Km Gelendost/Isparta	https://halkatalogu.com/soguk-hava-depolari/6-cavsa-soguk-hava	unclaimed	2026-07-01
662	Çavsa Soğuk Hava Paketleme	komisyoncu	isparta	merkez	Ekrem ÇAVAŞ	0542 636 81 96		https://halkatalogu.com/hal/783-cavsa-soguk-hava-paketleme	unclaimed	2026-07-12
658	Davraz	komisyoncu	isparta	merkez	Ali KARTAL	0532 315 72 02	Toptancı Sebze Hali NO :27	https://halkatalogu.com/hal/776-davraz	unclaimed	2026-07-12
661	Ersoylar Soğuk Hava Tesisleri	komisyoncu	isparta	merkez	TARIM ve ORMAN SAN.TİC.LTD.ŞTİ.	0532 300 51 60		https://halkatalogu.com/hal/784-ersoylar-soguk-hava-tesisleri	unclaimed	2026-07-12
660	Geçerler komisyon evi	komisyoncu	isparta	merkez			Toptancı Sebze Hali No :30-31	https://halkatalogu.com/hal/782-gecerler-komisyon-evi	unclaimed	2026-07-12
656	Kardeşler Komisyon evi	komisyoncu	isparta	merkez	Adem ÜNAL	242 11 10	Toptancı Sebze Hali No :11	https://halkatalogu.com/hal/2250-kardesler-komisyon-evi	unclaimed	2026-07-12
657	Öcal Komisyon evi	komisyoncu	isparta	merkez	Sezayi ÖCAL	0532 741 62 16	Toptancı Sebze Hali No :13	https://halkatalogu.com/hal/778-ocal-komisyon-evi	unclaimed	2026-07-12
655	Özmenler	komisyoncu	isparta	merkez	Erol ÖZMEN	0555 801 74 75	Toptancı Sebze Hali No :3	https://halkatalogu.com/hal/781-ozmenler	unclaimed	2026-07-12
2827	Şimşekler Soğuk Hava Paketleme Tesisi	soguk_hava	isparta				Şimşekler Soğuk Hava Deposu Gelendost/Isparta	https://halkatalogu.com/soguk-hava-depolari/7-simsekler-soguk-hava-paketleme-tesisi	unclaimed	2026-07-01
659	Şmk Komisyon evi	komisyoncu	isparta	merkez	Murat KARTAL	0532 789 40 33	Toptancı Hal Kompleksi No :28	https://halkatalogu.com/hal/785-smk-komisyon-evi	unclaimed	2026-07-12
948	Ağdaş Tarım Ürünleri	komisyoncu	istanbul	kadikoy	Hakan AĞDAŞ	0537 525 87 46	Kadıköy Hali No :147	https://halkatalogu.com/hal/801-agdas-tarim-urunleri	unclaimed	2026-07-12
928	Akdeniz Tropikal	komisyoncu	istanbul	merkez	Hüseyin TIMURTAŞ	0 (212) 437 09 90	Sebze Hal No: 383 BAYRAMPAŞA / İSTANBUL	https://halkatalogu.com/hal/2911-akdeniz-tropikal	unclaimed	2026-07-12
922	Algül Ticaret Komisyon evi	komisyoncu	istanbul	merkez	HASAN ALGÜL	0532 724 16 56	Toptancı Sebze Hali No :344 Bayrampaşa-İST	https://halkatalogu.com/hal/2718-algul-ticaret-komisyon-evi	unclaimed	2026-07-12
906	Altın Gıda Tarım Ürünleri Altın Gıda Komisyon evi	komisyoncu	istanbul	merkez	Murat ALTIN	0 216 574 13 33	Toptancı Sebze Hali No :51 Kadıköy İSTANBUL	https://halkatalogu.com/hal/2726-altin-gida-tarim-urunleri-altin-gida-komisyon-evi	unclaimed	2026-07-12
951	Anık Gıda	komisyoncu	istanbul	kadikoy	Recep ANIK	0532 707 21 21	Kadıköy Sebze Meyve Hali No :157	https://halkatalogu.com/hal/2180-anik-gida	unclaimed	2026-07-12
919	As Demirsaplı tarım ürünleri	komisyoncu	istanbul	merkez	EKREM DEMİRSAPLI	0533 306 23 56		https://halkatalogu.com/hal/3231-as-demirsapli-tarim-urunleri	unclaimed	2026-07-12
947	Atasoy Tarım Ürünleri Atasoy Komisyon evi	komisyoncu	istanbul	kadikoy	Ömer ATASOY	0 216 574 75 99	Toptancı Sebze Hali No 139 Kadıköy ist	https://halkatalogu.com/hal/2740-atasoy-tarim-urunleri-atasoy-komisyon-evi	unclaimed	2026-07-12
943	Avşar Ticaret Avşar Komisyon evi	komisyoncu	istanbul	kadikoy	Sevket Duruk	0 216 572 16 00	Toptancı Sebze Hali No :79 KADIKÖY	https://halkatalogu.com/hal/2742-avsar-ticaret-avsar-komisyon-evi	unclaimed	2026-07-12
944	Ay Tarım Ürünleri	komisyoncu	istanbul	kadikoy	Hakkı AYDAŞLI	0533 542 27 86	Kadıköy Hali No :118-119	https://halkatalogu.com/hal/793-ay-tarim-urunleri	unclaimed	2026-07-12
940	Baber Komisyon evi Baber Tarım Ürünleri	komisyoncu	istanbul	kadikoy	Suat ALGALI	0 216 574 51 05	Toptancı Sebze Hali No :65 Kadıköy İST	https://halkatalogu.com/hal/2743-baber-komisyon-evi-baber-tarim-urunleri	unclaimed	2026-07-12
945	Belkaya Tarım Ürünleri	komisyoncu	istanbul	kadikoy	Gökcan BALKAYA	0531 944 26 85	Hal No :130	https://halkatalogu.com/hal/787-belkaya-tarim-urunleri	unclaimed	2026-07-12
941	Besler Komisyon evi Besler Tarım Ürünleri	komisyoncu	istanbul	kadikoy	Muhsin ÇAY	0 216 573 84 29	Toptancı Sebze Hali No :74 KADIKÖY	https://halkatalogu.com/hal/2739-besler-komisyon-evi-besler-tarim-urunleri	unclaimed	2026-07-12
904	Bolat Tarım Ürünleri	komisyoncu	istanbul	merkez	Bayram BOLAT	0212 640 6039	Merkez Hal no :41	https://halkatalogu.com/hal/2457-bolat-tarim-urunleri	unclaimed	2026-07-12
900	Çelik Yaş sebze meyveKomisyon evi Tarım Ürünleri	komisyoncu	istanbul	merkez	Taner ÇELİKTENYILDIZ	0 212 640 01 27	Toptancı Hali No :2 Bayrampaşa İST	https://halkatalogu.com/hal/2773-celik-yas-sebze-meyvekomisyon-evi-tarim-urunleri	unclaimed	2026-07-12
916	Dayan Işıtman Tarım Ürünleri Komisyon evi	komisyoncu	istanbul	merkez	Cengiz DAYAN	0212 640 90 08	Toptancı Sebze Hali No :189 Bayrampaşa İST	https://halkatalogu.com/hal/2775-dayan-isitman-tarim-urunleri-komisyon-evi	unclaimed	2026-07-12
953	Efay Tarım Ürünleri	komisyoncu	istanbul	kadikoy	Bayram AY	0532 637 59 48	Anadolu Yakası Seb. Mey. hali No :191	https://halkatalogu.com/hal/803-efay-tarim-urunleri	unclaimed	2026-07-12
931	Ekrem Soylu Organik Tarım Ekrem Soylu Komisyon evi	komisyoncu	istanbul	merkez	Selim SOYLU	0 212 640 33 55	Toptancı Sebze Hali No :456 Bayrampaşa İST	https://halkatalogu.com/hal/2737-ekrem-soylu-organik-tarim-ekrem-soylu-komisyon-evi	unclaimed	2026-07-12
923	Erdal Ticaret Erdal Komisyon evi	komisyoncu	istanbul	merkez	EREN ERDAL	0544 375 07 59	Toptancı Sebze Hali No :347 Bayrampaşa İST	https://halkatalogu.com/hal/2735-erdal-ticaret-erdal-komisyon-evi	unclaimed	2026-07-12
938	Ersolmaz Tarım Ürünleri Komisyon evi	komisyoncu	istanbul	kadikoy	İsmail SOLMAZ	0 216 574 29 44	Toptancı Sebze Hali No :57	https://halkatalogu.com/hal/2752-ersolmaz-tarim-urunleri-komisyon-evi	unclaimed	2026-07-12
946	Fırat Ticaret Komisyon evi	komisyoncu	istanbul	kadikoy	DENEK	0532 211 69 49	Hal No :134	https://halkatalogu.com/hal/790-firat-ticaret-komisyon-evi	unclaimed	2026-07-12
901	Gazipaşa Güney Özçelik Gıda Tarım ÜRünleri Komisyon evi	komisyoncu	istanbul	merkez	Ali ÖZÇELİK	0 212 640 43 50	Toptancı Hali No :4 Bayrampaşa İstanbuli	https://halkatalogu.com/hal/2772-gazipasa-guney-ozcelik-gida-tarim-urunleri-komisyon-evi	unclaimed	2026-07-12
950	Gencer Ticaret	komisyoncu	istanbul	kadikoy	Gencer YARAR	0532 627 04 08	Kadıköy Sebze Meyve Hali No :154	https://halkatalogu.com/hal/2184-gencer-ticaret	unclaimed	2026-07-12
921	Güler Gıda Paker Gıda Tarım Ürünleri Komisyon evi	komisyoncu	istanbul	merkez	Vedat KURAK	0 212 437 22 97 0 212 640 64 44	Toptancı Sebze Hali No .308-399 Bayrampaşa	https://halkatalogu.com/hal/2729-guler-gida-paker-gida-tarim-urunleri-komisyon-evi	unclaimed	2026-07-12
926	H.Mehmet SARIKAYA Komisyonevi	komisyoncu	istanbul	merkez	H. Mehmet Sarıkaya	0 212 640 5513	Merkez Hal No :369	https://halkatalogu.com/hal/2448-h-mehmet-sarikaya-komisyonevi	unclaimed	2026-07-12
937	Hakim Ticaret	komisyoncu	istanbul	kadikoy	Hakim KAZANCÇIÇOK	0532 564 57 14	Kadıköy Hali No :48-49	https://halkatalogu.com/hal/2183-hakim-ticaret	unclaimed	2026-07-12
910	Hasdayan Komisyon evi	komisyoncu	istanbul	merkez	Naci DAYAN	0 212 640 55 42	Toptancı Sebze Hali No :92 BAYRAMPAŞA / İST	https://halkatalogu.com/hal/2717-hasdayan-komisyon-evi	unclaimed	2026-07-12
912	Hisar Seracılık Gıda Komisyon evi Tarım ÜRünleri	komisyoncu	istanbul	merkez	Cevdet ÖZVARIŞ	0 212 640 74 81	Toptancı Sebze Hali No :125 BAYRAMPAŞA	https://halkatalogu.com/hal/2770-hisar-seracilik-gida-komisyon-evi-tarim-urunleri	unclaimed	2026-07-12
913	Huzur Organik Tarım Ürünleri Komisyon evi	komisyoncu	istanbul	merkez	Rıdvan DAYAN	0 212 640 33 17	Toptancı Sebze Hali No :129 BAYRAMPAŞA - İST	https://halkatalogu.com/hal/2716-huzur-organik-tarim-urunleri-komisyon-evi	unclaimed	2026-07-12
927	İnanç Organik Tarım Ürünleri İnanç Komisyon evi	komisyoncu	istanbul	merkez	Ahmet İNANÇ	0 212 437 25 70	Toptancı Sebze Hali No :378 Bayrampaşa İST	https://halkatalogu.com/hal/2734-inanc-organik-tarim-urunleri-inanc-komisyon-evi	unclaimed	2026-07-12
932	İnanç Tarım Ürünleri	komisyoncu	istanbul	merkez	İhsan İNANÇ	0 212 640 1540	Merkez Hal No :515-516	https://halkatalogu.com/hal/2432-inanc-tarim-urunleri	unclaimed	2026-07-12
918	Köysu Tarım Ürünleri Ticaret	komisyoncu	istanbul	merkez	Bahri Köysu	0 212 437 09 23	Toptancı Hali No :249-250 Bayramapaşa İST	https://halkatalogu.com/hal/2778-koysu-tarim-urunleri-ticaret	unclaimed	2026-07-12
942	Mango Gıda	komisyoncu	istanbul	kadikoy		0216 572 1828	MEYVE Sebze Hali No :74	https://halkatalogu.com/hal/2179-mango-gida	unclaimed	2026-07-12
903	Mithat Ticaret Komisyon evi	komisyoncu	istanbul	merkez	Fatih ÇELEP	0 212 640 56 00	Toptancı Sebze Hali No :28 Bayrampaşa İST	https://halkatalogu.com/hal/2785-mithat-ticaret-komisyon-evi	unclaimed	2026-07-12
949	MRT Tarım Ürünleri MRT Komisyon evi	komisyoncu	istanbul	kadikoy	Murat AYDAŞ	0532 610 09 04	Toptancı Sebze Hali No :151-152 KADIKÖY	https://halkatalogu.com/hal/2738-mrt-tarim-urunleri-mrt-komisyon-evi	unclaimed	2026-07-12
909	MYC Hal Tarım ÜRünleri Komisyon evi Tarım Ürünleri	komisyoncu	istanbul	merkez	Yılmaz Dayan	0 212 640 70 68	Toptancı Sebze Hali No :84 Bayrampaşa İST	https://halkatalogu.com/hal/2779-myc-hal-tarim-urunleri-komisyon-evi-tarim-urunleri	unclaimed	2026-07-12
934	Naturel Berrak	komisyoncu	istanbul	kadikoy	Ekber İLDIZ	0532 233 21 69		https://halkatalogu.com/hal/797-naturel-berrak	unclaimed	2026-07-12
930	Nazar Komisyon evi	komisyoncu	istanbul	merkez		0 (212) 640 6616		https://halkatalogu.com/hal/2430-nazar-komisyon-evi	unclaimed	2026-07-12
902	Ok Kardeşler Tarım Ürünleri Komisyon evi	komisyoncu	istanbul	merkez	Nihat YANIK	0 212 640 97 12	Toptancı Sebze Hali No :26 Bayrampaşa İST	https://halkatalogu.com/hal/2781-ok-kardesler-tarim-urunleri-komisyon-evi	unclaimed	2026-07-12
899	Okyaylar Tarım Ürünleri	komisyoncu	istanbul	merkez			Merkez Toptancı Hali BAYRAMPAŞA	https://halkatalogu.com/hal/3003-okyaylar-tarim-urunleri	unclaimed	2026-07-12
925	Osman Baba Ticaret	komisyoncu	istanbul	merkez	Osman GÖKTAŞ	0532 432 79 79	Merkez Hal No :367-368	https://halkatalogu.com/hal/2434-osman-baba-ticaret	unclaimed	2026-07-12
920	Öz Meyveciler Organik Tarım Ürünleri Komisyon evi	komisyoncu	istanbul	merkez	EMRE AKDAĞ	0 212 437 13 20	Toptancı Hali No :283 Bayrampaşa İstanbul	https://halkatalogu.com/hal/2776-oz-meyveciler-organik-tarim-urunleri-komisyon-evi	unclaimed	2026-07-12
936	Öz Varis Tarım	komisyoncu	istanbul	kadikoy	Kemal ÖZVARIS	0532 413 86 37	Sebze Hali No:21	https://halkatalogu.com/hal/792-oz-varis-tarim	unclaimed	2026-07-12
914	Özdayan Tarım Ürünleri	komisyoncu	istanbul	merkez	Süleyman DAYAN	0532 646 35 56	Toptancı Sebze Hali No :159	https://halkatalogu.com/hal/3229-ozdayan-tarim-urunleri	unclaimed	2026-07-12
917	Özkaradağ Tarım Ürünleri Komisyon evi	komisyoncu	istanbul	merkez	Adnan KARADAĞ	0 212 64	Hal No :236-237 B.PAŞA istanbul	https://halkatalogu.com/hal/2783-ozkaradag-tarim-urunleri-komisyon-evi	unclaimed	2026-07-12
939	Öztürk Tarım	komisyoncu	istanbul	kadikoy	Turgay ÖZTÜRK	0532 214 60 04	Toptancı Hal Kompleksi no :64	https://halkatalogu.com/hal/806-ozturk-tarim	unclaimed	2026-07-12
907	Pınarlar Group Tarım Ürünleri Komisyon evi	komisyoncu	istanbul	merkez	Ömer Suat Pınar	0 212 640 51 78 -- 0 212 640 72 97	Toptancı hali No :62 BAYRAMPAŞA İST	https://halkatalogu.com/hal/2769-pinarlar-group-tarim-urunleri-komisyon-evi	unclaimed	2026-07-12
929	Soylu Kardeşler Tarım	komisyoncu	istanbul	merkez	Seyfettin SOYLU	0212 640 4204	Yaş Sebze Meyve Hali No :410	https://halkatalogu.com/hal/2446-soylu-kardesler-tarim	unclaimed	2026-07-12
908	Starban Komisyon evi Starban Tarım Ürünleri	komisyoncu	istanbul	merkez	Hasan Rastgeldi	0 212 640 74 96	Kocatepe Mahallesi İtal Yolu Sk No :34 İÇ Kapı No :67	https://halkatalogu.com/hal/2760-starban-komisyon-evi-starban-tarim-urunleri	unclaimed	2026-07-12
911	Süzer Yaş sebze MEyve Komisyon evi Tarım Ürünleri	komisyoncu	istanbul	merkez	Özer SÜZER	0 212 640 98 64	Toptancı Sebze Hali No :119 Bayrampaşa İST	https://halkatalogu.com/hal/2774-suzer-yas-sebze-meyve-komisyon-evi-tarim-urunleri	unclaimed	2026-07-12
933	Topal Ticaret	komisyoncu	istanbul	merkez		0212 437 1720	Hal No :553	https://halkatalogu.com/hal/2439-topal-ticaret	unclaimed	2026-07-12
924	Vedat Karabulut Komisyon evi	komisyoncu	istanbul	merkez	Vedat KARABULUT	0212 640 5338	Merkez Hal No :364	https://halkatalogu.com/hal/2438-vedat-karabulut-komisyon-evi	unclaimed	2026-07-12
935	Volkan Gıda Tarım Ürünleri Komisyon evi	komisyoncu	istanbul	kadikoy	Fikret AYAZTEKİN	0 216 574 13 87	Toptancı Sebze Hali No :20 KADIKÖY İSTANBUL	https://halkatalogu.com/hal/2745-volkan-gida-tarim-urunleri-komisyon-evi	unclaimed	2026-07-12
952	Yasin Tarım Ürünleri	komisyoncu	istanbul	kadikoy	Celal ÖZYAKIŞIR	0532 326 11 87	Sebze Hali No :173	https://halkatalogu.com/hal/789-yasin-tarim-urunleri	unclaimed	2026-07-12
905	Yeşil Kaya Tanıtım Ürünleri Tarım Komisyon evi	komisyoncu	istanbul	merkez	Ali İhsan Sakar	0212 640 43 71	Toptancı Hali No :43 Bayrampaşa istanbul	https://halkatalogu.com/hal/2782-yesil-kaya-tanitim-urunleri-tarim-komisyon-evi	unclaimed	2026-07-12
915	Yıldızlar Tarım Ürünleri Komisyon evi	komisyoncu	istanbul	merkez	Yusuf UÇAK	0 212 640 17 10	Toptancı Sebze Hali No :175 Bayrampaşa/İST	https://halkatalogu.com/hal/2733-yildizlar-tarim-urunleri-komisyon-evi	unclaimed	2026-07-12
966	Bengi Tarım Ürünleri	komisyoncu	izmir	karpuz			Bostan Hali No:16 İZMİR	https://halkatalogu.com/hal/2948-bengi-tarim-urunleri	unclaimed	2026-07-12
965	Durta Gıda Komisyon Evi	komisyoncu	izmir	karpuz			Bostan Toptancı Hali No: 12 İZMİR	https://halkatalogu.com/hal/2891-durta-gida-komisyon-evi	unclaimed	2026-07-12
956	Erbu Hal 16	komisyoncu	izmir	merkez	Ersuval KARAKUŞ	0532 647 82 42	Merkez Hal No :16	https://halkatalogu.com/hal/880-erbu-hal-16	unclaimed	2026-07-12
961	Erol Gıda Komisyon evi	komisyoncu	izmir	merkez	ORHAN DOGAN	0532 494 17 68	Hal No :82	https://halkatalogu.com/hal/856-erol-gida-komisyon-evi	unclaimed	2026-07-12
957	FS Meyve Gıda	komisyoncu	izmir	merkez			Merkez Hal No :20	https://halkatalogu.com/hal/875-fs-meyve-gida	unclaimed	2026-07-12
959	Gökhan Ayvalı Komisyon Evi	komisyoncu	izmir	merkez			Toptancı Sebze Hali No: 44	https://halkatalogu.com/hal/2892-gokhan-ayvali-komisyon-evi	unclaimed	2026-06-07
971	Gönlübol Toprak Mahsulleri	komisyoncu	izmir	odemis	MEHMET GIYANKÖYLÜ	0532 620 75 53	Hal No .12-13-14	https://halkatalogu.com/hal/2211-gonlubol-toprak-mahsulleri	unclaimed	2026-07-12
968	Güneş Tarım Ürünleri	komisyoncu	izmir	karpuz	Hasan GÜNEŞ & Önder GÜNEŞ	0 232 443 02 49	Hal No :20	https://halkatalogu.com/hal/2325-gunes-tarim-urunleri	unclaimed	2026-07-12
958	Hıdıroğlu komisyon evi	komisyoncu	izmir	merkez	Hüseyin TURAN	0535 280 10 95		https://halkatalogu.com/hal/3088-hidiroglu-komisyon-evi	unclaimed	2026-07-12
972	Mustafa YAZAN Komisyonevi	komisyoncu	izmir	odemis	MUSTAFA YAZAN	0532 671 06 34	Toptancı Hali No :20-32	https://halkatalogu.com/hal/2212-mustafa-yazan-komisyonevi	unclaimed	2026-07-12
969	Orhan Gümüş Kavun-Karpuz Ticareti	komisyoncu	izmir	karpuz	Orhan Gümüş	0533 335 53 47	Toptancı Karpuz Hali No :21	https://halkatalogu.com/hal/1624-orhan-gumus-kavun-karpuz-ticareti	unclaimed	2026-07-12
955	Siyahkoçlar gıda komisyon evi	komisyoncu	izmir	merkez	Selim SİYAHKOÇ	0532 243 48 97		https://halkatalogu.com/hal/3148-siyahkoclar-gida-komisyon-evi	unclaimed	2026-07-12
964	Sönmezler Komisyon Evi	komisyoncu	izmir	karpuz	Osman SÖNMEZ	0532 572 83 74	Bostan Hali No:10İZMİR	https://halkatalogu.com/hal/2949-sonmezler-komisyon-evi	unclaimed	2026-07-12
2825	Tek Genç Endüstriyel Soğutma Sistemleri	soguk_hava	izmir				GAZİ Cad. 157.A Gültepe/İzmir	https://halkatalogu.com/soguk-hava-depolari/1-tek-genc-endustriyel-sogutma-sistemleri	unclaimed	2026-07-01
960	Temeseliler Komisyon	komisyoncu	izmir	merkez	Etem TEMESE	0532 233 25 25	Merkez Hal No :62	https://halkatalogu.com/hal/2246-temeseliler-komisyon	unclaimed	2026-07-12
962	Ülkü taşdiken komisyon evi	komisyoncu	izmir	merkez	Mutlu ÇAKMAK	0536 874 93 37		https://halkatalogu.com/hal/3090-ulku-tasdiken-komisyon-evi	unclaimed	2026-07-12
970	Urtimur Toprak Mahsulleri Ticaret	komisyoncu	izmir	odemis	AHMET NİHAT	0535 683 32 27	Toptancı Hali No :1-2-3	https://halkatalogu.com/hal/2213-urtimur-toprak-mahsulleri-ticaret	unclaimed	2026-07-12
963	Vatan Komisyon evi	komisyoncu	izmir	karpuz	Abdullah İNCİ	0532 744 48 91	Bostan Hali No :5	https://halkatalogu.com/hal/2517-vatan-komisyon-evi	unclaimed	2026-07-12
967	Yaşar Tarım Ürünleri	komisyoncu	izmir	karpuz	Emirhan YAŞAR	0532 363 69 74	Bostan Hali No: 18 buca İZMİR	https://halkatalogu.com/hal/2943-yasar-tarim-urunleri	unclaimed	2026-07-12
954	Yusuf Ayvalı Komisyon evi	komisyoncu	izmir	merkez	Yasaf AYVALI	0532 323 18 44	Sebze &Meyve Hali No :1	https://halkatalogu.com/hal/879-yusuf-ayvali-komisyon-evi	unclaimed	2026-07-12
1121	Akgün Komisyon evi	komisyoncu	kahramanmaras	merkez	Ali Rıza AKGÜN	0533 737 03 41	Yeni Sebze Hali No :74	https://halkatalogu.com/hal/889-akgun-komisyon-evi	unclaimed	2026-07-12
1113	Dostlar Komisyon Evi	komisyoncu	kahramanmaras	merkez	Cemol KARATUTLU	0533 735 83 14	Yeni Sebze Hali NO :4-5	https://halkatalogu.com/hal/895-dostlar-komisyon-evi	unclaimed	2026-07-12
1112	Efe ticaret tarım ürünleri	komisyoncu	kahramanmaras	merkez	Şeref KAHVECİ	0536 342 13 87		https://halkatalogu.com/hal/3166-efe-ticaret-tarim-urunleri	unclaimed	2026-07-12
1118	Hacıoğulları Komisyon evi	komisyoncu	kahramanmaras	merkez	Mustafa BÜLGEN	0531 450 50 32	Toptancı Sebze Hali No :32	https://halkatalogu.com/hal/899-haciogullari-komisyon-evi	unclaimed	2026-07-12
1117	Kardeşler Komisyon evi	komisyoncu	kahramanmaras	merkez	Yusuf KOYUNLU	235 01 22	Sebze Hali No :19	https://halkatalogu.com/hal/901-kardesler-komisyon-evi	unclaimed	2026-07-12
1114	Koca Ticaret Komisyon evi	komisyoncu	kahramanmaras	merkez	Faruk KOCA	0533 560 88 93	Sebze Hali No:9	https://halkatalogu.com/hal/904-koca-ticaret-komisyon-evi	unclaimed	2026-07-12
1122	Köse Komisyon Evi	komisyoncu	kahramanmaras	pazarcik	Veli ŞAŞKARA	0544 311 50 42	Toptancı Sebze Hali No :25	https://halkatalogu.com/hal/914-kose-komisyon-evi	unclaimed	2026-07-12
1116	Orhan Komisyonevi	komisyoncu	kahramanmaras	merkez	Halit ORHAN	0532 450 70 04	Yeni Hal No :15	https://halkatalogu.com/hal/905-orhan-komisyonevi	unclaimed	2026-07-12
1120	Osmanlı komisyon evi	komisyoncu	kahramanmaras	merkez	Ali KAVAK	0532 422 36 53		https://halkatalogu.com/hal/3164-osmanli-komisyon-evi	unclaimed	2026-07-12
1119	Şahin Dağlı Komisyon evi	komisyoncu	kahramanmaras	merkez	Şahin DAĞLI	0543 543 06 17	Yeni Sebze Hali NO :38	https://halkatalogu.com/hal/912-sahin-dagli-komisyon-evi	unclaimed	2026-07-12
1115	Türkmen Ticaret Komisyon evi Türkmen Ticaret Tarım ürünleri	komisyoncu	kahramanmaras	merkez	Musa Enes TÜRKMEN	235 00 32	Toptancı Sebze Hali No : 13 K.MARAŞ	https://halkatalogu.com/hal/2832-turkmen-ticaret-komisyon-evi-turkmen-ticaret-tarim-urunleri	unclaimed	2026-07-12
1381	Acar Ticaret	komisyoncu	karabuk	merkez	Fatih ACAT	0541 635 00 47	Toptancı Sebze Hali No :6	https://halkatalogu.com/hal/915-acar-ticaret	unclaimed	2026-07-12
1385	Çalışkanlar Ticaret Komisyon evi Tarım Ürünleri	komisyoncu	karabuk	merkez	Ünal YILMAZ	0532 333 78 05	Toptancı Sebze Hali No :26 KARABÜK	https://halkatalogu.com/hal/2787-caliskanlar-ticaret-komisyon-evi-tarim-urunleri	unclaimed	2026-07-12
1386	Doğukan Ticaret Komisyon evi	komisyoncu	karabuk	merkez	Erol KESGIN	0507 481 59 03	Toptancı Sebze Hali No :30	https://halkatalogu.com/hal/918-dogukan-ticaret-komisyon-evi	unclaimed	2026-07-12
1384	Erkan Ticaret Meyve-Kavun Karpuz Komisyonculuğu	komisyoncu	karabuk	merkez	Yılmaz ERKAN	0532 745 19 14	Toptancı Sebze Hali No :19	https://halkatalogu.com/hal/919-erkan-ticaret-meyve-kavun-karpuz-komisyonculugu	unclaimed	2026-07-12
1380	Güneş Komisyon evi	komisyoncu	karabuk	merkez	Mehmet KARA	0532 322 80 58	Toptancı Hal Kompleksi No :2	https://halkatalogu.com/hal/920-gunes-komisyon-evi	unclaimed	2026-07-12
1383	Şaşmaz Tarım Ürünleri Komisyon evi	komisyoncu	karabuk	merkez	İlhami KAPLAN	0532 771 03 40	Toptancı Sebze Hali No :18-20	https://halkatalogu.com/hal/2788-sasmaz-tarim-urunleri-komisyon-evi	unclaimed	2026-07-12
1382	Yılmaz Kardeşler Komisyon evi	komisyoncu	karabuk	merkez	Yusuf YILMAZ	0532 521 60 61	Merkez Hal No :11-13-15	https://halkatalogu.com/hal/922-yilmaz-kardesler-komisyon-evi	unclaimed	2026-07-12
1347	Ali Rıza Komisyon evi	komisyoncu	karaman	merkez	ALİRİZA UZUN	0532 691 59 43	Toptancı Sebze Hali no.8	https://halkatalogu.com/hal/930-ali-riza-komisyon-evi	unclaimed	2026-07-12
1354	Ayazlar Soğuk Hava Tesisleri	komisyoncu	karaman	merkez	İlhan AYAZ	0542 453 47 86		https://halkatalogu.com/hal/931-ayazlar-soguk-hava-tesisleri	unclaimed	2026-07-12
2831	Ayazlar Soğuk Hava Tesisleri	soguk_hava	karaman				Organize Sanayi Bölgesi Toktaylar Parselleri İlerisi Özce Bisküvi Karşısı	https://halkatalogu.com/soguk-hava-depolari/3-ayazlar-soguk-hava-tesisleri	unclaimed	2026-07-01
1353	Bifa Yem San Tic.Aş.	komisyoncu	karaman	merkez				https://halkatalogu.com/hal/932-bifa-yem-san-tic-as	unclaimed	2026-07-12
1345	Gökgül Kardeşler Komisyon Evi	komisyoncu	karaman	merkez	Ferruh GÖKGÜL	0536 306 26 80	Toptancı Sebze Hali No: 1 KARAMAN	https://halkatalogu.com/hal/2905-gokgul-kardesler-komisyon-evi	unclaimed	2026-07-12
1349	Gün Mevsim Komisyon evi	komisyoncu	karaman	merkez	Abdurrahman DERELİ	0536 641 82 42	Toptancı Sebze Hali No :15	https://halkatalogu.com/hal/925-gun-mevsim-komisyon-evi	unclaimed	2026-07-12
1350	Kapar Komisyon evi	komisyoncu	karaman	merkez	Ahmet KAPAR	0533 430 93 01	Toptan Sebze Hali No :24	https://halkatalogu.com/hal/934-kapar-komisyon-evi	unclaimed	2026-07-12
1351	Kasapoğlu Komisyonculuk	komisyoncu	karaman	merkez	Mehmet YÜCE	0533 425 95 04	Merkez Hal No :28	https://halkatalogu.com/hal/924-kasapoglu-komisyonculuk	unclaimed	2026-07-12
1346	Öz Birlik Komisyon	komisyoncu	karaman	merkez	Habib SARI	0535 471 25 98	Sebze Hali No :3	https://halkatalogu.com/hal/936-oz-birlik-komisyon	unclaimed	2026-07-12
2830	Temel Komisyon evi Soğuk hava	soguk_hava	karaman				Ereğli Yolu Üzeri Tatlı Su Mevki	https://halkatalogu.com/soguk-hava-depolari/4-temel-komisyon-evi-soguk-hava	unclaimed	2026-07-01
1348	Ünal Komisyon evi	komisyoncu	karaman	merkez	İbrahim YILMAZ	0541 953 82 06	Toptancı Sebze Hali No :10	https://halkatalogu.com/hal/940-unal-komisyon-evi	unclaimed	2026-07-12
1352	Yıldızbaş	komisyoncu	karaman	merkez	Hüseyin YILDIZBAS	0533 811 59 55		https://halkatalogu.com/hal/941-yildizbas	unclaimed	2026-07-12
975	Ateşoğlu 3 Ticaret	komisyoncu	kars	merkez	Özcan ATEŞOĞLU	0536 739 41 79	Toptancı Sebze Hali No :4	https://halkatalogu.com/hal/2244-atesoglu-3-ticaret	unclaimed	2026-07-12
978	Balaban Komisyon evi	komisyoncu	kars	merkez	Engin BALABAN	0532 742 91 78	Yeni Sebze Hali No :28-29	https://halkatalogu.com/hal/946-balaban-komisyon-evi	unclaimed	2026-07-12
979	Balabanlar Komisyon evi	komisyoncu	kars	merkez	Engin BALABAN	0532 742 91 78	Yeni Sebze Hali No :28-29	https://halkatalogu.com/hal/948-balabanlar-komisyon-evi	unclaimed	2026-07-12
974	Balkay Gıda San.Tic.Ltd.Şti	komisyoncu	kars	merkez	FİKRET BALKAY	0533 362 58 65	Yeni Sebze Hali NO :2.26.27	https://halkatalogu.com/hal/944-balkay-gida-san-tic-ltd-sti	unclaimed	2026-07-12
973	Bekdemiroğlu Ticaret	komisyoncu	kars	merkez	Bekdemiröğlu	0536 440 13 10	Yeni Sebze Hali No :1	https://halkatalogu.com/hal/947-bekdemiroglu-ticaret	unclaimed	2026-07-12
977	Demir Ticaret	komisyoncu	kars	merkez	Murat DEMİR	0537 708 56 98	Toptancı Sebze Hali No :20	https://halkatalogu.com/hal/2243-demir-ticaret	unclaimed	2026-07-12
980	Korkmazlar Tayfun Tic.	komisyoncu	kars	merkez	Sefer Ali Korkmaz	0544 423 27 36	Sebze Hali No :32	https://halkatalogu.com/hal/942-korkmazlar-tayfun-tic	unclaimed	2026-07-12
976	Korkmazlar Ticaret	komisyoncu	kars	merkez	Mehmet Ali KORKMAZ	0532 798 69 43	Toptancı Sebze Hali NO :6	https://halkatalogu.com/hal/950-korkmazlar-ticaret	unclaimed	2026-07-12
981	Sadakatlı Ticaret	komisyoncu	kars	merkez	Hasan ÖZAĞDAŞ	0532 451 24 88	Toptancı Sebze Hali No :35-36	https://halkatalogu.com/hal/2245-sadakatli-ticaret	unclaimed	2026-07-12
982	Şerifoğlu Ticaret	komisyoncu	kars	merkez	Nejat LUKO	0 474 223 2136	Toptancılar Sebze Hali No :39	https://halkatalogu.com/hal/2242-serifoglu-ticaret	unclaimed	2026-07-12
983	Şerifoğlu Ticaret	komisyoncu	kars	merkez	Nejat LUKO	0535 235 84 70	Toptancılar Sebze Hali No :39	https://halkatalogu.com/hal/943-serifoglu-ticaret	unclaimed	2026-07-12
984	Kastamonu Dernek Ve Oda Başkanı	komisyoncu	kastamonu	merkez	Muzaffer Karamustafa	0532 263 82 43		https://halkatalogu.com/hal/951-kastamonu-dernek-ve-oda-baskani	unclaimed	2026-07-12
987	Adiloğulları Tarım Ürünleri	komisyoncu	kayseri	merkez	Abubekir KARAMAN	0 352 502 05 25	Toptancı Sebze Hali No: 22-23-24-78 KAYSERİ	https://halkatalogu.com/hal/2894-adilogullari-tarim-urunleri	unclaimed	2026-07-12
988	Aktan Komisyon Evi - Aktan Kayseri	komisyoncu	kayseri	merkez	Osman AKBIYIK	0532 920 30 03		https://halkatalogu.com/hal/2972-aktan-komisyon-evi-aktan-kayseri	unclaimed	2026-07-12
986	Aras komisyon evi	komisyoncu	kayseri	merkez	Necmettin ARAS	0532 650 82 05		https://halkatalogu.com/hal/3106-aras-komisyon-evi	unclaimed	2026-07-12
992	Atasoylar tarım ürünleri	komisyoncu	kayseri	merkez				https://halkatalogu.com/hal/3105-atasoylar-tarim-urunleri	unclaimed	2026-07-12
999	Güneş Komisyon evi	komisyoncu	kayseri	merkez	Nazim TAŞPINAR	0532 295 42 73	Sebze Hali No :104	https://halkatalogu.com/hal/965-gunes-komisyon-evi	unclaimed	2026-07-12
990	Kaplan komisyon evi	komisyoncu	kayseri	merkez	Halil KOCAKAPLAN	0533 770 64 65		https://halkatalogu.com/hal/3107-kaplan-komisyon-evi	unclaimed	2026-07-12
998	Kent komisyon evi	komisyoncu	kayseri	merkez	Faruk TASDELEN	0532 257 58 44		https://halkatalogu.com/hal/3191-kent-komisyon-evi	unclaimed	2026-07-12
989	Koçer Komisyon evi	komisyoncu	kayseri	merkez	MUHAMMET KOÇER	0536 592 47 61	Sebze Hali No :36-37	https://halkatalogu.com/hal/2311-kocer-komisyon-evi	unclaimed	2026-07-12
985	Mazinoğlu Komisyon Evi	komisyoncu	kayseri	merkez	İsmail ŞAHİN	0532 707 12 52		https://halkatalogu.com/hal/3192-mazinoglu-komisyon-evi	unclaimed	2026-07-12
993	Mert komisyon evi	komisyoncu	kayseri	merkez	Cafer KOCAKAPLAN	0537 496 43 60		https://halkatalogu.com/hal/3062-mert-komisyon-evi	unclaimed	2026-07-12
997	Murat Elma Komisyon evi	komisyoncu	kayseri	merkez	Murat ELMA	0542 738 01 02	Yeni Hal Kompleksi No :90-91	https://halkatalogu.com/hal/970-murat-elma-komisyon-evi	unclaimed	2026-07-12
994	Öz kaplan komisyon evi	komisyoncu	kayseri	merkez	Metin KOCAKAPLAN	0533 239 83 81		https://halkatalogu.com/hal/3104-oz-kaplan-komisyon-evi	unclaimed	2026-07-12
995	Özgür Komisyon evi	komisyoncu	kayseri	merkez	Ahmet BAYRAM	0532 274 74 93	Toptancı Hali No :64	https://halkatalogu.com/hal/2306-ozgur-komisyon-evi	unclaimed	2026-07-12
996	Rüzgar Tarım Ürünleri	komisyoncu	kayseri	merkez	Murat ELMA	0 (352) 245 15 11	Toptancı Sebze Hali No: 90-91 KAYSERİ	https://halkatalogu.com/hal/2849-ruzgar-tarim-urunleri	unclaimed	2026-07-12
991	Zümrüt Kavun-Karpuz Komisyonevi	komisyoncu	kayseri	merkez	Erdal KOCAKAPLAN	240 7507	Toptancı Sebze Hali No :51-52	https://halkatalogu.com/hal/2303-zumrut-kavun-karpuz-komisyonevi	unclaimed	2026-07-12
1387	Günay Gıda Nakliye san.Ticltd.şti	komisyoncu	kilis	merkez	İsmail GÜNAY	0542 721 76 71		https://halkatalogu.com/hal/980-gunay-gida-nakliye-san-ticltd-sti	unclaimed	2026-07-12
1391	Günay Ticaret	komisyoncu	kilis	merkez	M.Ugur GÜNAY	0542 252 89 16	Sebze Hali No :46-47	https://halkatalogu.com/hal/975-gunay-ticaret	unclaimed	2026-07-12
1393	Hacı Baba Ticaret	komisyoncu	kilis	merkez	Mehmet TÜRKOĞLU	0543 438 84 53	Toptancı Sebze Hali NO :48	https://halkatalogu.com/hal/976-haci-baba-ticaret	unclaimed	2026-07-12
1392	Hacı Baba Ticaret	komisyoncu	kilis	merkez	Mehmet TÜRKOĞLU	0543 438 84 53	Toptancı Sebze Hali NO :48	https://halkatalogu.com/hal/983-haci-baba-ticaret	unclaimed	2026-07-12
1390	Has Çivici Ve Ören	komisyoncu	kilis	merkez	Hüseyin CİVİCİ	0545 929 85 65	Sebze Hali No :45-46	https://halkatalogu.com/hal/979-has-civici-ve-oren	unclaimed	2026-07-12
1389	Öz Çivici Komisyon evi	komisyoncu	kilis	merkez	Necmettin CİVİCİ	0543 813 53 79	Sebze Hali No :39-40	https://halkatalogu.com/hal/978-oz-civici-komisyon-evi	unclaimed	2026-07-12
1388	Şıkoğlu Komisyon	komisyoncu	kilis	merkez	Mehmet ŞIKOĞLU	0542 576 76 39	Sebze Hali No :36	https://halkatalogu.com/hal/977-sikoglu-komisyon	unclaimed	2026-07-12
1394	Yaşar Ticaret	komisyoncu	kilis	merkez	Remzi GÜNAY	0546 220 61 40	Sebze Hali No :49	https://halkatalogu.com/hal/982-yasar-ticaret	unclaimed	2026-07-12
1355	Balbir Tarım	komisyoncu	kirikkale	merkez	Gazi BALOĞLU	0542 644 54 09	Sebze Hali No :12-13	https://halkatalogu.com/hal/984-balbir-tarim	unclaimed	2026-07-12
1358	Baran Komisyon evi	komisyoncu	kirikkale	merkez	Bekir BARAN	0537 515 14 66	Toptancı Sebze Hali No :7-8	https://halkatalogu.com/hal/985-baran-komisyon-evi	unclaimed	2026-07-12
1357	Metehan Komisyon evi Metehan Tarım ürünleri	komisyoncu	kirikkale	merkez	Hasan KAYA	0 318 212 52 55	Toptancı Sebze Hali NO: 37-38-39 KIRIKKALE	https://halkatalogu.com/hal/2816-metehan-komisyon-evi-metehan-tarim-urunleri	unclaimed	2026-07-12
1356	Öz Gençler Komisyon evi	komisyoncu	kirikkale	merkez	Mehmet PETEK	0542 361 43 30	Sebze Hali No :14-15-17-18	https://halkatalogu.com/hal/988-oz-gencler-komisyon-evi	unclaimed	2026-07-12
1001	M Elma Tarım Ürünleri	komisyoncu	kirsehir	merkez	Mehmet ELMA	0542 592 68 26	Kırşehir Toptancı Hali No: 7	https://halkatalogu.com/hal/2883-m-elma-tarim-urunleri	unclaimed	2026-07-12
1002	Murat Elma Komisyon evi	komisyoncu	kirsehir	merkez	Murat ELMA	0544 312 87 94	Toptancı Sebze Hali No :7	https://halkatalogu.com/hal/989-murat-elma-komisyon-evi	unclaimed	2026-07-12
1000	Üçler Limited Şirketi	komisyoncu	kirsehir	merkez	Servet KAYA	0542 374 02 22	Toptancı Sebze Hali No :1	https://halkatalogu.com/hal/990-ucler-limited-sirketi	unclaimed	2026-07-12
1012	Akcan Gıda Tarım Ürün. Nak.	komisyoncu	kocaeli	gebze	Zafer AKCAN	0532 736 89 51	Sebze Meyve Hali No :13	https://halkatalogu.com/hal/1005-akcan-gida-tarim-urun-nak	unclaimed	2026-07-12
1004	Akdoğan Komisyon evi	komisyoncu	kocaeli	merkez	Murat AKDOĞAN	0532 472 40 28	Sebze & Meyve Hali No :21	https://halkatalogu.com/hal/995-akdogan-komisyon-evi	unclaimed	2026-07-12
1010	Alkan Ticaret Komisyon evi	komisyoncu	kocaeli	gebze	Mücahit Alkan	0532 481 01 55	Yeni Sebze Hali No :6	https://halkatalogu.com/hal/1006-alkan-ticaret-komisyon-evi	unclaimed	2026-07-12
1003	Asilcan Komisyon evi	komisyoncu	kocaeli	merkez	Metin CAN	0532 423 90 47	Yeni Hal No :15-16	https://halkatalogu.com/hal/992-asilcan-komisyon-evi	unclaimed	2026-07-12
1006	Demir Komisyon evi	komisyoncu	kocaeli	merkez	Abbas DEMİR	0532 367 21 60	Sebze & Meyve Hali No :25	https://halkatalogu.com/hal/1003-demir-komisyon-evi	unclaimed	2026-07-12
1007	Efsane Ticaret Komisyon Evi	komisyoncu	kocaeli	merkez	Hüseyin BALKAYA	0532 276 57 36	Toptancı Sebze Meyve Hali No: 29 KOCAELİ	https://halkatalogu.com/hal/2853-efsane-ticaret-komisyon-evi	unclaimed	2026-07-12
1013	Ferit Tarım Ürünleri Komisyon evi	komisyoncu	kocaeli	gebze			Yaş Sebze Hali No :19 GEBZE	https://halkatalogu.com/hal/2763-ferit-tarim-urunleri-komisyon-evi	unclaimed	2026-07-12
1011	Görmezler Ticaret Komisyon evi Tarım Ürünleri	komisyoncu	kocaeli	gebze	Mücahit GÖRMEZ	0532 326 83 23	Yeni Sebze Hali No :11 GEBZE	https://halkatalogu.com/hal/2761-gormezler-ticaret-komisyon-evi-tarim-urunleri	unclaimed	2026-07-12
1008	Hacıoğulları Tarım Ürünleri Komisyon evi	komisyoncu	kocaeli	merkez	Mehmet NURAKDOGAN	0 262 335 59 18	Yeni Sebze Hali No :43 KOCAELİ	https://halkatalogu.com/hal/2767-haciogullari-tarim-urunleri-komisyon-evi	unclaimed	2026-07-12
1005	Kahraman Kardeşler Komisyon evi	komisyoncu	kocaeli	merkez	Recep KAHRAMAN	0532 241 21 08	Sebze & Meyve Hali No :22-23	https://halkatalogu.com/hal/999-kahraman-kardesler-komisyon-evi	unclaimed	2026-07-12
1009	Koçak Komisyon evi	komisyoncu	kocaeli	merkez	Hüseyin Koçak	0532 326 83 03	Yeni Hal :43	https://halkatalogu.com/hal/1000-kocak-komisyon-evi	unclaimed	2026-07-12
1014	Vefabirlik Komisyon evi	komisyoncu	kocaeli	gebze	Mutlu YEŞİLOVA	0554 496 32 20	Yeni Sebze Hali No :29 GEBZE	https://halkatalogu.com/hal/2762-vefabirlik-komisyon-evi	unclaimed	2026-07-12
1017	Adnan PİRİNÇ Komisyon evi	komisyoncu	konya	merkez		0 332 223 10 08	Toptancı Hali No : 1/3/A	https://halkatalogu.com/hal/1068-adnan-pirinc-komisyon-evi	unclaimed	2026-07-12
1051	Arı Komisyon Komisyon evi	komisyoncu	konya	eregli	Oktay ARI	0532 567 29 70	Toptancı Hali No :65	https://halkatalogu.com/hal/1032-ari-komisyon-komisyon-evi	unclaimed	2026-07-12
1034	Arıkan Komisyon evi	komisyoncu	konya	eregli	Salim ARIKAN	0532 276 64 80	Toptancı Sebze Hali No :26	https://halkatalogu.com/hal/1017-arikan-komisyon-evi	unclaimed	2026-07-12
1029	Aydın Komisyon	komisyoncu	konya	cumra	MEHMET AYDIN	0542 854 51 23	Yeni Sebze Hali No :3	https://halkatalogu.com/hal/1103-aydin-komisyon	unclaimed	2026-07-12
1056	Aydınlar Komisyonevi	komisyoncu	konya	karatay	SALİH AYDIN	0505 500 16 01	Sebze Hali a-2 Blok No :9	https://halkatalogu.com/hal/1041-aydinlar-komisyonevi	unclaimed	2026-07-12
1047	Baba Komisyon	komisyoncu	konya	eregli	Hacı TUTUK	0532 435 35 28	Toptancı Hali No :53-55-56	https://halkatalogu.com/hal/1015-baba-komisyon	unclaimed	2026-07-12
1062	Bakan Komisyon evi	komisyoncu	konya	karatay	Muhsin Bakan	0554 975 03 16	Karatay Hal NO :c BLok	https://halkatalogu.com/hal/1038-bakan-komisyon-evi	unclaimed	2026-07-12
1018	Bediroğlu Tarım Ürünleri Komisyon evi	komisyoncu	konya	merkez	MEHMET BEDİR	0 332 357 19 64	Toptancı Sebze Hali No = 2 KONYA	https://halkatalogu.com/hal/2801-bediroglu-tarim-urunleri-komisyon-evi	unclaimed	2026-07-12
1020	Bereket Tarım Ve Komisyon Evi	komisyoncu	konya	merkez	Doğan CÖMERT	0530 703 44 50	Toptancı Sebze Hali No 10.a	https://halkatalogu.com/hal/1105-bereket-tarim-ve-komisyon-evi	unclaimed	2026-07-12
1022	Bio komisyon evi	komisyoncu	konya	merkez	Hakan KIZILDOĞAN	0534 683 56 66		https://halkatalogu.com/hal/3015-bio-komisyon-evi	unclaimed	2026-07-12
1049	Bıyık Komisyonevi	komisyoncu	konya	eregli	Kemal BIYIK	0536 866 04 03	Toptancı Sebze Hali No :62	https://halkatalogu.com/hal/1013-biyik-komisyonevi	unclaimed	2026-07-12
1065	Büyük Sağlık Tarım Ürünleri	komisyoncu	konya	kasinhani	Ahmet SAĞLIK	0533 559 42 64	Kaşınhanı No :1	https://halkatalogu.com/hal/2049-buyuk-saglik-tarim-urunleri	unclaimed	2026-07-12
1050	Çelikler Komisyonevi	komisyoncu	konya	eregli	İbrahim ÇELİK	0532 361 08 98	Toptancı Sebze Hali NO :63	https://halkatalogu.com/hal/1024-celikler-komisyonevi	unclaimed	2026-07-12
1063	Ceylanlar Komisyon evi	komisyoncu	konya	karatay	Hikmet CEYLAN	0542 712 73 62	Karatay Sebze Hali No :29-31	https://halkatalogu.com/hal/1039-ceylanlar-komisyon-evi	unclaimed	2026-07-12
1030	Çiçekli Komisyon	komisyoncu	konya	cumra	Mustafa ÇİÇEKLİ	0532 402 53 24	Toptancı Sebze Hali No :3	https://halkatalogu.com/hal/1078-cicekli-komisyon	unclaimed	2026-07-12
1066	Doğan Kardeşler Komisyon	komisyoncu	konya	kasinhani	Mustafa DOGAN	0555 579 08 01	Kaşınhan No :10	https://halkatalogu.com/hal/2045-dogan-kardesler-komisyon	unclaimed	2026-07-12
1054	Doğan Kardeşler Komisyonculuk Ltd.Şti	komisyoncu	konya	karatay	Mustafa DOGAN	0555 579 08 01	Hal No :6	https://halkatalogu.com/hal/1054-dogan-kardesler-komisyonculuk-ltd-sti	unclaimed	2026-07-12
1025	Doğan komisyon evi	komisyoncu	konya	merkez	ADNAN KIZILDOĞAN	0543 232 07 32	Konya Hali No: 32	https://halkatalogu.com/hal/2929-dogan-komisyon-evi	unclaimed	2026-07-12
1024	Doğan komisyon evi plastik kasa imalatı	komisyoncu	konya	merkez	Adnan KIZILDOĞAN	0532 741 60 22		https://halkatalogu.com/hal/3086-dogan-komisyon-evi-plastik-kasa-imalati	unclaimed	2026-07-12
1038	Durak Komisyonevi	komisyoncu	konya	eregli	İbrahim Durak	0536 773 77 94	Toptancı Hal No :31	https://halkatalogu.com/hal/1011-durak-komisyonevi	unclaimed	2026-07-12
1023	Durmazlar Komisyonevi	komisyoncu	konya	merkez	Yusuf DURMAZ	0 332 235 23 37	toptancı Sebze Hali No :25	https://halkatalogu.com/hal/933-durmazlar-komisyonevi	unclaimed	2026-07-12
1069	Dutar Ticaret	komisyoncu	konya	kasinhani	HACI BAYRAM DUTAR	0533 517 46 07	İstasyon Mah.İstasyon Cad. No :58	https://halkatalogu.com/hal/2050-dutar-ticaret	unclaimed	2026-07-12
1059	Düzenli Komisyon evi	komisyoncu	konya	karatay	Nurettin DÜZENLİ	0542 893 20 57	Karatay Toptancı Sebze Hali No :13	https://halkatalogu.com/hal/1043-duzenli-komisyon-evi	unclaimed	2026-07-12
1043	Efe Komisyon	komisyoncu	konya	eregli	Hasan EFE	0546 267 70 00	Toptancı Sebze Hali No :46	https://halkatalogu.com/hal/1027-efe-komisyon	unclaimed	2026-07-12
1057	Erdallar Komisyonevi	komisyoncu	konya	karatay	RAMAZAN ERDAL	0532 276 45 59	Karatay Sebze Hali No :11B	https://halkatalogu.com/hal/1036-erdallar-komisyonevi	unclaimed	2026-07-12
1060	Erikciler Komisyon evi	komisyoncu	konya	karatay	ÖMER ERİKÇİ	0542 564 21 07	Karatay Sebze Hali No :c-2	https://halkatalogu.com/hal/1042-erikciler-komisyon-evi	unclaimed	2026-07-12
1032	Erkanlar Komisyonevi	komisyoncu	konya	cumra	Salim ERKAN	0535 581 32 45	Karatay Sebze Hali No :12	https://halkatalogu.com/hal/1109-erkanlar-komisyonevi	unclaimed	2026-07-12
1058	Erkanlar Komisyonevi	komisyoncu	konya	karatay	Salim ERKAN	0535 581 32 45	Karatay Sebze Hali NO :12	https://halkatalogu.com/hal/2393-erkanlar-komisyonevi	unclaimed	2026-07-12
1027	Filiz komisyon evi	komisyoncu	konya	merkez	METİN ORTAKARPUZ	0532 130 16 22		https://halkatalogu.com/hal/3014-filiz-komisyon-evi	unclaimed	2026-07-12
1055	Gökhanoğlu Komisyonevi	komisyoncu	konya	karatay	M. Akif GÖKHAN	0554 760 75 79	Toptancı Sebze Hali No :9	https://halkatalogu.com/hal/1056-gokhanoglu-komisyonevi	unclaimed	2026-07-12
1021	Günindi Komisyon evi	komisyoncu	konya	merkez	MUSTAFA GÜNİNDİ	0506 259 87 50	Hal No :11	https://halkatalogu.com/hal/1083-gunindi-komisyon-evi	unclaimed	2026-07-12
1036	İşeri KomisyonEvi	komisyoncu	konya	eregli			Toptanci Hali NO :'9	https://halkatalogu.com/hal/1023-iseri-komisyonevi	unclaimed	2026-07-12
1028	İtimat Komisyon evi	komisyoncu	konya	merkez	İsmail BAĞCI	0532 251 33 44	Sebze Hali No :52	https://halkatalogu.com/hal/1086-itimat-komisyon-evi	unclaimed	2026-07-12
1031	Karamanoğulları Komisyon evi	komisyoncu	konya	cumra	M. EMİN KARAMAN	0537 737 96 06	Sebze Hali No :11	https://halkatalogu.com/hal/1079-karamanogullari-komisyon-evi	unclaimed	2026-07-12
1044	Koçaklar Komisyon evi	komisyoncu	konya	eregli	AHMET YAKAR	0541 615 18 71	Toptancı Hal No 47	https://halkatalogu.com/hal/1020-kocaklar-komisyon-evi	unclaimed	2026-07-12
1068	Kocamanlar Ticaret	komisyoncu	konya	kasinhani	Adem PULLU	0532 748 02 89	Kaşınhan Mah No :58	https://halkatalogu.com/hal/2052-kocamanlar-ticaret	unclaimed	2026-07-12
1016	Korkusuz Komisyon evi	komisyoncu	konya	merkez	Ahmet KORKUSUZ	0532 483 75 43	Sebze Hali No :1	https://halkatalogu.com/hal/1070-korkusuz-komisyon-evi	unclaimed	2026-07-12
1026	Mevlüt Erçetin Komisyon evi	komisyoncu	konya	merkez	Mevlüt ERÇETİN	0533 717 32 25	Sebze Hali No :34	https://halkatalogu.com/hal/1093-mevlut-ercetin-komisyon-evi	unclaimed	2026-07-12
1045	Mıstık Tarım Ürünleri Komisyon evi	komisyoncu	konya	eregli	M. SAMİ SAĞKAYA	0533 815 72 23	Toptancı Hal No :49	https://halkatalogu.com/hal/1018-mistik-tarim-urunleri-komisyon-evi	unclaimed	2026-07-12
1040	Mülazımoğlu Komisyon Evi	komisyoncu	konya	eregli	Mehmet MULAZIMOĞLU	0533 546 42 00	Toptancı Hali No :37	https://halkatalogu.com/hal/1014-mulazimoglu-komisyon-evi	unclaimed	2026-07-12
1015	Mustafa Kara Komisyon evi	komisyoncu	konya	merkez		0 332 233 64 74	Hali No :1	https://halkatalogu.com/hal/1112-mustafa-kara-komisyon-evi	unclaimed	2026-07-12
1067	Mütahitoğlu Havu Soğuk Hava	komisyoncu	konya	kasinhani	M.Ali PULLU	0530 406 44 98	Kaşınhanı Mah. İçeri Çumra Cad. No :113	https://halkatalogu.com/hal/2048-mutahitoglu-havu-soguk-hava	unclaimed	2026-07-12
1052	ÖZ Erikciler Komisyonevi	komisyoncu	konya	karatay	Ali ERİKÇİ	0555 337 91 24	Karatay Sebze Hali A-2 Blok No :1	https://halkatalogu.com/hal/1044-oz-erikciler-komisyonevi	unclaimed	2026-07-12
1053	Papağanlar Komisyon evi	komisyoncu	konya	karatay	Rüştü PAPAĞAN	0549 715 93 80	Karatay Sebze Hali No :5	https://halkatalogu.com/hal/1037-papaganlar-komisyon-evi	unclaimed	2026-07-12
1048	Paşa Komisyon	komisyoncu	konya	eregli	Atilla AY	0532 596 03 36	Toptancı Hali No :57	https://halkatalogu.com/hal/1022-pasa-komisyon	unclaimed	2026-07-12
1046	Şamlı Komisyon evi	komisyoncu	konya	eregli	Ömer ŞAMLI	0542 235 87 81	Toptancı Sebze Hali No :50	https://halkatalogu.com/hal/1035-samli-komisyon-evi	unclaimed	2026-07-12
1070	Sayka Tarım	komisyoncu	konya	kasinhani	Bayram SAYAR	0 332 364 2137	Belediye dükkanları No :100	https://halkatalogu.com/hal/2422-sayka-tarim	unclaimed	2026-07-12
1042	Söker Komisyon evi	komisyoncu	konya	eregli	Murat SÖKER	0532 300 31 85	Toptancı Sebze Hali No :40	https://halkatalogu.com/hal/1009-soker-komisyon-evi	unclaimed	2026-07-12
1041	Sökerler Soğuk Hava Deposu	komisyoncu	konya	eregli	NACİ SÖKER	0532 744 64 61	Toptan Sebze Hali No :38-39	https://halkatalogu.com/hal/1029-sokerler-soguk-hava-deposu	unclaimed	2026-07-12
1037	Şükrücan Komisyonevi	komisyoncu	konya	eregli	Yasar Kaya	0536 221 43 23	Toptancı Hali No :31	https://halkatalogu.com/hal/1019-sukrucan-komisyonevi	unclaimed	2026-07-12
1039	Tahircan Komisyonevi	komisyoncu	konya	eregli	TAHİR YAYGIN	0533 522 34 61	Toptancı Hali No :35	https://halkatalogu.com/hal/1028-tahircan-komisyonevi	unclaimed	2026-07-12
1064	TOS Tarım Ürünleri Ltd.Şti	komisyoncu	konya	kasinhani	Mevlüt ÇAKIR	0532 521 72 65	Kaşınhanı Mah	https://halkatalogu.com/hal/2051-tos-tarim-urunleri-ltd-sti	unclaimed	2026-07-12
1019	Turhan Komisyon Evi	komisyoncu	konya	merkez	Hüseyin TURHAN	237 10 47	Toptancı Sebze Hali No: 10-B Konya	https://halkatalogu.com/hal/2885-turhan-komisyon-evi	unclaimed	2026-07-12
1061	Yağız Kardeşler Komisyon evi	komisyoncu	konya	karatay	MURAT YAĞIZ	0 332 357 46 72	Toptancı Hali No :C/16	https://halkatalogu.com/hal/1040-yagiz-kardesler-komisyon-evi	unclaimed	2026-07-12
1033	Yalçın Komisyon	komisyoncu	konya	cumra	YUSUF YALÇIN	0535 796 00 85	Yeni Sebze Hali No :12	https://halkatalogu.com/hal/1102-yalcin-komisyon	unclaimed	2026-07-12
1035	Yıldız Komisyonevi	komisyoncu	konya	eregli	Süleyman YILDIZ	0533 430 96 67	Toptancı Hal No :28	https://halkatalogu.com/hal/1026-yildiz-komisyonevi	unclaimed	2026-07-12
1076	Metin Gıda tarım Ürünleri	komisyoncu	kutahya	merkez	Metin KAP	0 274 225 06 23	Toptancı Sebze Hali no = 21-22-23 KÜTAHYA	https://halkatalogu.com/hal/2802-metin-gida-tarim-urunleri	unclaimed	2026-07-12
1073	Narinler Tarım ürünleri	komisyoncu	kutahya	merkez		0 274 225 01 06	Toptancı Sebze Hali NO :6 KÜTAHYA	https://halkatalogu.com/hal/2803-narinler-tarim-urunleri	unclaimed	2026-07-12
1075	Tez Kabzımal	komisyoncu	kutahya	merkez	İSMAİL TEZ	0535 827 60 11	Belediye Sebze Hali No :13	https://halkatalogu.com/hal/1118-tez-kabzimal	unclaimed	2026-07-12
1074	Tezler Kabzımal & Komisyoncusu	komisyoncu	kutahya	merkez	MEHMET TEZ	0533 473 32 18	Toptancı Sebze Hali No :12	https://halkatalogu.com/hal/1117-tezler-kabzimal-komisyoncusu	unclaimed	2026-07-12
1072	Uğurlu Komisyon evi	komisyoncu	kutahya	merkez	Ibrahim UĞURLU	0542 206 25 73	Belediye Sebze Hali No :5	https://halkatalogu.com/hal/1115-ugurlu-komisyon-evi	unclaimed	2026-07-12
1071	Yunus Ticaret Komisyon evi	komisyoncu	kutahya	merkez			Toptancı Hal Kompleksi No :2	https://halkatalogu.com/hal/1119-yunus-ticaret-komisyon-evi	unclaimed	2026-07-12
1078	Ada Komisyon evi	komisyoncu	malatya	merkez	M.Ali BULDU	0532 486 29 28	Yeni Sebze & Meyve HaliNo :9	https://halkatalogu.com/hal/1128-ada-komisyon-evi	unclaimed	2026-07-12
1086	Adıyamanlılar Komisyon Evi	komisyoncu	malatya	merkez	Mehmet AKIN	0533 689 85 85		https://halkatalogu.com/hal/3203-adiyamanlilar-komisyon-evi	unclaimed	2026-07-12
1084	Babacan komisyon evi	komisyoncu	malatya	merkez	Mehmet BABACAN	0532 424 25 38		https://halkatalogu.com/hal/3130-babacan-komisyon-evi	unclaimed	2026-07-12
1077	Beşler komisyon evi	komisyoncu	malatya	merkez	Memet DURAN	0532 569 44 28		https://halkatalogu.com/hal/3228-besler-komisyon-evi	unclaimed	2026-07-12
1083	Bülgen komisyon evi	komisyoncu	malatya	merkez	CENGIZ BÜLGEN	0532 203 68 81		https://halkatalogu.com/hal/3128-bulgen-komisyon-evi	unclaimed	2026-07-12
1079	Çalışkanlar komisyon evi	komisyoncu	malatya	merkez	Serkan AYDOĞAN	0537 379 90 00		https://halkatalogu.com/hal/3126-caliskanlar-komisyon-evi	unclaimed	2026-07-12
1082	Deniz Komisyon evi	komisyoncu	malatya	merkez	Mehmet Deniz	0532 634 43 24	Yeni Sebze Hali No :31	https://halkatalogu.com/hal/1121-deniz-komisyon-evi	unclaimed	2026-07-12
1087	Kısmet Komisyon evi	komisyoncu	malatya	merkez	Sinan SULHAN	0539 599 78 31	Toptancı Sebze Hali No :44 MALATYA	https://halkatalogu.com/hal/2684-kismet-komisyon-evi	unclaimed	2026-07-12
1080	Öz Arapkir Komisyon evi	komisyoncu	malatya	merkez	Sıddık ÖZDEMİR	0533 685 78 78	Toptancı Hali No :22	https://halkatalogu.com/hal/1125-oz-arapkir-komisyon-evi	unclaimed	2026-07-12
1081	Öz hacı baba komisyon evi	komisyoncu	malatya	merkez	Mehmet ÇIÇEK	0532 486 94 09		https://halkatalogu.com/hal/3124-oz-haci-baba-komisyon-evi	unclaimed	2026-07-12
1088	Özen Komisyon evi	komisyoncu	malatya	merkez	Mehmet ÖZEN	0544 315 80 82	Yeni Toptancı Hal Kompleksi No :47	https://halkatalogu.com/hal/1120-ozen-komisyon-evi	unclaimed	2026-07-12
1085	Pütürgeliler Komisyon evi	komisyoncu	malatya	merkez	Celal AKBAY	0542 642 02 44	Yeni Sebze Hali No :34	https://halkatalogu.com/hal/2173-puturgeliler-komisyon-evi	unclaimed	2026-07-12
1091	Baran Ticaret Komisyon evi	komisyoncu	manisa	merkez	M.Sakir GECİCİ	0537 846 42 03	No :15	https://halkatalogu.com/hal/1166-baran-ticaret-komisyon-evi	unclaimed	2026-07-12
1104	Dalgıç Komisyon evi	komisyoncu	manisa	salihli	Nazif DALGIC	0532 682 60 26	Belediye Sebze Hali No :25	https://halkatalogu.com/hal/1161-dalgic-komisyon-evi	unclaimed	2026-07-12
1103	Deniz Komisyonevi	komisyoncu	manisa	salihli	Deniz ŞENAY	0536 746 84 93	Belediye Sebze Hali No :25	https://halkatalogu.com/hal/2370-deniz-komisyonevi	unclaimed	2026-07-12
1097	Durmaz Komisyon evi	komisyoncu	manisa	merkez	SÜLEYMAN DURMAZ	0535 854 21 03	Sebze Hali No :43	https://halkatalogu.com/hal/1168-durmaz-komisyon-evi	unclaimed	2026-07-12
1108	Ege Komisyonculuk	komisyoncu	manisa	turgutlu	Erdal KUŞ	0532 426 71 65	Belediye Sebze Hali No :7-8	https://halkatalogu.com/hal/2314-ege-komisyonculuk	unclaimed	2026-07-12
1090	Fırat Ticaret Tarım Ürünleri	komisyoncu	manisa	merkez			Toptancı Sebze Hali No:13-15 Manisa	https://halkatalogu.com/hal/2954-firat-ticaret-tarim-urunleri	unclaimed	2026-07-12
1111	Gündüz Komisyon evi	komisyoncu	manisa	turgutlu	KADİR GÜNDÜZ	0532 746 81 86	Sebze &Meyve Hali No :25	https://halkatalogu.com/hal/1139-gunduz-komisyon-evi	unclaimed	2026-07-12
1100	Kışla Ticaret Komisyon evi	komisyoncu	manisa	merkez	HÜSEYİN	0532 362 72 53	Toptan Sebze & Meyve Hali No :52	https://halkatalogu.com/hal/1169-kisla-ticaret-komisyon-evi	unclaimed	2026-07-12
1101	Manisa kavun karpuz sebze meyve	komisyoncu	manisa	merkez	Yakup YIĞIT	0535 913 26 45	Manisa/merkez	https://halkatalogu.com/hal/2953-manisa-kavun-karpuz-sebze-meyve	unclaimed	2026-07-12
1095	Öz Yılmazlar Komisyon evi	komisyoncu	manisa	merkez	Sabri YILMAZ	0 236 237 1162	Yeni Hal No :37	https://halkatalogu.com/hal/1148-oz-yilmazlar-komisyon-evi	unclaimed	2026-07-12
1105	Özdaşlar Komisyon evi	komisyoncu	manisa	salihli	Osman ÖZDAŞ	0533 249 13 77	Belediye SEbze Hali No :29	https://halkatalogu.com/hal/1160-ozdaslar-komisyon-evi	unclaimed	2026-07-12
1109	Şahin Ağa Komisyon evi	komisyoncu	manisa	turgutlu	Durmuş BAYRAKTAR	0 236 312 01 02	Toptancı Sebze Hali No :12 TURGUTLU / MANİSA	https://halkatalogu.com/hal/1142-sahin-aga-komisyon-evi	unclaimed	2026-07-12
1110	Şekeroğlu tarım ürünleri	komisyoncu	manisa	turgutlu	A.Vahit SINÇAR	0532 685 55 02		https://halkatalogu.com/hal/3100-sekeroglu-tarim-urunleri	unclaimed	2026-07-12
1089	Şirvan Ticaret Komisyon evi	komisyoncu	manisa	merkez	Ayhan KAMAL	0535 588 04 29	Toptan Belediye Sebze &Meyve Hali No :3	https://halkatalogu.com/hal/1172-sirvan-ticaret-komisyon-evi	unclaimed	2026-07-12
1099	Tivaz Ticaret Komisyon evi	komisyoncu	manisa	merkez	Hüseyin YILDIZ	0532 323 21 78	Toptan Sebze &Meyve Hali No :47	https://halkatalogu.com/hal/1173-tivaz-ticaret-komisyon-evi	unclaimed	2026-07-12
1093	Topaloğlu Komisyon evi	komisyoncu	manisa	merkez	Ali YIGIT	0535 427 19 73	Yeni Hal no :30	https://halkatalogu.com/hal/1144-topaloglu-komisyon-evi	unclaimed	2026-07-12
1102	Türkerler Komisyon evi	komisyoncu	manisa	salihli	Serkan TÜRKER	0532 276 52 26	Toptancı Sebze Hali No :22-32	https://halkatalogu.com/hal/2367-turkerler-komisyon-evi	unclaimed	2026-07-12
1107	Yağız gıda komisyon evi	komisyoncu	manisa	turgutlu	Zabit YAĞIZ	0532 787 22 27		https://halkatalogu.com/hal/3151-yagiz-gida-komisyon-evi	unclaimed	2026-07-12
1096	Yalçınlar Muz Evi	komisyoncu	manisa	merkez	Ömer YALÇIN	0541 884 48 95		https://halkatalogu.com/hal/2980-yalcinlar-muz-evi	unclaimed	2026-07-12
1094	Yasin Ticaret Sebze Meyve Komisyon evi	komisyoncu	manisa	merkez	Rıdvan YILDIZ	0507 496 85 94	Ahmet Bedevi Mah: 579 Sk No :33/a	https://halkatalogu.com/hal/2955-yasin-ticaret-sebze-meyve-komisyon-evi	unclaimed	2026-07-12
1098	Yiğit kardeşler	komisyoncu	manisa	merkez	Yusuf YIĞIT	0535 913 26 45		https://halkatalogu.com/hal/3023-yigit-kardesler	unclaimed	2026-07-12
1092	Yiğit kardeşler komisyon evi	komisyoncu	manisa	merkez	Süleyman YİĞİT	0536 396 37 19		https://halkatalogu.com/hal/3022-yigit-kardesler-komisyon-evi	unclaimed	2026-07-12
1106	Yusuf Türe Komisyonevi	komisyoncu	manisa	salihli		0533 438 33 08	Belediye Sebze Hali No :40	https://halkatalogu.com/hal/2368-yusuf-ture-komisyonevi	unclaimed	2026-07-12
1130	Acar Kardeşler Komisyon evi	komisyoncu	mardin	kiziltepe			Yeni Sebze Hali No :45	https://halkatalogu.com/hal/1184-acar-kardesler-komisyon-evi	unclaimed	2026-07-12
1126	Akres Komisyon evi	komisyoncu	mardin	kiziltepe	Bayram ARAÇ	0542 596 88 12	Toptancı Hali No :11-8	https://halkatalogu.com/hal/1189-akres-komisyon-evi	unclaimed	2026-07-12
1125	Alpöz Komisyon	komisyoncu	mardin	merkez	A.Kadir ALPÖZ	0532 507 52 16	Yeni Sebze Hali No :74	https://halkatalogu.com/hal/1178-alpoz-komisyon	unclaimed	2026-07-12
1123	Atlı Komisyonevi	komisyoncu	mardin	merkez	M.Arif ATLI	0532 256 63 66	Yeni Sebze Hali No :44	https://halkatalogu.com/hal/1179-atli-komisyonevi	unclaimed	2026-07-12
1128	Beğen Gıda Sanayi Ticaret Limited Şirketi	komisyoncu	mardin	kiziltepe		0532 543 50 32	Sebze Hali No :13	https://halkatalogu.com/hal/1186-begen-gida-sanayi-ticaret-limited-sirketi	unclaimed	2026-07-12
1124	Kanioğlu Komisyon	komisyoncu	mardin	merkez	Hatip KANİOĞLU	0532 462 47 35	Sebze HAli No :72-73	https://halkatalogu.com/hal/1177-kanioglu-komisyon	unclaimed	2026-07-12
1134	Mazlum Komisyonevi	komisyoncu	mardin	kiziltepe	Adil OK	0544 672 57 87	Yeni Sebze Hali No :74	https://halkatalogu.com/hal/1185-mazlum-komisyonevi	unclaimed	2026-07-12
1127	Öz Konuş Komisyon evi	komisyoncu	mardin	kiziltepe	Cumhur KONUS	0543 307 57 59	Yeni Sebze Hali No :9-10	https://halkatalogu.com/hal/1192-oz-konus-komisyon-evi	unclaimed	2026-07-12
1133	Öz Kudi Komisyonevi	komisyoncu	mardin	kiziltepe	Abdullatif DEMİR	0532 746 23 81	Yeni Sebze Hali No :70	https://halkatalogu.com/hal/1187-oz-kudi-komisyonevi	unclaimed	2026-07-12
1132	Şen Ortaklar Komisyonevi	komisyoncu	mardin	kiziltepe	A.Kerim DEMİR	q	Yeni Sebze Hali No :58	https://halkatalogu.com/hal/1193-sen-ortaklar-komisyonevi	unclaimed	2026-07-12
1129	Sümer Ticaret	komisyoncu	mardin	kiziltepe	Süleyman SÜMER	0530 691 74 40	Sebze Hali No :23	https://halkatalogu.com/hal/1180-sumer-ticaret	unclaimed	2026-07-12
1131	Turgay Komisyon evi	komisyoncu	mardin	kiziltepe	Ümran TURGAY	0544 520 21 45	Yeni Sebze Hali No :46	https://halkatalogu.com/hal/1181-turgay-komisyon-evi	unclaimed	2026-07-12
776	Acar Komisyon evi	komisyoncu	mersin	mut	M.Ali ACAR	0532 747 77 12	Toptancı Sebze Hali No :4-5	https://halkatalogu.com/hal/1816-acar-komisyon-evi	unclaimed	2026-07-12
713	Adiloğulları Komisyon Evi	komisyoncu	mersin	anamur	Abubekir KARAMAN	0532 386 54 6３	Toptancı Sebze Hali B-Blok No: 9-10-11-12-20 Anamur/MERSİN	https://halkatalogu.com/hal/2932-adilogullari-komisyon-evi	unclaimed	2026-07-12
700	Adıgüzel Komisyon Evi	komisyoncu	mersin	merkez	Hikmet ADIGÜZEL	0532 616 44 75	No 32	https://halkatalogu.com/hal/2808-adiguzel-komisyon-evi	unclaimed	2026-07-12
828	Ağcalar Komisyon evi	komisyoncu	mersin	sevkiyat	Yakup KAYALAR	0532 531 72 45	Top.Hal Komp Sevk :Bölümü L Blok No :35	https://halkatalogu.com/hal/1701-agcalar-komisyon-evi	unclaimed	2026-07-12
892	Ahmet Yıldız Komisyon	komisyoncu	mersin	tarsus-sevkiyat	Ahmet Yıldız	0542 428 60 68	Toptancı Sebze Hali Sevkiyat bölümü No :200	https://halkatalogu.com/hal/2146-ahmet-yildiz-komisyon	unclaimed	2026-07-12
807	Ahtamara Komisyon evi	komisyoncu	mersin	sevkiyat	Halaç ABİ	0 324 235 34 30	Toptancı Hal Kompleksi P Blon no :10	https://halkatalogu.com/hal/1702-ahtamara-komisyon-evi	unclaimed	2026-07-12
731	Akdeniz Komisyonevi	komisyoncu	mersin	aydincik	A.Serdar UZUN	0533 727 84 54	Toptancı Sebze Hali No :8	https://halkatalogu.com/hal/1326-akdeniz-komisyonevi	unclaimed	2026-07-12
704	Akdeniz TropikaL	komisyoncu	mersin	merkez	Hüseyin TİMURTAŞ	+90 (324) 234 38 00	Yeni Hal Kompleksi c-1 Blok No :35	https://halkatalogu.com/hal/1213-akdeniz-tropikal	unclaimed	2026-07-12
845	Akışlar Komisyon evi Akışlar tarım ürünleri	komisyoncu	mersin	tarsus	Ramazan AKIŞ	0324 622 41 21	Toptancı Sebze Hali No :20 Tarsus Mersin	https://halkatalogu.com/hal/2813-akislar-komisyon-evi-akislar-tarim-urunleri	unclaimed	2026-07-12
757	Aksu Ticaret	komisyoncu	mersin	karpuz	Alihan AKSU	0324 234 00 90	Toptancı Hal Kompleksi A - 1 Blok No: 24	https://halkatalogu.com/hal/1628-aksu-ticaret	unclaimed	2026-07-12
697	Akyüzler Komisyon evi	komisyoncu	mersin	merkez	Yunus AKYÜZ	0530 695 28 05	Toptancı Sebze Hal G-1 Blok No :29	https://halkatalogu.com/hal/2605-akyuzler-komisyon-evi	unclaimed	2026-07-12
837	Alaşkan Kardeşler Komisyonevi	komisyoncu	mersin	sogan	Ibrahim ALAŞKAN	0533 960 29 02	Toptancı Hal Kompleksi B-1 Blok No :20-21	https://halkatalogu.com/hal/1952-alaskan-kardesler-komisyonevi	unclaimed	2026-07-12
679	Alya Komisyon evi	komisyoncu	mersin	merkez	A.Kemal KURTULUŞ	0 324 235 38 69	Toptancı Hal Kompleksi K-1 Blok No :14	https://halkatalogu.com/hal/1285-alya-komisyon-evi	unclaimed	2026-07-12
715	Antaş Ltd.Şti	komisyoncu	mersin	anamur	Önder DENİZ	0532 643 73 58	Belediye Hali No :12-13	https://halkatalogu.com/hal/1342-antas-ltd-sti	unclaimed	2026-07-12
788	Antaş Ltd.ŞTİ	komisyoncu	mersin	oren	Önder DENİZ	0 324 835 16 70	Ören Belediye Hali No :1-2-3-4	https://halkatalogu.com/hal/2542-antas-ltd-sti	unclaimed	2026-07-12
735	Arı Komisyon evi	komisyoncu	mersin	aydincik	Hikmet ARI	0532 526 99 79	Toptancı Sebze Hali No :17	https://halkatalogu.com/hal/1327-ari-komisyon-evi	unclaimed	2026-07-12
871	Arıdağ Komisyon evi	komisyoncu	mersin	tarsus	Mahmut Arıdağ	0324 614 61 05	Sebze Hali No :130	https://halkatalogu.com/hal/1617-aridag-komisyon-evi	unclaimed	2026-07-12
835	Arvas Ticaret	komisyoncu	mersin	sogan	İbrahim ARVAS	0533 470 44 80	Toptancı Hal Kompleksi B-1 Blok No :13	https://halkatalogu.com/hal/1958-arvas-ticaret	unclaimed	2026-07-12
859	Asil Tarım Komisyon evi	komisyoncu	mersin	tarsus	Sinan ERSERIN	0532 232 26 23	Toptancı Sebze Hali no :82	https://halkatalogu.com/hal/1646-asil-tarim-komisyon-evi	unclaimed	2026-07-12
728	Atayurt Sebze Hali	komisyoncu	mersin	atayurt	Mehmet TOPUZ	0 324 721 34 07	Toptancı Sebze Hali No: 18 ATAYURT	https://halkatalogu.com/hal/2890-atayurt-sebze-hali	unclaimed	2026-07-12
741	Ateşler Komisyon evi	komisyoncu	mersin	erdemli	Mesut ATES	0533 556 71 86	Toptancı Sebze Hali No :14	https://halkatalogu.com/hal/1322-atesler-komisyon-evi	unclaimed	2026-07-12
834	Avcılar Tarım Ürünleri	komisyoncu	mersin	sogan	BAYRAM AVCI	0 533 498 90 64	Toptancı Hal Kompleksi B-1 Blok No :10-11	https://halkatalogu.com/hal/2608-avcilar-tarim-urunleri	unclaimed	2026-07-12
755	Aydın Komisyon Evi	komisyoncu	mersin	karpuz	Zeki Aydın	0324 234 68 34	Toptancı Hal Kompleksi C/1 Blok No: 18	https://halkatalogu.com/hal/1629-aydin-komisyon-evi	unclaimed	2026-07-12
732	Aydıncık Hilton Komisyon evi	komisyoncu	mersin	aydincik	M.Ali KARA	0532 251 40 35	Toptancı Sebze Hali Kompleksi No :10	https://halkatalogu.com/hal/1328-aydincik-hilton-komisyon-evi	unclaimed	2026-07-12
758	Aydoğan Komisyon evi	komisyoncu	mersin	karpuz	İbrahim AYDOĞAN	0 324 235 5799	Yeni Hal a/1 Blok No :25	https://halkatalogu.com/hal/2494-aydogan-komisyon-evi	unclaimed	2026-07-12
759	Aydoğan Komisyonevi	komisyoncu	mersin	karpuz	İbrahim AYDOĞAN	0532 282 66 04	Yeni Hal A/1 Blok No :25	https://halkatalogu.com/hal/1945-aydogan-komisyonevi	unclaimed	2026-07-12
797	Ayea Tarım ürünleri	komisyoncu	mersin	sevkiyat	Ekrem AKBAŞ	0 324 235 04 37	Yeni Hal Komp. P BLOK no :6	https://halkatalogu.com/hal/1696-ayea-tarim-urunleri	unclaimed	2026-07-12
794	Azimli Petrol Ürünleri Gıda San.Ltd.Şti	komisyoncu	mersin	sevkiyat	Mehmet AKCUR	0 324 234 82 44	Toptancılar Hal Kompleksi 4.Blok No :1-2	https://halkatalogu.com/hal/1704-azimli-petrol-urunleri-gida-san-ltd-sti	unclaimed	2026-07-12
2832	Babaoğlu Soğuk HAVA	soguk_hava	mersin				??	https://halkatalogu.com/soguk-hava-depolari/2-babaoglu-soguk-hava	unclaimed	2026-07-01
870	Bahar Komisyon evi	komisyoncu	mersin	tarsus	Mazlum GİZER	0532 315 10 04	Toptancı Sebze Hali No :126	https://halkatalogu.com/hal/1647-bahar-komisyon-evi	unclaimed	2026-07-12
750	Bahar ticaret	komisyoncu	mersin	karpuz	Hacı Maşallah ERCENK	0533 578 31 92		https://halkatalogu.com/hal/3031-bahar-ticaret	unclaimed	2026-07-12
718	Baki komisyon evi	komisyoncu	mersin	anamur	ALİ BAKİ	0544 668 48 81		https://halkatalogu.com/hal/3175-baki-komisyon-evi	unclaimed	2026-07-12
664	Baltular Komisyon evi	komisyoncu	mersin	merkez	Şükrü BALTU	0 324 221 50 00 - 0 324 234 90 45		https://halkatalogu.com/hal/1248-baltular-komisyon-evi	unclaimed	2026-07-12
709	Başarır Komisyon evi	komisyoncu	mersin	merkez	Zübeyir BAŞARIR	0 324 234 98 81	Toptancı Hal Kompleksi C Blok No :45	https://halkatalogu.com/hal/1205-basarir-komisyon-evi	unclaimed	2026-07-12
808	Bay Çayır Fileleme Paketleme Komisyon Evi	komisyoncu	mersin	sevkiyat	Yasin ÇAYIR	0535 842 80 11	Yeni Hal Kompleksi M Blok NO :11 Mersin SEVKİYAT	https://halkatalogu.com/hal/2882-bay-cayir-fileleme-paketleme-komisyon-evi	unclaimed	2026-07-12
806	Bayşin Komisyon evi	komisyoncu	mersin	sevkiyat	Ibrahim ANŞIN	0532 417 81 27	Toptancı Hal Kompleksi çok Amaçlı Dükkanlar H Blok no :10 Mersin	https://halkatalogu.com/hal/1706-baysin-komisyon-evi	unclaimed	2026-07-12
881	Beşler Komisyon Mini Haller VE Nakliyat	komisyoncu	mersin	tarsus-sevkiyat	Arif DALKÜREK	0542 243 17 97	Toptancı Sebze Hali Sevkiyat bölümü No :36	https://halkatalogu.com/hal/1752-besler-komisyon-mini-haller-ve-nakliyat	unclaimed	2026-07-12
878	Beşler Mini Hal Limited Şirketi	komisyoncu	mersin	tarsus-sevkiyat			Toptancı Sebze Hali Sevkiyat Bölümü No :10-41-189-190	https://halkatalogu.com/hal/2130-besler-mini-hal-limited-sirketi	unclaimed	2026-07-12
725	Bilgen Komisyon evi	komisyoncu	mersin	atayurt	Mevlit BİLGEN	0532 771 96 51	Sebze Hali No :10	https://halkatalogu.com/hal/2055-bilgen-komisyon-evi	unclaimed	2026-07-12
874	Biliciler Komisyon evi	komisyoncu	mersin	tarsus	Sait BİLİCİ	0532 585 50 81	Toptancı Sebze Hali No :139	https://halkatalogu.com/hal/1649-biliciler-komisyon-evi	unclaimed	2026-07-12
754	Birlik Kavun-Karpuz ve Narenciye Komisyoncusu	komisyoncu	mersin	karpuz	Haydar Ortakçı	0324 234 49 82	Yeni Hal Kompleksi C-1 Blok No: 8	https://halkatalogu.com/hal/1631-birlik-kavun-karpuz-ve-narenciye-komisyoncusu	unclaimed	2026-07-12
716	Birlik Tarım	komisyoncu	mersin	anamur	Meral ÖZATLI	0533 491 57 61	Toptancı Sebze Hali No :15	https://halkatalogu.com/hal/1344-birlik-tarim	unclaimed	2026-07-12
885	Boranlar Tarım Ürünleri Boranlar Komisyon Evi	komisyoncu	mersin	tarsus-sevkiyat			Toptancı Hal Kompleksi Sevkiyat Bölümü Büyük Ardiyeler Bölümü No :46 TARSUS	https://halkatalogu.com/hal/2843-boranlar-tarim-urunleri-boranlar-komisyon-evi	unclaimed	2026-07-12
707	Botan Komisyon evi	komisyoncu	mersin	merkez	Selahattin ALTAY	0 324 235 19 78	Toptancı Hal Kompleksi g-1 Blk No 44	https://halkatalogu.com/hal/1268-botan-komisyon-evi	unclaimed	2026-07-12
747	Boynuinceli komisyon evi	komisyoncu	mersin	erdemli	İhsan SERİN	0532 599 34 48	Toptancı Sebze Hali No :35	https://halkatalogu.com/hal/1323-boynuinceli-komisyon-evi	unclaimed	2026-07-12
778	Boyvada Komisyon Evi	komisyoncu	mersin	mut	Hacı Mehmet BOYVADA	0 324 774 19 70	Toptancı Sebze Hali NO:7 MUT / MERSİN	https://halkatalogu.com/hal/2900-boyvada-komisyon-evi	unclaimed	2026-07-12
882	Bozdağ Tarım Ürünleri	komisyoncu	mersin	tarsus-sevkiyat	Ramazan BOZDAĞ	0532 284 30 88	Toptancı Hali Sevkiyat Bölümü No :39	https://halkatalogu.com/hal/2145-bozdag-tarim-urunleri	unclaimed	2026-07-12
855	Bozoğlu Komisyon evi	komisyoncu	mersin	tarsus	Mustafa BOZOĞLU	0532 479 77 91	Toptancı sebze hali No :55	https://halkatalogu.com/hal/1650-bozoglu-komisyon-evi	unclaimed	2026-07-12
842	Bozoğlu Komisyonevi	komisyoncu	mersin	tarsus			Toptancı Sebze Hali No :12	https://halkatalogu.com/hal/1651-bozoglu-komisyonevi	unclaimed	2026-07-12
848	Burçak 27 Komisyon evi	komisyoncu	mersin	tarsus	BURÇAK	0532 431 56 40		https://halkatalogu.com/hal/1652-burcak-27-komisyon-evi	unclaimed	2026-07-12
736	Çabuk Komisyon evi	komisyoncu	mersin	aydincik	Durali ÇABUK	841 20 91	Belediye Sebze Hali No :22	https://halkatalogu.com/hal/1330-cabuk-komisyon-evi	unclaimed	2026-07-12
896	Cafer asa komisyon evi	komisyoncu	mersin	tekmen	CAFER ASA	0544 766 55 80		https://halkatalogu.com/hal/3153-cafer-asa-komisyon-evi	unclaimed	2026-07-12
879	Çalışkanlar Sevkiyat ve Komisyon	komisyoncu	mersin	tarsus-sevkiyat	İshak OZAN	0533 238 97 54	Toptancı Sebze Hali Sevkiyat bölümü No :11	https://halkatalogu.com/hal/2140-caliskanlar-sevkiyat-ve-komisyon	unclaimed	2026-07-12
671	Canatan Komisyon evi	komisyoncu	mersin	merkez		0 324 04 94 - 0 324 234 04 95	Toptancı Hal Kompleksi e-1 Blok No :6	https://halkatalogu.com/hal/1234-canatan-komisyon-evi	unclaimed	2026-07-12
677	Çayır komisyon evi	komisyoncu	mersin	merkez			No 12	https://halkatalogu.com/hal/2809-cayir-komisyon-evi	unclaimed	2026-07-12
793	Çayıroğulları Tarım Ürünleri	komisyoncu	mersin	sevkiyat	İsmet ÇAYIR	0 324 234 03 90 - 234 48 20	Soğuk Hava Deposu P Blon No :1-2-3-4-5	https://halkatalogu.com/hal/1709-cayirogullari-tarim-urunleri	unclaimed	2026-07-12
760	Çekinler Komisyon evi	komisyoncu	mersin	karpuz	Mahmut ÇEKİN	0 324 234 1285	Toptancı Hal Kompleksi A-1 Blok No :26	https://halkatalogu.com/hal/2495-cekinler-komisyon-evi	unclaimed	2026-07-12
670	Çelik Turan Komisyon evi	komisyoncu	mersin	merkez		0 324 235 09 45	Toptancılar Hal Kompleksi D-1 Blok No :4	https://halkatalogu.com/hal/1222-celik-turan-komisyon-evi	unclaimed	2026-07-12
722	Çevikler Tarım Ürünleri	komisyoncu	mersin	atayurt	Hasan ÇEVİK	0 324 721 23 18	Soğuk Hava Ve Paketleme Tesisleri Sebze Hali No :1 ATAYURT	https://halkatalogu.com/hal/2545-cevikler-tarim-urunleri	unclaimed	2026-07-12
868	Cihan 124 komisyon evi	komisyoncu	mersin	tarsus	Ali CANTÜRK	0536 501 76 39		https://halkatalogu.com/hal/3036-cihan-124-komisyon-evi	unclaimed	2026-07-12
865	Çukurova tarım komisyon evi	komisyoncu	mersin	tarsus	Abdullah DÖŞLÜ	0532 468 84 27		https://halkatalogu.com/hal/3144-cukurova-tarim-komisyon-evi	unclaimed	2026-07-12
846	Dallar Komisyon Komisyon evi	komisyoncu	mersin	tarsus	Mehmet Şerif DAL	0 324 613 1631	Yeni Sebze Hali No :21	https://halkatalogu.com/hal/2539-dallar-komisyon-komisyon-evi	unclaimed	2026-07-12
887	Danyal Tarım	komisyoncu	mersin	tarsus-sevkiyat			Toptancı Sebze Hali Sevkiyat Bölümü No: 64	https://halkatalogu.com/hal/1640-danyal-tarim	unclaimed	2026-07-12
820	Dayı Yeğen Komisyon evi	komisyoncu	mersin	sevkiyat	Zabit KAPLAN	0542 542 08 42	Toptancı Hal Kompleksi L Blok No :24	https://halkatalogu.com/hal/1711-dayi-yegen-komisyon-evi	unclaimed	2026-07-12
796	Delal Komisyon evi	komisyoncu	mersin	sevkiyat	Şükrü BOZAN	0533 244 22 39	Toptancı Sebze Hali 2.Blok No :6 7	https://halkatalogu.com/hal/1712-delal-komisyon-evi	unclaimed	2026-07-12
710	Demet ticaret komisyon evi	komisyoncu	mersin	merkez	Abdullah DÜNDAR	0532 457 72 14		https://halkatalogu.com/hal/3143-demet-ticaret-komisyon-evi	unclaimed	2026-07-12
673	Dervişoğlu Komisyon evi	komisyoncu	mersin	merkez	Dervişoğlu	0 324 235 77 96 - 234 99 52	Yeni Hal Kompleksi H1 Blok No :9	https://halkatalogu.com/hal/1276-dervisoglu-komisyon-evi	unclaimed	2026-07-12
822	Dinçerler Narenciye Paketleme Tesisi	komisyoncu	mersin	sevkiyat	Metin DINÇER	0 324 234 54 28	toptancı Hal Kompleksi Sevkiyatçılar bölümü O - Blok No :27 Mersin	https://halkatalogu.com/hal/1714-dincerler-narenciye-paketleme-tesisi	unclaimed	2026-07-12
742	Dölekler Komisyon evi	komisyoncu	mersin	erdemli			Belediye Sebze Hali No :25	https://halkatalogu.com/hal/1802-dolekler-komisyon-evi	unclaimed	2026-07-12
850	Döşlüler Komisyon evi	komisyoncu	mersin	tarsus	Osman DÖŞLÜ	0 324 624 26 77	Yeni Hal No :33	https://halkatalogu.com/hal/1814-dosluler-komisyon-evi	unclaimed	2026-07-12
783	Dostlar Komisyon evi	komisyoncu	mersin	mut	Zeki CÜCE	0533 233 67 12	Toptancı Sebze Hali No :18	https://halkatalogu.com/hal/1337-dostlar-komisyon-evi	unclaimed	2026-07-12
803	Durmaz -2 - Komisyon	komisyoncu	mersin	sevkiyat	Mehmet DURMAZ	0 324 235 58 00	Toptancı Hal Kompleksi Sevkiyatçılar Bölümü 2.Blok No :9.10	https://halkatalogu.com/hal/1716-durmaz-2-komisyon	unclaimed	2026-07-12
816	Durmaz -2 - Komisyon	komisyoncu	mersin	sevkiyat	Mehmet DURMAZ	0533 779 46 88	Toptancı Hal Kompleksi Sevkiyatçılar Bölümü 4 Blok no :21	https://halkatalogu.com/hal/1715-durmaz-2-komisyon	unclaimed	2026-07-12
746	Durmuşlar Komisyon evi	komisyoncu	mersin	erdemli	Ali DURMUŞ	0532 427 70 99	Belediye Sebze Hali No :34	https://halkatalogu.com/hal/1798-durmuslar-komisyon-evi	unclaimed	2026-07-12
825	Efendiler Komisyon evi	komisyoncu	mersin	sevkiyat	Bekir BARAN	0 324 234 83 55	Toptancı Hal Kompleksi L Blok No :31	https://halkatalogu.com/hal/1717-efendiler-komisyon-evi	unclaimed	2026-07-12
686	Emek Ticaret Komisyon evi	komisyoncu	mersin	merkez	Sait KILIČASLAN	0 324 234 12 49	Toptancı Hal Kompleksi F-Blok No :21	https://halkatalogu.com/hal/1246-emek-ticaret-komisyon-evi	unclaimed	2026-07-12
858	Erdal Komisyon evi	komisyoncu	mersin	tarsus			Toptancı Sebze Hali No :82	https://halkatalogu.com/hal/1658-erdal-komisyon-evi	unclaimed	2026-07-12
763	Erdemci Komisyon	komisyoncu	mersin	karpuz	Sadullah ERDEMCİ	0532 324 52 63	Toptancılar Sebze Kompleksi a-1 Blok No :32	https://halkatalogu.com/hal/1943-erdemci-komisyon	unclaimed	2026-07-12
875	Erserinler Komisyon evi	komisyoncu	mersin	tarsus	Yahya ERSERİN	0532 483 30 43	Toptancı Sebze Hali No :142	https://halkatalogu.com/hal/1809-erserinler-komisyon-evi	unclaimed	2026-07-12
751	Ertaşlar Komisyon evi	komisyoncu	mersin	karpuz	Salih ERTAŞ	0532 323 28 53	Toptancı Hal Kompleksi C-1 Blok No .5 MERSİN	https://halkatalogu.com/hal/2611-ertaslar-komisyon-evi	unclaimed	2026-07-12
894	Ertavlar Komisyon evi	komisyoncu	mersin	tarsus-sevkiyat	Hikmet ERTAV	0532 584 14 19	Toptancı Hal Kompleksi Sevkiyat Bölümü No :46	https://halkatalogu.com/hal/2123-ertavlar-komisyon-evi	unclaimed	2026-07-12
743	Evlik Komisyon evi	komisyoncu	mersin	erdemli	Alim EVLİK	0533 215 14 04	Toptancı Sebze Hali No :26	https://halkatalogu.com/hal/1803-evlik-komisyon-evi	unclaimed	2026-07-12
777	Evren Komisyon Evi	komisyoncu	mersin	mut	Mustafa EVREN	774 08 08	Toptancı Sebze Hali No: 6 Mut / MERSİN	https://halkatalogu.com/hal/2896-evren-komisyon-evi	unclaimed	2026-07-12
897	Fakı komisyon evi	komisyoncu	mersin	tekmen	SÜLEYMAN FAKI	0532 790 62 23		https://halkatalogu.com/hal/3154-faki-komisyon-evi	unclaimed	2026-07-12
838	Gayda Tarım	komisyoncu	mersin	sogan	Orhan ÇİĞLİ	0532 712 38 69	Toptancı Hal Kompleksi A-1 Blok No :22-23	https://halkatalogu.com/hal/1960-gayda-tarim	unclaimed	2026-07-12
792	Gimat Market Komisyon evi	komisyoncu	mersin	sevkiyat	Mehmet EKER	0 354 217 50 03	Ankara Yolu 7 KM	https://halkatalogu.com/hal/1720-gimat-market-komisyon-evi	unclaimed	2026-07-12
893	Gön-Kart Tarım	komisyoncu	mersin	tarsus-sevkiyat	Muhammet GÖNDER	0507 351 87 79	Merkez Yeni Hal Sevkiyat Bölümü no :200	https://halkatalogu.com/hal/1690-gon-kart-tarim	unclaimed	2026-07-12
867	Gözde Komisyonevi	komisyoncu	mersin	tarsus	Muhsin DAĞLI	0533 262 47 99	Toptancı Sebze Hali No :123	https://halkatalogu.com/hal/1662-gozde-komisyonevi	unclaimed	2026-07-12
678	Güçler Komisyon evi	komisyoncu	mersin	merkez	Şakir GÜÇ	0 324 235 13 34	Yeni Hal Kompleksi K-1 blok No :13	https://halkatalogu.com/hal/1282-gucler-komisyon-evi	unclaimed	2026-07-12
733	Gülle Komisyon evi	komisyoncu	mersin	aydincik	Bülent GÜLLE	0533 452 27 15	Toptancı Sebze Hali No :15	https://halkatalogu.com/hal/1331-gulle-komisyon-evi	unclaimed	2026-07-12
804	Gündüzler Ticaret- Nakliyat	komisyoncu	mersin	sevkiyat	Cem GÜNDÜZ	0539 458 86 29	Toptancı Hal Kompleksi R Blok No :10	https://halkatalogu.com/hal/2128-gunduzler-ticaret-nakliyat	unclaimed	2026-07-12
780	Güzeller Komisyon Evi	komisyoncu	mersin	mut	Habip GÜZELLER	0533 476 91 21	Toptancı Sebze Hali No: 10 MUT / MERSİN	https://halkatalogu.com/hal/2902-guzeller-komisyon-evi	unclaimed	2026-07-12
833	Güzhan Ticaret	komisyoncu	mersin	sogan	Behrem GÜZHAN	0532 526 77 34	Yeni Hal Kompleksi A-1 Blok No :9	https://halkatalogu.com/hal/1957-guzhan-ticaret	unclaimed	2026-07-12
668	Hacı Baba Komisyon evi	komisyoncu	mersin	merkez	Yusuf AKKUM	0 324 234 70 18	Toptancı Hal Kompleksi F-1 Blk No :4	https://halkatalogu.com/hal/1253-haci-baba-komisyon-evi	unclaimed	2026-07-12
708	Hacı Baba Ticaret Komisyon Evi Hacı Baba Ticaret Tarım Ürünleri	komisyoncu	mersin	merkez			Toptancı Sebze Hali F-1 Blok No-45-46	https://halkatalogu.com/hal/2819-haci-baba-ticaret-komisyon-evi-haci-baba-ticaret-tarim-urunleri	unclaimed	2026-07-12
683	Hacı Erdinç Komisyon evi	komisyoncu	mersin	merkez	Hacı Erdinç	0 324 234 57 06	Toptancı Hal Kompleksi g1 Blok No :19	https://halkatalogu.com/hal/1267-haci-erdinc-komisyon-evi	unclaimed	2026-07-12
791	Haktan tarım haktan komisyon evi	komisyoncu	mersin	sevkiyat	Veysi BOZAN	0533 760 97 60		https://halkatalogu.com/hal/3240-haktan-tarim-haktan-komisyon-evi	unclaimed	2026-07-12
895	Halis asa	komisyoncu	mersin	tekmen	Halis ASA	0533 419 58 87		https://halkatalogu.com/hal/3168-halis-asa	unclaimed	2026-07-12
831	Halis Paketleme	komisyoncu	mersin	sogan	Halis KAYIKCI	0 324 234 90 84	Yeni Hal Kompleksi B-1 Blok No :5-6	https://halkatalogu.com/hal/1953-halis-paketleme	unclaimed	2026-07-12
766	Hizmet Komisyon evi	komisyoncu	mersin	karpuz	M. Sakin Bingöl	0324 234 71 66	Yeni Hal Kompleksi A-1 Blok No: 39	https://halkatalogu.com/hal/1633-hizmet-komisyon-evi	unclaimed	2026-07-12
812	Huzur Ticaret	komisyoncu	mersin	sevkiyat	Sabahattin USTA	0 324 234 93 32	Teni Sebze hali L Blok No :14	https://halkatalogu.com/hal/1723-huzur-ticaret	unclaimed	2026-07-12
720	İbretler Tarım Ve Nakliyat Komisyon & Muz Sarartma	komisyoncu	mersin	anamur	Esat İBRET	0533 396 79 54	Toptancı Sebze Hali e Blok :32	https://halkatalogu.com/hal/1348-ibretler-tarim-ve-nakliyat-komisyon-muz-sarartma	unclaimed	2026-07-12
692	İki Kardeş Komisyon evi	komisyoncu	mersin	merkez	Kemal KURTULUŞ	0 324 235 52 79	Toptancılar Hal Kompleksi e-1 Blok No :27	https://halkatalogu.com/hal/1237-iki-kardes-komisyon-evi	unclaimed	2026-07-12
693	İki Kardeş Komisyon evi	komisyoncu	mersin	merkez	Kemal KURTULUŞ	0535 699 12 12	Toptancı Hal Kompleksi E-1 Blok No :28 MERSİN	https://halkatalogu.com/hal/2612-iki-kardes-komisyon-evi	unclaimed	2026-07-12
866	İnci Komisyon Evi İnci Tarım Ürünleri	komisyoncu	mersin	tarsus		0 324 614 30 66	Toptancı Sebze Hali No:121 TARSUS	https://halkatalogu.com/hal/2833-inci-komisyon-evi-inci-tarim-urunleri	unclaimed	2026-07-12
724	Işık Tarım Ürünleri	komisyoncu	mersin	atayurt	Kerem IŞIK	0532 334 56 54	Sebze Hali a-Blok No :8	https://halkatalogu.com/hal/1921-isik-tarim-urunleri	unclaimed	2026-07-12
824	İslamoğlu Gıda San .	komisyoncu	mersin	sevkiyat	Osman Türkoğulları	0 324 235 48 96	Yeni Hal Kompleksi j 1 Blok No :31	https://halkatalogu.com/hal/1724-islamoglu-gida-san	unclaimed	2026-07-12
734	İtimat Komisyon evi	komisyoncu	mersin	aydincik	Turgut DUT	0532 670 10 54	Toptancı Sebze Hali No :16	https://halkatalogu.com/hal/1332-itimat-komisyon-evi	unclaimed	2026-07-12
752	İtimat Yaş Komisyon evi	komisyoncu	mersin	karpuz	Lütfi İnan	0324 234 12 31	Yeni Hal Kompleksi C-1 Blok No: 6	https://halkatalogu.com/hal/1634-itimat-yas-komisyon-evi	unclaimed	2026-07-12
851	İzol Komisyonevi	komisyoncu	mersin	tarsus	Bekir KOYLINCU	0532 452 47 83	Toptancı Sebze Hali No :33-34	https://halkatalogu.com/hal/1665-izol-komisyonevi	unclaimed	2026-07-12
876	İzol Komisyonevi	komisyoncu	mersin	tarsus-sevkiyat	Bekir KOYLINCU	0532 452 47 83	Toptancı Sebze Hali Sevkiyat Bölümü No :1	https://halkatalogu.com/hal/2127-izol-komisyonevi	unclaimed	2026-07-12
786	Kandillioğlu Komisyonevi	komisyoncu	mersin	mut	Enver ÜTÜK	0532 664 99 06	Hal No :22	https://halkatalogu.com/hal/1819-kandillioglu-komisyonevi	unclaimed	2026-07-12
813	Kanioğlu Komisyon evi	komisyoncu	mersin	sevkiyat	Hatip KANİOĞLU	0 324 234 8903	Sevkiyat Bölümü P Blok No :15	https://halkatalogu.com/hal/1725-kanioglu-komisyon-evi	unclaimed	2026-07-12
814	Kanioğlu Komisyon evi	komisyoncu	mersin	sevkiyat	Hatip KANİOĞLU	0532 462 47 45	Sevkiyat Bölümü P Blok No :15	https://halkatalogu.com/hal/1699-kanioglu-komisyon-evi	unclaimed	2026-07-12
860	Kanlıbıçaklar Komisyon evi	komisyoncu	mersin	tarsus			Toptancı Sebze Hali No :84	https://halkatalogu.com/hal/1666-kanlibicaklar-komisyon-evi	unclaimed	2026-07-12
689	Kara Narenciye Paketleme Tesisi	komisyoncu	mersin	merkez	Duran KARA	0 324 577 18 84	Toptancılar Hal Kompleksi F1 Blok No :25	https://halkatalogu.com/hal/1311-kara-narenciye-paketleme-tesisi	unclaimed	2026-07-12
748	Kara Narenciye Paketleme Tesisi	komisyoncu	mersin	erdemli	Duran KARA	0532 716 98 53	Toptancı Hali No :64	https://halkatalogu.com/hal/1324-kara-narenciye-paketleme-tesisi	unclaimed	2026-07-12
690	Karaca Komisyon evi	komisyoncu	mersin	merkez		0 324 234 11 73	Toptancı Hal Kompleksi E1 Blok No :25	https://halkatalogu.com/hal/1233-karaca-komisyon-evi	unclaimed	2026-07-12
886	Karadeniz Sevkiyat	komisyoncu	mersin	tarsus-sevkiyat	Enver KÜÇÜK	0532 700 40 67	Toptancı Hali Sevkiyat Bölümü No :50	https://halkatalogu.com/hal/2124-karadeniz-sevkiyat	unclaimed	2026-07-12
823	Kardelen Sevkiyat Komisyon evi	komisyoncu	mersin	sevkiyat	Kemal Çalışkan	0 324 235 91 98	Yeni Hal Kompleksi Sevkiyatçılar bölümü j1 Blok No :30	https://halkatalogu.com/hal/1726-kardelen-sevkiyat-komisyon-evi	unclaimed	2026-07-12
684	Kardeş Ticaret Komisyon evi	komisyoncu	mersin	merkez	Fırat DÜNDAR	0 324 235 57 49	Toptancı Hal Kompleksi H1 Blok No :20	https://halkatalogu.com/hal/1274-kardes-ticaret-komisyon-evi	unclaimed	2026-07-12
782	Kardeşler Komisyonevi	komisyoncu	mersin	mut	İsmail ÖZER	0539 847 20 92	Toptancı Hali no :16	https://halkatalogu.com/hal/1820-kardesler-komisyonevi	unclaimed	2026-07-12
737	Kasapoğlu komisyon evi	komisyoncu	mersin	bozyazi				https://halkatalogu.com/hal/3157-kasapoglu-komisyon-evi	unclaimed	2026-07-12
767	Kaya Komisyon evi	komisyoncu	mersin	karpuz	Nusret ÖZKAN	0 324 235 4236	Toptancı Hal Kompleksi A-1 Blok No :40	https://halkatalogu.com/hal/2491-kaya-komisyon-evi	unclaimed	2026-07-12
768	Kaya Komisyonevi	komisyoncu	mersin	karpuz	Nusret ÖZKAN	0532 203 17 71	Toptancı Hal Kompleksi a-1 BLok No :40	https://halkatalogu.com/hal/1942-kaya-komisyonevi	unclaimed	2026-07-12
769	Kaya Komisyonevi	komisyoncu	mersin	karpuz	Nusret ÖZKAN	0532 203 17 71	Toptancı Hal Kompleksi a-1 BLok No :40	https://halkatalogu.com/hal/1941-kaya-komisyonevi	unclaimed	2026-07-12
694	Kayalar Komisyon evi	komisyoncu	mersin	merkez	Beşir KAYA	0532 445 21 06	Yeni Hal Kompleksi H-1 Blk no :28	https://halkatalogu.com/hal/1278-kayalar-komisyon-evi	unclaimed	2026-07-12
665	Kayanlar Komisyon Evi Kayanlar Tarım ürünleri	komisyoncu	mersin	merkez	Bahattin KAYAN	0532 676 89 56	Toptancı Sebze Hali D-1 Blok No :3 Mersin	https://halkatalogu.com/hal/2817-kayanlar-komisyon-evi-kayanlar-tarim-urunleri	unclaimed	2026-07-12
861	Kılıç kardeşler komisyon evi	komisyoncu	mersin	tarsus	Selamettin KILIÇ	0532 165 10 89		https://halkatalogu.com/hal/3145-kilic-kardesler-komisyon-evi	unclaimed	2026-07-12
849	Kılıçlar Komisyon evi	komisyoncu	mersin	tarsus	Remzi KILIÇ	0533 770 43 85	Yeni Sebze Hali No :31	https://halkatalogu.com/hal/1668-kiliclar-komisyon-evi	unclaimed	2026-07-12
836	Kılınçarslan Tarım	komisyoncu	mersin	sogan	Mehmet KILIÇARSLAN	0533 523 88 31	Yeni Hal Komp. B1 Blok no :15-16-17	https://halkatalogu.com/hal/1951-kilincarslan-tarim	unclaimed	2026-07-12
738	Kısaoğulları Tarım Ürünleri	komisyoncu	mersin	bozyazi	Nuri KISAOĞLU	0532 611 62 81	Sebze Hali No :3-4	https://halkatalogu.com/hal/1806-kisaogullari-tarim-urunleri	unclaimed	2026-07-12
676	Kısmet komisyon evi	komisyoncu	mersin	merkez	Cemal ORAK	0532 271 22 32		https://halkatalogu.com/hal/3030-kismet-komisyon-evi	unclaimed	2026-07-12
826	Kömürcüoğulları Komisyon evi	komisyoncu	mersin	sevkiyat	H. Mahmut KÖMÜRCÜ	0532 570 24 08	Toptancı Hal Kompleksi R Blok No :31 Mersin	https://halkatalogu.com/hal/1692-komurcuogullari-komisyon-evi	unclaimed	2026-07-12
701	Kula Tarım ürünleri komisyon evi	komisyoncu	mersin	merkez	M. Emin KULA	0 324 235 65 35	Toptancı Hal Kompleksi K-1 BLok No :32	https://halkatalogu.com/hal/1670-kula-tarim-urunleri-komisyon-evi	unclaimed	2026-07-12
682	Kurtuluş Gıda Komisyon evi	komisyoncu	mersin	merkez	Mustafa Hakan KURTULUŞ	0 324 234 07 38	Toptancı Hal Kompleksi F1 Blok No :19	https://halkatalogu.com/hal/1313-kurtulus-gida-komisyon-evi	unclaimed	2026-07-12
696	Kurtuluş Komisyon evi	komisyoncu	mersin	merkez	Yusuf KURTULUŞ	0 324 234 90 55	Toptancı Hal Kompleksi C Blok No :28	https://halkatalogu.com/hal/1206-kurtulus-komisyon-evi	unclaimed	2026-07-12
853	Levent Komisyon evi	komisyoncu	mersin	tarsus	Levent ÇIPLAK	0532 738 87 32	Yeni Hal No :44	https://halkatalogu.com/hal/1813-levent-komisyon-evi	unclaimed	2026-07-12
821	Mansızlar	komisyoncu	mersin	sevkiyat	Enver MANSIZ	0 324 235 36 96	Toptancı Hal Kompleksi M Blok No :25	https://halkatalogu.com/hal/1728-mansizlar	unclaimed	2026-07-12
818	Marka Alışveriş Merkezleri	komisyoncu	mersin	sevkiyat		0 324 235 61 16	Yeni Hal Kompleksi Sevkiyatcılar 2 BLok No :23-24	https://halkatalogu.com/hal/1729-marka-alisveris-merkezleri	unclaimed	2026-07-12
702	Mersa Komisyon evi	komisyoncu	mersin	merkez	Ali TEKİNDAĞ	0 324 234 06 43	Toptancı Hal Kompleksi f-1 Blk No :34	https://halkatalogu.com/hal/1257-mersa-komisyon-evi	unclaimed	2026-07-12
2833	Mersin Toptancı Hal Kompleksi Motorlu Taşıyıcılar Kooperatifi	nakliye	mersin			0 324 234 7228	Toptancı Hal Kompleksi Çok Amaçlı Dükkanlar B-Blok No :1-2-3	https://halkatalogu.com/nakliyeciler/3-mersin-toptanci-hal-kompleksi-motorlu-tasiyicilar-kooperatifi	unclaimed	2026-07-01
675	Mervan Ticaret Komisyon evi	komisyoncu	mersin	merkez	Emin ABI	0 324 235 15 50	Toptancı Hal Kompleksi E BLok No :10	https://halkatalogu.com/hal/1315-mervan-ticaret-komisyon-evi	unclaimed	2026-07-12
841	Meskom Komisyon evi	komisyoncu	mersin	tarsus	Kenan CAN	0532 791 86 32	Sebze Hali No :2	https://halkatalogu.com/hal/1671-meskom-komisyon-evi	unclaimed	2026-07-12
864	Mim Tar Komisyon evi	komisyoncu	mersin	tarsus	Mehmet ALP	0532 411 60 46	Yeni Hal No :117	https://halkatalogu.com/hal/1672-mim-tar-komisyon-evi	unclaimed	2026-07-12
744	Mustafa SERİN Komisyon evi	komisyoncu	mersin	erdemli	Mustafa SERİN	0553 744 34 16	Belediye Sebze Hali No :27	https://halkatalogu.com/hal/1800-mustafa-serin-komisyon-evi	unclaimed	2026-07-12
765	Necati Antmen Komisyon evi	komisyoncu	mersin	karpuz	Necati Antmen	0324 234 21 66	Toptancı Hal Kompleksi A - 1 Blok No: 35	https://halkatalogu.com/hal/1635-necati-antmen-komisyon-evi	unclaimed	2026-07-12
844	Nergizoğlu Tarım Ve Tarım Ürünleri Üretimi	komisyoncu	mersin	tarsus	Mehmet NERGİZ	0532 317 29 71	Toptancı Sebze Hali No :17	https://halkatalogu.com/hal/1674-nergizoglu-tarim-ve-tarim-urunleri-uretimi	unclaimed	2026-07-12
819	Nihat KARABÖCEK	komisyoncu	mersin	sevkiyat	Ferruh ALHAN TOKAT	0532 247 11 05	Toptancı Sebze Hali V Blok No: 24	https://halkatalogu.com/hal/2897-nihat-karabocek	unclaimed	2026-07-12
756	Nur 1 Komisyon evi	komisyoncu	mersin	karpuz	YAŞAR ÖZKAN	0532 501 13 87	Toptancı Hal Kompleksi C-1 Blok No :23- A-1 Blok No :30 MERSİN	https://halkatalogu.com/hal/2609-nur-1-komisyon-evi	unclaimed	2026-07-12
762	Nur Ticaret Komisyon evi	komisyoncu	mersin	karpuz	Ahmet Özkan	0324 234 35 46	Toptancı Hal Kompleksi A - 1 Blok No: 29	https://halkatalogu.com/hal/1636-nur-ticaret-komisyon-evi	unclaimed	2026-07-12
699	Nurdoğan Komisyon evi	komisyoncu	mersin	merkez	Cevdet Nurdoğan	0 324 234 18 16	Toptancı Hal Kompleksi B Blok No :31	https://halkatalogu.com/hal/1197-nurdogan-komisyon-evi	unclaimed	2026-07-12
761	Nursa Komisyon evi	komisyoncu	mersin	karpuz	Nuri Aksu	0324 234 23 27	Yeni Hal Kompleksi A Blok No: 27	https://halkatalogu.com/hal/1637-nursa-komisyon-evi	unclaimed	2026-07-12
840	Okan Komisyonevi	komisyoncu	mersin	tarsus	Mehmet CAN	0532 231 08 80	Toptancı Sebze Hali No :1	https://halkatalogu.com/hal/1675-okan-komisyonevi	unclaimed	2026-07-12
789	Öncel Komisyon Evi	komisyoncu	mersin	oren	Baki ÖNCEL	0535 558 38 1３	Toptancı Sebze Hali No: 31 ÖREN/ANAMUR	https://halkatalogu.com/hal/2874-oncel-komisyon-evi	unclaimed	2026-07-12
680	Önderoğlu komisyon evi	komisyoncu	mersin	merkez	Doğan ÖNDER	0533 712 73 23		https://halkatalogu.com/hal/3084-onderoglu-komisyon-evi	unclaimed	2026-07-12
852	Orhan Komisyon evi	komisyoncu	mersin	tarsus	Süleyman BASALAK	0507 312 32 55	Yeni Hal No :39	https://halkatalogu.com/hal/1676-orhan-komisyon-evi	unclaimed	2026-07-12
753	Ortakçı Tarım Ürünleri	komisyoncu	mersin	karpuz	Serdar Ortakçı	0324 234 49 82	Yeni Hal Kompleksi C Blok No: 8	https://halkatalogu.com/hal/1638-ortakci-tarim-urunleri	unclaimed	2026-07-12
739	Öz Aydınlar Muz Sarartma Ve Komisyonevi	komisyoncu	mersin	bozyazi	Halil AYDIN	0532 767 25 58	Toptancı Hal No :B-4	https://halkatalogu.com/hal/1805-oz-aydinlar-muz-sarartma-ve-komisyonevi	unclaimed	2026-07-12
771	ÖZ Bingöl Kavun-Karpuz Komisyoncusu	komisyoncu	mersin	karpuz	Ramazan BINGÖL	0532 367 77 98	Toptancı Hal Kompleksi A-1 Blok no :41	https://halkatalogu.com/hal/1944-oz-bingol-kavun-karpuz-komisyoncusu	unclaimed	2026-07-12
770	Öz Bingöl Komisyon evi	komisyoncu	mersin	karpuz	Ramazan BINGÖL	0 324 234 0487	Toptancı Hal Kompleksi A-1 Blok No :41	https://halkatalogu.com/hal/2493-oz-bingol-komisyon-evi	unclaimed	2026-07-12
884	Öz Çağlar Tarım Ürünleri Öz Çağlar Komisyon evi	komisyoncu	mersin	tarsus-sevkiyat	Müslüm ÇAĞLAR	0539 246 70 13	Toptancı Sebze Hali Sevkiyat Bölümü No :44	https://halkatalogu.com/hal/1691-oz-caglar-tarim-urunleri-oz-caglar-komisyon-evi	unclaimed	2026-07-12
898	Öz ertuğrul komisyon evi tarım ürünleri	komisyoncu	mersin	tekmen	MUSTAFA ERTUĞRUL	0533 471 10 62		https://halkatalogu.com/hal/3222-oz-ertugrul-komisyon-evi-tarim-urunleri	unclaimed	2026-07-12
873	Öz genç yaşa komisyon evi	komisyoncu	mersin	tarsus	Fahri GENÇ	0532 351 46 83		https://halkatalogu.com/hal/3214-oz-genc-yasa-komisyon-evi	unclaimed	2026-07-12
666	Öz Hacı Baba Komisyon evi Öz Hacı Baba Tarım Ürünleri	komisyoncu	mersin	merkez	Mehmet ÇALIŞ	0 324 234 3544	Toptancı Hal Kompleksi F-1 Blok No :3	https://halkatalogu.com/hal/2506-oz-haci-baba-komisyon-evi-oz-haci-baba-tarim-urunleri	unclaimed	2026-07-12
772	Öz İnan Narenciye Paketleme	komisyoncu	mersin	karpuz	Abdullah İNAN	0 324 234 5128	Toptancı Hal a-1 Blok No :42	https://halkatalogu.com/hal/2496-oz-inan-narenciye-paketleme	unclaimed	2026-07-12
773	Öz İnan Narenciye Paketleme	komisyoncu	mersin	karpuz	Abdullah İNAN	0532 512 34 35	Toptancı Hal Kompleksi a-1 Blok no :42	https://halkatalogu.com/hal/1947-oz-inan-narenciye-paketleme	unclaimed	2026-07-12
774	Öz Karaca Kavun-Karpuz Narenciye Ticaret	komisyoncu	mersin	karpuz	Durmuş BALLIKAYAssistant	0 324 234 5445	Yeni Hal Kompleksi A-1 Blok No :43-44-45-	https://halkatalogu.com/hal/2497-oz-karaca-kavun-karpuz-narenciye-ticaret	unclaimed	2026-07-12
775	Öz Karaca Ticaret	komisyoncu	mersin	karpuz	Durmuş BALLIKAYA	0532 448 32 51	Yeni Hal Kompleksi A-1 Blok No :43-44-45	https://halkatalogu.com/hal/1948-oz-karaca-ticaret	unclaimed	2026-07-12
862	Öz Kılıçlar Komisyon evi	komisyoncu	mersin	tarsus	Cahit KILIÇ	0533 561 69 24	Hal No :108	https://halkatalogu.com/hal/1811-oz-kiliclar-komisyon-evi	unclaimed	2026-07-12
779	Öz Komisyon evi	komisyoncu	mersin	mut	Ceylan ÖZ	0537 778 79 78	Hal No :9	https://halkatalogu.com/hal/1817-oz-komisyon-evi	unclaimed	2026-07-12
839	Öz Niğdeliler Komisyon	komisyoncu	mersin	sogan	Yılmaz EROL	0532 203 25 68	Yeni Hal Kompleksi B-1 Blok No :22-23	https://halkatalogu.com/hal/1954-oz-nigdeliler-komisyon	unclaimed	2026-07-12
687	Öz önderler komisyon evi	komisyoncu	mersin	merkez	MEHMET ÖNDER	0533 607 84 93		https://halkatalogu.com/hal/3037-oz-onderler-komisyon-evi	unclaimed	2026-07-12
730	Öz Şahin Komisyon evi	komisyoncu	mersin	aydincik	Murat ŞAHİN	0532 735 31 44	Toptancı Sebze Hali No :3	https://halkatalogu.com/hal/1336-oz-sahin-komisyon-evi	unclaimed	2026-07-12
764	Öz Şirvan Komisyon evi	komisyoncu	mersin	karpuz	Lazım KAMAL	0533 425 88 31	Yeni Hal Kompleksi A-1 Blok No: 33	https://halkatalogu.com/hal/1639-oz-sirvan-komisyon-evi	unclaimed	2026-07-12
740	ÖzDeniz Komisyon Evi Muz Sarartma Tesisi	komisyoncu	mersin	bozyazi	Osman ÖZDENİZ	0 324 851 26 84	Toptancı Sebze Hali No: 9 BOZYAZI/MERSİN	https://halkatalogu.com/hal/2876-ozdeniz-komisyon-evi-muz-sarartma-tesisi	unclaimed	2026-07-12
729	Özgür Komisyonevi	komisyoncu	mersin	aydincik	Veli TEHNEL	0533 726 91 68	Hal No :2	https://halkatalogu.com/hal/1335-ozgur-komisyonevi	unclaimed	2026-07-12
830	Özkul Ticaret	komisyoncu	mersin	sogan	Abdülmecit ÖZKUL	0 324 234 75 07	Yeni Hal Kompleksi A-1 Blok No :5	https://halkatalogu.com/hal/1956-ozkul-ticaret	unclaimed	2026-07-12
726	Pınar Komisyon Evi	komisyoncu	mersin	atayurt	Talip ŞEN	0533 730 90 94	Toptancı Sebze Hali no :30	https://halkatalogu.com/hal/2057-pinar-komisyon-evi	unclaimed	2026-07-12
872	Polat Komisyon	komisyoncu	mersin	tarsus	Abdullah POLAT	0532 426 42 89	Yeni Sebze Hali No:132	https://halkatalogu.com/hal/1681-polat-komisyon	unclaimed	2026-07-12
811	Ramazan Erdem Toptan Parekende Sandık Satıcısı	komisyoncu	mersin	sevkiyat	Ramazan ERDEM	0 532 511 05 19	Toptancı Hal Komp N Blok No :12	https://halkatalogu.com/hal/1736-ramazan-erdem-toptan-parekende-sandik-saticisi	unclaimed	2026-07-12
727	Recepoğlu Komisyon evi	komisyoncu	mersin	atayurt	Vahit ŞİMŞEK	0533 483 21 08	Toptancı Sebze Hali No :31	https://halkatalogu.com/hal/1695-recepoglu-komisyon-evi	unclaimed	2026-07-12
829	Rıdvan Ticaret Komisyon evi	komisyoncu	mersin	sogan	Ali İÇİN	0 324 235 20 63	Sebze Hali a-1 Blok no :2-3	https://halkatalogu.com/hal/1955-ridvan-ticaret-komisyon-evi	unclaimed	2026-07-12
877	Şahin Aga Sevkiyat	komisyoncu	mersin	tarsus-sevkiyat	Murat AYKUT	0532 655 17 65	Toptancı Sebze Hali Sevkiyat Bölümü No :6	https://halkatalogu.com/hal/2150-sahin-aga-sevkiyat	unclaimed	2026-07-12
790	Şahin Çilek Alım Satım	komisyoncu	mersin	oren	Şahin YILDIZ	0533 466 62 98	Toptancı Sebze Hali No :33	https://halkatalogu.com/hal/1771-sahin-cilek-alim-satim	unclaimed	2026-07-12
745	Şahinoğlu Komisyon evi	komisyoncu	mersin	erdemli	Rasim ŞAHİN	0532 323 16 54	Toptancı Sebze Hali No :29	https://halkatalogu.com/hal/1799-sahinoglu-komisyon-evi	unclaimed	2026-07-12
810	Sandıkçı Karakaş	komisyoncu	mersin	sevkiyat	Nuri KARAKAŞ	0 324 235 25 92	Yeni Hal Kompleksi R Blok No :12	https://halkatalogu.com/hal/1738-sandikci-karakas	unclaimed	2026-07-12
802	Sandıkcı Nusret Ambalaj sandıgı	komisyoncu	mersin	sevkiyat	Nusret GÜNDOĞDU	0 324 235 55 59	Yeni Hal Kompleksi Sevkiyatcılar Bölümü N Blok No :9	https://halkatalogu.com/hal/1739-sandikci-nusret-ambalaj-sandigi	unclaimed	2026-07-12
856	Savcı Komisyon evi Savcı tarım ürünleri	komisyoncu	mersin	tarsus	Yasin SAVCI	0532 470 05 26	Toptancı Sebze Hali No :60 Tarsus Mersin	https://halkatalogu.com/hal/2811-savci-komisyon-evi-savci-tarim-urunleri	unclaimed	2026-07-12
843	Şavkioğlu Komisyon evi	komisyoncu	mersin	tarsus	Yusuf YAŞA	0532 297 15 67		https://halkatalogu.com/hal/2810-savkioglu-komisyon-evi	unclaimed	2026-07-12
889	Sayarcı Kardeşler Tarım Ürünleri	komisyoncu	mersin	tarsus-sevkiyat	Ekrem SAYARCI	0542 476 89 89	Toptancı Sebze Hali Ardiye Bölümü No: 163 TARSUS / MERSİN	https://halkatalogu.com/hal/2898-sayarci-kardesler-tarim-urunleri	unclaimed	2026-07-12
888	Seferoğulları Sevkiyat	komisyoncu	mersin	tarsus-sevkiyat		0532 501 03 04		https://halkatalogu.com/hal/2125-seferogullari-sevkiyat	unclaimed	2026-07-12
801	Şekercioğlu Komisyon evi	komisyoncu	mersin	sevkiyat	Ali ŞEKERLI	0532 433 52 16	Toptancı hali Sevkiyatçılar Böl.L Blok NO :9	https://halkatalogu.com/hal/1741-sekercioglu-komisyon-evi	unclaimed	2026-07-12
706	Şen-Pa Komisyon evi	komisyoncu	mersin	merkez	Nusrettin ŞEN - Serdal ŞEN	0 324 235 08 36	Toptancı Hal Kompleksi F1 Blok No :41	https://halkatalogu.com/hal/1320-sen-pa-komisyon-evi	unclaimed	2026-07-12
798	Şenel Tarım Ve gıda Toptan Ticareti	komisyoncu	mersin	sevkiyat	Köksal ŞENEL	0537 743 36 83	Hamidiye mah 4206 Sk no 1-u Mersin M blok No :7	https://halkatalogu.com/hal/1742-senel-tarim-ve-gida-toptan-ticareti	unclaimed	2026-07-12
805	Seri Nakliyat	komisyoncu	mersin	sevkiyat	Sedat ÇİL	0 324 234 72 72- 234 72 73 - 234 72 78	??	https://halkatalogu.com/hal/1961-seri-nakliyat	unclaimed	2026-07-12
2834	Seri Nakliyat	nakliye	mersin				??	https://halkatalogu.com/nakliyeciler/1-seri-nakliyat	unclaimed	2026-07-01
799	Sevgiler Komisyon evi	komisyoncu	mersin	sevkiyat	Yılmaz VAROL	0 324 234 27 89	Yeni Sebze Hali No :m-8	https://halkatalogu.com/hal/1740-sevgiler-komisyon-evi	unclaimed	2026-07-12
880	Sevkiyatcı Niyazi AZİMET	komisyoncu	mersin	tarsus-sevkiyat	Niyazi AZİMET	0532 414 59 28	Toptancı Hali No :12	https://halkatalogu.com/hal/2138-sevkiyatci-niyazi-azimet	unclaimed	2026-07-12
784	Seyhan Komisyon Evi	komisyoncu	mersin	mut	Hacı Mehmet ACAR	0595 210 16 17	Toptancı Sebze Hali No :19	https://halkatalogu.com/hal/1338-seyhan-komisyon-evi	unclaimed	2026-07-12
890	Şimşek Kardeşler	komisyoncu	mersin	tarsus-sevkiyat	HAKAN ŞIMŞEK	0544 644 07 07	Toptancı Hali Sevkiyat Bölümü No :172	https://halkatalogu.com/hal/2143-simsek-kardesler	unclaimed	2026-07-12
667	Solaklar Komisyon evi	komisyoncu	mersin	merkez	Ekrem SOLAK	0 324 235 47 86	Toptancı Hal Kompleksi K1 Blok No :3	https://halkatalogu.com/hal/1291-solaklar-komisyon-evi	unclaimed	2026-07-12
883	SONEKİNCİ Komisyon	komisyoncu	mersin	tarsus-sevkiyat			Sebze Hali Büyük depo No :40	https://halkatalogu.com/hal/2149-sonekinci-komisyon	unclaimed	2026-07-12
891	Tabancı Ticaret Sevkiyat	komisyoncu	mersin	tarsus-sevkiyat	Hanif TABANCI	0532 413 02 09	Toptancı Hal Kompleksi No :180	https://halkatalogu.com/hal/2139-tabanci-ticaret-sevkiyat	unclaimed	2026-07-12
669	Tanrıverdi Komisyon evi	komisyoncu	mersin	merkez	A.Gani TANRIVERDI	0 324 234 06 82	Toptancı Hal Kompleksi e-1 Blok No :4	https://halkatalogu.com/hal/1239-tanriverdi-komisyon-evi	unclaimed	2026-07-12
681	Timurtaş Komisyon evi	komisyoncu	mersin	merkez	Hüseyin Timurtaş	0 324 234 17 42 - 0 324 235 56 12	Toptancı Hal Kompleksi F-1 Blk No :18	https://halkatalogu.com/hal/1254-timurtas-komisyon-evi	unclaimed	2026-07-12
749	Topçu Komisyon evi	komisyoncu	mersin	erdemli	Mehmet İsmet TOPÇU	0532 371 82 00	Toptancı Sebze Hali No :65	https://halkatalogu.com/hal/1325-topcu-komisyon-evi	unclaimed	2026-07-12
863	Toprak komisyon evi	komisyoncu	mersin	tarsus	Malik TOPRAK	0532 685 29 87		https://halkatalogu.com/hal/3035-toprak-komisyon-evi	unclaimed	2026-07-12
199	Topuzlar Komisyon evi	komisyoncu	mersin	atayurt	Ahmet TOPUZ	0324 721 34 07	Toptancı Sebze Hali No :18	https://halkatalogu.com/hal/2056-topuzlar-komisyon-evi	unclaimed	2026-07-12
857	Tropikal Dünyası	komisyoncu	mersin	tarsus	İdris TAYAMIR	0554 569 03 4３	Toptancı Sebze Hali No :69	https://halkatalogu.com/hal/1684-tropikal-dunyasi	unclaimed	2026-07-12
723	Tüfekçiler Komisyon evi	komisyoncu	mersin	atayurt	Osman TAŞÇI	0532 285 11 37	Sebze Meyve Hali No :2-3	https://halkatalogu.com/hal/2053-tufekciler-komisyon-evi	unclaimed	2026-07-12
714	Tuna Komisyon evi	komisyoncu	mersin	anamur	Ümit TUNA	0 532 250 65 53 - 0 535 578 45 17	Toptancı Sebze Hali E -Blok No :11	https://halkatalogu.com/hal/1350-tuna-komisyon-evi	unclaimed	2026-07-12
663	Tunç Komisyon evi	komisyoncu	mersin	merkez	Hayrettin TUNÇ	0 324 234 12 22	Yeni Hal Kompleksi H-1 Blok No :1	https://halkatalogu.com/hal/1279-tunc-komisyon-evi	unclaimed	2026-07-12
787	Tunç Komisyonevi	komisyoncu	mersin	mut	Alperen TUNÇ	0505 828 19 34	Sebze Hali No :26	https://halkatalogu.com/hal/1815-tunc-komisyonevi	unclaimed	2026-07-12
781	Turhanlar Komisyon Evi	komisyoncu	mersin	mut	Bekir TURHAN	0537 670 77 77	Toptancı Sebze Hali No: 11 MUT / MERSİN	https://halkatalogu.com/hal/2901-turhanlar-komisyon-evi	unclaimed	2026-07-12
721	Türkay Komisyon evi	komisyoncu	mersin	anamur-cariklar	Ibrahim TURKAY	0 324 827 1477	Çarıklar Belediye Sebze Hali No :14	https://halkatalogu.com/hal/2547-turkay-komisyon-evi	unclaimed	2026-07-12
717	Türkay Komisyonevi	komisyoncu	mersin	anamur	İbrahim TÜRKAY	0532 481 87 62	Anamur hali no: 23	https://halkatalogu.com/hal/1940-turkay-komisyonevi	unclaimed	2026-07-12
688	Tutuşlar Komisyon evi	komisyoncu	mersin	merkez	Sait TUTUŞ	0 324 234 79 04	Toptancı Hal Kompleksi d-1 blok No :24	https://halkatalogu.com/hal/1224-tutuslar-komisyon-evi	unclaimed	2026-07-12
815	Üzümcüler Ticaret	komisyoncu	mersin	sevkiyat	Halit ÇİFTÇİ	0 324 234 30 30	Toptancı Hal Kompleksi J blok No :18-19	https://halkatalogu.com/hal/1745-uzumculer-ticaret	unclaimed	2026-07-12
809	Vatan Plastik	komisyoncu	mersin	sevkiyat	Mehmet ÇELİK	0 324 234 90 01	Yeni hal Sevkiyatçılar Bölümü L Blok No :11	https://halkatalogu.com/hal/1746-vatan-plastik	unclaimed	2026-07-12
712	Yalçınlar muz komisyon evi	komisyoncu	mersin	anamur	Ahmet YALÇIN	0536 976 45 17		https://halkatalogu.com/hal/3158-yalcinlar-muz-komisyon-evi	unclaimed	2026-07-12
691	Yaprak Tropikal Komisyon evi	komisyoncu	mersin	merkez	Aziz KAYA	0532 464 62 31	Yeni Hal Kompleksi h-1 Blk No :27	https://halkatalogu.com/hal/1280-yaprak-tropikal-komisyon-evi	unclaimed	2026-07-12
711	Yas Tarım Ürünleri	komisyoncu	mersin	merkez			Korukent Mahallesi 243.Cad No:124	https://halkatalogu.com/hal/2958-yas-tarim-urunleri	unclaimed	2026-07-12
847	Yaşar Kardeşler Komisyon evi	komisyoncu	mersin	tarsus	Mehmet YAŞAR	0532 332 50 91	Toptancı Sebze Hali No :26	https://halkatalogu.com/hal/1685-yasar-kardesler-komisyon-evi	unclaimed	2026-07-12
832	Yaşar Ticaret	komisyoncu	mersin	sogan	Yaşar KAPAN	0532 420 53 43	Toptancı Hal Kompleksi B Blok No :9	https://halkatalogu.com/hal/1959-yasar-ticaret	unclaimed	2026-07-12
698	Yedi İklim Komisyon evi	komisyoncu	mersin	merkez	Mehmet SOLUNOGLU	0 324 234 30 52	Toptancı Hal Kompleksi d Blok No :31	https://halkatalogu.com/hal/1220-yedi-iklim-komisyon-evi	unclaimed	2026-07-12
685	Yerlikaya Komisyon Evi Yerlikaya Tarım Ürünleri	komisyoncu	mersin	merkez	Ali YERLIKAYA	0533 382 76 60	Toptancı Hal Kompleksi H1 Blok No : 21	https://halkatalogu.com/hal/2822-yerlikaya-komisyon-evi-yerlikaya-tarim-urunleri	unclaimed	2026-07-12
695	Yeşil Yayla Komisyon evi	komisyoncu	mersin	merkez	Hasan YUKSEK	0 324 234 12 90	Toptancı Hal Kompleksi D-1 Blok No :28	https://halkatalogu.com/hal/1215-yesil-yayla-komisyon-evi	unclaimed	2026-07-12
800	Yeteroğlu Komisyon evi	komisyoncu	mersin	sevkiyat	İdris YETER	0 324 235 30 83 - 0 324 221 56 36	Yeni Hal KompLeksi R Blok No :9	https://halkatalogu.com/hal/1748-yeteroglu-komisyon-evi	unclaimed	2026-07-12
719	Yıldız Bal Tarım Ürünleri	komisyoncu	mersin	anamur		0 324 814 30 32	Toptancı Sebze Hali E Blok No: 27	https://halkatalogu.com/hal/2893-yildiz-bal-tarim-urunleri	unclaimed	2026-07-12
869	Yıldızbakan Komisyon evi	komisyoncu	mersin	tarsus	Müslüm YILDIZBAKAN	0532 739 11 29	Sebze Hali No :125	https://halkatalogu.com/hal/1687-yildizbakan-komisyon-evi	unclaimed	2026-07-12
817	Yılmaz Kardeşler Komisyon evi	komisyoncu	mersin	sevkiyat	Yunus YILMAZ	0532 521 60 61	Sevkiyatçılar Bölümü 1-blok No :23	https://halkatalogu.com/hal/1749-yilmaz-kardesler-komisyon-evi	unclaimed	2026-07-12
854	Yonca Fide Tarım İşletmeleri	komisyoncu	mersin	tarsus			Sebze Hali No :47	https://halkatalogu.com/hal/1688-yonca-fide-tarim-isletmeleri	unclaimed	2026-07-12
703	Yücel eren Tarım Ürünleri	komisyoncu	mersin	merkez	İbrahim YÜCEL	0324 235 32 04	Toptancı hal komp D-1 blok no: 35	https://halkatalogu.com/hal/2507-yucel-eren-tarim-urunleri	unclaimed	2026-07-12
795	Yüksekova Komisyon evi	komisyoncu	mersin	sevkiyat	A. Hadi YAĞAN	0 324 234 36 30	Yeni Hal Sevkiyatcılar Bölümü N: blok No :6	https://halkatalogu.com/hal/1750-yuksekova-komisyon-evi	unclaimed	2026-07-12
705	Yusufoğulları Tarım Ürünleri Komisyon Evi	komisyoncu	mersin	merkez	İbrahim TİMURTAŞ - Ali TİMURTAŞ	0 (324) 235 17 57	Yeni Hal Kompleski H-1 Blok No: 39 Akdeniz/MERSİN	https://halkatalogu.com/hal/2824-yusufogullari-tarim-urunleri-komisyon-evi	unclaimed	2026-07-12
674	Zafer komisyon evi	komisyoncu	mersin	merkez	Yahya ERİŞ	0532 717 93 99		https://halkatalogu.com/hal/3083-zafer-komisyon-evi	unclaimed	2026-07-12
672	Zeki Komisyon evi	komisyoncu	mersin	merkez	Mehmet Zeki ÖZDEMIR	0 324 235 47 66 - 235 33 27	Toptancı Hal Kompleksi g-1 Blok No :8	https://halkatalogu.com/hal/1270-zeki-komisyon-evi	unclaimed	2026-07-12
827	Zengin Market VE Çay Ocağı	komisyoncu	mersin	sevkiyat	M.Emin ZENGİN	0 324 235 67 72	Yeni Hal Kompleksi No :34	https://halkatalogu.com/hal/1751-zengin-market-ve-cay-ocagi	unclaimed	2026-07-12
785	Zeynel Komisyon	komisyoncu	mersin	mut	Zeynel YILDIZ	0533 211 94 26	Toptancı Sebze Hali No :21	https://halkatalogu.com/hal/1340-zeynel-komisyon	unclaimed	2026-07-12
1144	Arslan Komisyon	komisyoncu	mugla	karaculha	Kerim ARSLAN	0532 777 01 65	Sebze Hali No 113	https://halkatalogu.com/hal/2524-arslan-komisyon	unclaimed	2026-07-12
1145	Bozkurt Büfe-İnternet Cafe	komisyoncu	mugla	karaculha	Durmuş BOZKURT	0538 613 21 70	Batı Akdeniz Halleri Birliği KARAÇULHA/FETHİYE	https://halkatalogu.com/hal/2530-bozkurt-bufe-internet-cafe	unclaimed	2026-07-12
1142	Hacı İsmail Oğulları Komisyon evi	komisyoncu	mugla	karaculha	Hasan KANAT	0532 496 48 48	Karaçulha Hali No :45	https://halkatalogu.com/hal/2533-haci-ismail-ogullari-komisyon-evi	unclaimed	2026-07-12
1140	Hal Ticaret	komisyoncu	mugla	karaculha		0 252 635 8565	Toptan Sebze Meyve Hali F :Blok No :13	https://halkatalogu.com/hal/2528-hal-ticaret	unclaimed	2026-07-12
1139	Kartın Gıda	komisyoncu	mugla	karaculha	Durmuş KARTIN	0 252 635 7969	Hal No :10	https://halkatalogu.com/hal/2520-kartin-gida	unclaimed	2026-07-12
1141	Kılıçlar Komisyon evi	komisyoncu	mugla	karaculha	Serdar KILIÇ	0 252 635 7917	Toptancı Hali No :35	https://halkatalogu.com/hal/2529-kiliclar-komisyon-evi	unclaimed	2026-07-12
1135	Öterler	komisyoncu	mugla	merkez	Garip ÖTER	0532 702 86 90	Yeni Otogar Karlısı No :6-7	https://halkatalogu.com/hal/1367-oterler	unclaimed	2026-07-12
1137	Öz Keskinler Komisyon evi	komisyoncu	mugla	karaculha	Salih KESKİN	0 252 677 7888	Toptancı Sebze Hali No :4	https://halkatalogu.com/hal/2521-oz-keskinler-komisyon-evi	unclaimed	2026-07-12
1143	Pehlivan Komisyon evi	komisyoncu	mugla	karaculha	Mustafa PEHLİVAN	0537 268 17 55	Sebze Hali No :52	https://halkatalogu.com/hal/2525-pehlivan-komisyon-evi	unclaimed	2026-07-12
1136	Tepe Ve Karatepe Komisyon evi	komisyoncu	mugla	karaculha	Ahmet ONARICI	0535 492 50 83	Toptancı Sebze Hali No :1-2	https://halkatalogu.com/hal/2531-tepe-ve-karatepe-komisyon-evi	unclaimed	2026-07-12
1138	Viranlar Komisyon evi	komisyoncu	mugla	karaculha	Adem	0 252 635 81 77	Karaçulha Toptancı Hali No :6-7-43	https://halkatalogu.com/hal/2535-viranlar-komisyon-evi	unclaimed	2026-07-12
1147	Ergünler Komisyonevi	komisyoncu	mus	merkez	Tekin ERGÜN	0537 979 17 19	Toptancı Sebze Hali No : B Blok : 14	https://halkatalogu.com/hal/1369-ergunler-komisyonevi	unclaimed	2026-07-12
1155	Eyüp Komisyon evi	komisyoncu	mus	merkez	Eyüp ÖTER	0536 999 36 01	Yeni Sebze Hali No :31	https://halkatalogu.com/hal/1370-eyup-komisyon-evi	unclaimed	2026-07-12
1154	Haktan komisyon evi	komisyoncu	mus	merkez	Veysi BOZAN	0533 760 97 60		https://halkatalogu.com/hal/3208-haktan-komisyon-evi	unclaimed	2026-07-12
1149	Halk Komisyon evi	komisyoncu	mus	merkez	Adnan DIĞER	0532 403 86 80	Toptancı Sebze Hali NO :15 Muş	https://halkatalogu.com/hal/2712-halk-komisyon-evi	unclaimed	2026-07-12
1146	Kısmet komisyon evi	komisyoncu	mus	merkez	Hakan KALSIN	0532 354 13 19		https://halkatalogu.com/hal/3202-kismet-komisyon-evi	unclaimed	2026-07-12
1152	Mahmutoğlu komisyon evi	komisyoncu	mus	merkez	Nehir MAHMUTOĞLU	0537 475 74 78		https://halkatalogu.com/hal/3135-mahmutoglu-komisyon-evi	unclaimed	2026-07-12
1148	Murat komisyon evi	komisyoncu	mus	merkez	GEMANDıÇ	0532 624 73 46		https://halkatalogu.com/hal/3201-murat-komisyon-evi	unclaimed	2026-07-12
1153	ÖZ MAhmutoğlu Komisyon evi	komisyoncu	mus	merkez	1	0533 422 09 25	Sebze Hali No :26	https://halkatalogu.com/hal/1375-oz-mahmutoglu-komisyon-evi	unclaimed	2026-07-12
1150	Özlü Komisyon	komisyoncu	mus	merkez	Sadrettin ÖZLÜ	0532 436 57 80	Toptancı Hali No :17	https://halkatalogu.com/hal/1377-ozlu-komisyon	unclaimed	2026-07-12
1151	Saygı Komisyonevi	komisyoncu	mus	merkez	Zeki SAYGI	0532 697 71 79	Toptancı Sebze Hali No :18	https://halkatalogu.com/hal/1379-saygi-komisyonevi	unclaimed	2026-07-12
1157	Atasevenler komisyon evi	komisyoncu	nigde	merkez	FERHAT ATASEVEN	0533 357 87 16		https://halkatalogu.com/hal/3103-atasevenler-komisyon-evi	unclaimed	2026-07-12
1161	Cullazlar Toprak MAhsulleri Ve Su Ürünleri	komisyoncu	nigde	merkez	Ramazan Cullaz	0532 207 45 13	Toptancı Sebze Hali No :15	https://halkatalogu.com/hal/1385-cullazlar-toprak-mahsulleri-ve-su-urunleri	unclaimed	2026-07-12
1162	Deniz gıda komisyon evi Deniz tarım	komisyoncu	nigde	merkez	Deniz ŞENKUL	0532 775 33 76		https://halkatalogu.com/hal/3087-deniz-gida-komisyon-evi-deniz-tarim	unclaimed	2026-07-12
1156	Doğan Komisyon	komisyoncu	nigde	merkez	Derviş DOĞAN	0507 202 03 98	Toptancı Hali No :6	https://halkatalogu.com/hal/1387-dogan-komisyon	unclaimed	2026-07-12
1160	Erçatım Sebze Ve Meyve Komisyon Evi	komisyoncu	nigde	merkez	Hasan ERÇATIM	0532 466 56 51		https://halkatalogu.com/hal/2979-ercatim-sebze-ve-meyve-komisyon-evi	unclaimed	2026-07-12
1159	Hasanoğulları Komisyon evi	komisyoncu	nigde	merkez	Hasan AYKIN	0542 223 21 16	Hal no :10-11	https://halkatalogu.com/hal/1391-hasanogullari-komisyon-evi	unclaimed	2026-07-12
1158	Kanaat Ticaret	komisyoncu	nigde	merkez	İsmail CULLAZ	0537 935 01 92	Toptan Sebze & Meyve Hali No :9	https://halkatalogu.com/hal/1393-kanaat-ticaret	unclaimed	2026-07-12
1163	Uygun komisyon evi	komisyoncu	nigde	merkez	Cezim UYGUN	0537 846 30 91		https://halkatalogu.com/hal/3212-uygun-komisyon-evi	unclaimed	2026-07-12
1164	Yağızlar Komisyon evi	komisyoncu	nigde	merkez	Necmettin YAĞIZ	0536 683 60 80	Toptancı Sebze Hali No :42	https://halkatalogu.com/hal/1400-yagizlar-komisyon-evi	unclaimed	2026-07-12
1166	Aksoy Ticaret	komisyoncu	ordu	merkez	Niyazi AKSOY	0533 232 37 95	Toptancı Hali No 10-a	https://halkatalogu.com/hal/1410-aksoy-ticaret	unclaimed	2026-07-12
1178	Bodancı Ticaret	komisyoncu	ordu	unye	Hakan BODANCI	0545 452 50 57	toptancı Hal No :14	https://halkatalogu.com/hal/1422-bodanci-ticaret	unclaimed	2026-07-12
1179	Çiçekler Ticaret	komisyoncu	ordu	unye	Mustafa ÇİÇEK	0533 768 69 22	Hal o :18-19-20	https://halkatalogu.com/hal/1423-cicekler-ticaret	unclaimed	2026-07-12
1181	Çolak Komisyon evi	komisyoncu	ordu	unye	Adem DUMAN	0537 881 02 44	Toptancı Sebze Hali no :33-34	https://halkatalogu.com/hal/1424-colak-komisyon-evi	unclaimed	2026-07-12
1169	Erkan Ticaret Komisyon evi	komisyoncu	ordu	merkez	SEVKET KÖZ	0533 455 85 46	Sebze Hali No A-Blok 12	https://halkatalogu.com/hal/1407-erkan-ticaret-komisyon-evi	unclaimed	2026-07-12
1176	Güneş Ticaret Komisyon evi	komisyoncu	ordu	unye	İlyas GÜNEŞ	0542 693 11 73	Toptancı Sebze Hali No :4-5	https://halkatalogu.com/hal/1425-gunes-ticaret-komisyon-evi	unclaimed	2026-07-12
1167	Hilal Komisyon evi	komisyoncu	ordu	merkez	İdris PALAVAR	0542 265 95 35	Toptancı Hal no :b Blok No 11	https://halkatalogu.com/hal/1409-hilal-komisyon-evi	unclaimed	2026-07-12
1175	Keskinler Komisyon evi	komisyoncu	ordu	unye	Ali KESKİN	0536 942 78 73	sebze Hali No :3-4	https://halkatalogu.com/hal/1427-keskinler-komisyon-evi	unclaimed	2026-07-12
1177	Köseoğlu Ticaret	komisyoncu	ordu	unye	İlker KÖSEOĞLU	0544 667 74 51	Sebze Hali No :13	https://halkatalogu.com/hal/1420-koseoglu-ticaret	unclaimed	2026-07-12
1168	Mert Tic	komisyoncu	ordu	merkez	Birol AKGÜL	0532 427 51 43	Belediye Toptancı Hali B Blok No :12	https://halkatalogu.com/hal/2312-mert-tic	unclaimed	2026-07-12
1174	Nazar Komisyon evi	komisyoncu	ordu	fatsa	Nadir CELEBI	0542 438 14 31	Sebze Hali No :14	https://halkatalogu.com/hal/1416-nazar-komisyon-evi	unclaimed	2026-07-12
1180	Öz Taslı Ticaret	komisyoncu	ordu	unye	Yusuf Bahri TASLI	0532 324 07 48	Yeni Sebze Hali No :30	https://halkatalogu.com/hal/1419-oz-tasli-ticaret	unclaimed	2026-07-12
1171	Polat Komisyon evi	komisyoncu	ordu	merkez	Tolga POLAT	0536 245 12 91	Sebze Pazarı No :34	https://halkatalogu.com/hal/1413-polat-komisyon-evi	unclaimed	2026-07-12
1172	Sayınlar Ticaret	komisyoncu	ordu	fatsa	Musa SAYIN	0532 450 13 01	Toptancı Sebze Hali No:1	https://halkatalogu.com/hal/1417-sayinlar-ticaret	unclaimed	2026-07-12
1165	Şen Ticaret	komisyoncu	ordu	merkez	Şenel AKTAŞ	234 7200	Toptancı Sebze Hali B Blok No :4-5	https://halkatalogu.com/hal/1408-sen-ticaret	unclaimed	2026-07-12
1170	Üçler Gıda Ltd.ŞTi	komisyoncu	ordu	merkez	ALİ ZAVALSIZ	0533 430 26 06	Toptancı Sebze Hali No :13-14	https://halkatalogu.com/hal/1414-ucler-gida-ltd-sti	unclaimed	2026-07-12
1173	Yılmaz Ticaret	komisyoncu	ordu	fatsa	Yaşar ÇUKURLU	0535 719 75 01	Toptancı Sebze Hali No :5	https://halkatalogu.com/hal/1418-yilmaz-ticaret	unclaimed	2026-07-12
1399	Adalet Ticaret	komisyoncu	osmaniye	merkez	Şahin GÖKTAŞ	0533 449 84 63	Sebze Hali No :64	https://halkatalogu.com/hal/2339-adalet-ticaret	unclaimed	2026-07-12
1405	Denizler Komisyon evi	komisyoncu	osmaniye	kadirli	Bünyamin DENİZ	0544 640 88 70	Sebze Hali No :23-25-27	https://halkatalogu.com/hal/1431-denizler-komisyon-evi	unclaimed	2026-07-12
1396	Güneydoğu Komisyon evi	komisyoncu	osmaniye	merkez	Halil KARAKURT	0542 390 18 57	Sebze Hali No :44	https://halkatalogu.com/hal/2335-guneydogu-komisyon-evi	unclaimed	2026-07-12
1400	İ&A Komisyon evi	komisyoncu	osmaniye	merkez	İdris EDABALI	0532 136 33 67	Sebze Hali No :67	https://halkatalogu.com/hal/1440-i-a-komisyon-evi	unclaimed	2026-07-12
1404	Karadayı Komisyon evi	komisyoncu	osmaniye	kadirli	Doğan BAŞTDOĞAN	0533 372 22 95	Toptancı Sebze hAli No :17	https://halkatalogu.com/hal/1432-karadayi-komisyon-evi	unclaimed	2026-07-12
1395	Karakurtlar Komisyon	komisyoncu	osmaniye	merkez	Ramazan KARAKURT	0541 808 48 38	Sebze Hali No :42	https://halkatalogu.com/hal/2340-karakurtlar-komisyon	unclaimed	2026-07-12
1397	Murat Komisyonevi	komisyoncu	osmaniye	merkez	Murat YALÇIN	0537 871 17 70	Toptancı Sebze Hali NO .58	https://halkatalogu.com/hal/2337-murat-komisyonevi	unclaimed	2026-07-12
1403	Şalvarcıoğulları komisyon evi	komisyoncu	osmaniye	kadirli	Remzi AKBOĞA	0536 311 35 27		https://halkatalogu.com/hal/3060-salvarciogullari-komisyon-evi	unclaimed	2026-07-12
1402	Soner komisyon evi	komisyoncu	osmaniye	kadirli	SADIK KOCADALLI	0535 823 62 47		https://halkatalogu.com/hal/3220-soner-komisyon-evi	unclaimed	2026-07-12
1398	Tunç Komisyon Evi	komisyoncu	osmaniye	merkez	Mustafa TUNÇ	0542 247 54 37		https://halkatalogu.com/hal/2988-tunc-komisyon-evi	unclaimed	2026-07-12
1401	Yeşil Malatya Komisyon evi	komisyoncu	osmaniye	kadirli	İsmet İÇÖZ	0532 425 01 22	Yeni Sebze Hali No :3	https://halkatalogu.com/hal/1437-yesil-malatya-komisyon-evi	unclaimed	2026-07-12
1189	Aktürk Ticaret	komisyoncu	rize	merkez	Ali AKTÜRK	0537 682 38 41	Toptancı Sebze Hali No :43	https://halkatalogu.com/hal/1449-akturk-ticaret	unclaimed	2026-07-12
1184	Bektaşoğlu Komisyon evi	komisyoncu	rize	merkez	Sinan BEKTAŞ	0 454 226 11 42	Toptancı Sebze Hali No :11 RİZE	https://halkatalogu.com/hal/2643-bektasoglu-komisyon-evi	unclaimed	2026-07-12
1188	Bektaşoğlu Komisyon evi	komisyoncu	rize	merkez	Sinan BEKTAŞ	0539 859 74 85	Toptancı sebze Hali No :35	https://halkatalogu.com/hal/1443-bektasoglu-komisyon-evi	unclaimed	2026-07-12
1187	Gül Ticaret	komisyoncu	rize	merkez	İshar GÜL	246 20 61	Toptancı Sebze Hali No :29	https://halkatalogu.com/hal/2660-gul-ticaret	unclaimed	2026-07-12
1185	Güven Komisyon Evi Güven Tarım Ürünleri	komisyoncu	rize	merkez	İbrahim TURHAN	0533 678 66 89	Hal No :17-18	https://halkatalogu.com/hal/1454-guven-komisyon-evi-guven-tarim-urunleri	unclaimed	2026-07-12
1191	Hapeloğlu Komisyon evi	komisyoncu	rize	merkez			Toptancı Sebze Hali No :58	https://halkatalogu.com/hal/1455-hapeloglu-komisyon-evi	unclaimed	2026-07-12
1182	Mevsim Balıkcılık	komisyoncu	rize	merkez	H.DELİ HASAN	0542 241 94 01	Sebze Hali 1-2	https://halkatalogu.com/hal/1451-mevsim-balikcilik	unclaimed	2026-07-12
1183	Nizam Komisyonevi	komisyoncu	rize	merkez	İslam ERDOĞAN	0532 554 18 96	Yeni Hal Kompleksi No :8-9	https://halkatalogu.com/hal/1447-nizam-komisyonevi	unclaimed	2026-07-12
1190	Nizam Ticaret	komisyoncu	rize	merkez	Nizamettin ERDOĞAN	0532 274 72 48	Toptancı SEbze Hali no :949	https://halkatalogu.com/hal/1456-nizam-ticaret	unclaimed	2026-07-12
1186	Öz Yürekler	komisyoncu	rize	merkez	Ahmet ÖZYÜREK	0532 663 75 29	Yeni Sebze Hali No :19-20	https://halkatalogu.com/hal/1444-oz-yurekler	unclaimed	2026-07-12
1199	Adalı Demir Ticaret Komisyon evi	komisyoncu	sakarya	patates-sogan	Mesut DEMİR	0 264 281 01 75	Erenler Patates Hali No :3-4-5 Metro Yanı SAKARYA	https://halkatalogu.com/hal/2568-adali-demir-ticaret-komisyon-evi	unclaimed	2026-07-12
1202	Arap Oğlu Komisyon evi	komisyoncu	sakarya	patates-sogan	Rüstem AKKOYUN	0 264 278 48 82	Erenler Patates Hali No :51 SAKARYA	https://halkatalogu.com/hal/2569-arap-oglu-komisyon-evi	unclaimed	2026-07-12
1197	Çelikler Komisyonevi	komisyoncu	sakarya	merkez	Musa ÇELİK	0532 637 99 01	Hal no :28-29	https://halkatalogu.com/hal/1464-celikler-komisyonevi	unclaimed	2026-07-12
1194	Duman Ticaret Komisyon evi	komisyoncu	sakarya	merkez			Sebze Hali No :17	https://halkatalogu.com/hal/1468-duman-ticaret-komisyon-evi	unclaimed	2026-07-12
1195	Kabacaoğlu Komisyon evi	komisyoncu	sakarya	merkez	Serkan KABACAOĞLU	0532 706 63 71	Sebze Hali No :18	https://halkatalogu.com/hal/1460-kabacaoglu-komisyon-evi	unclaimed	2026-07-12
1201	Korkmazlar Komisyon evi	komisyoncu	sakarya	patates-sogan	Güray KORKMAZ	0 264 276 76 76	Erenler Patates Hali No :27	https://halkatalogu.com/hal/2570-korkmazlar-komisyon-evi	unclaimed	2026-07-12
1192	Nasip Ticaret Komisyon evi	komisyoncu	sakarya	merkez	Mustafa CANBAZ	0532 357 11 27	Hal No :1	https://halkatalogu.com/hal/1474-nasip-ticaret-komisyon-evi	unclaimed	2026-07-12
1200	Niğdeliler Komisyon evi	komisyoncu	sakarya	patates-sogan	Mustafa AKKOYUN	0532 377 38 90	Erenler Patates Hali No :25	https://halkatalogu.com/hal/2567-nigdeliler-komisyon-evi	unclaimed	2026-07-12
1198	Ortaç Komisyonevi	komisyoncu	sakarya	merkez	Mesut KINALI	0533 817 02 70	Hal Tesisleri No :47-48-49-50	https://halkatalogu.com/hal/1475-ortac-komisyonevi	unclaimed	2026-07-12
1196	Osmanlı-27 Komisyon evi	komisyoncu	sakarya	merkez	İDRİS TOSKA	0532 220 00 31	Sebze Hali No :27	https://halkatalogu.com/hal/1457-osmanli-27-komisyon-evi	unclaimed	2026-07-12
1193	Tavukçu FAhri Komisyon evi	komisyoncu	sakarya	merkez	Fahri CANVEREN	0532 670 92 73	Sebze Hali No :9	https://halkatalogu.com/hal/1479-tavukcu-fahri-komisyon-evi	unclaimed	2026-07-12
1233	Ahmet Alan Komisyon evi	komisyoncu	samsun	carsamba	Ahmet ALAN	0532 508 44 33	Top.Seb.MEy Hali no :24	https://halkatalogu.com/hal/1500-ahmet-alan-komisyon-evi	unclaimed	2026-07-12
1207	Akkurt Gıda komisyon evi	komisyoncu	samsun	merkez	Selahattin GÜNEYSU	0530 765 94 33	Yeni Sebze Hali No :18	https://halkatalogu.com/hal/1480-akkurt-gida-komisyon-evi	unclaimed	2026-07-12
1222	Akkurt Komisyon evi	komisyoncu	samsun	bafra	Metin AKKURT	0 362 542 80 91	Top.Seb.Hali No :43 BAFRA/SAMSUN	https://halkatalogu.com/hal/2615-akkurt-komisyon-evi	unclaimed	2026-07-12
1234	Anadolu Komisyon evi	komisyoncu	samsun	carsamba	MEHMET ARSLAN	0532 356 67 80	Toptancı Sebze Hali No :39	https://halkatalogu.com/hal/1497-anadolu-komisyon-evi	unclaimed	2026-07-12
1204	Aşkın yaba komisyon evi	komisyoncu	samsun	merkez	AŞKIN YABA	0532 291 91 35		https://halkatalogu.com/hal/3046-askin-yaba-komisyon-evi	unclaimed	2026-07-12
1237	Aykar komisyon evi	komisyoncu	samsun	carsamba	Mahmut AYDIN	0541 608 35 55		https://halkatalogu.com/hal/3213-aykar-komisyon-evi	unclaimed	2026-07-12
198	Baba Reisoğulları Sebze Ve Meyve Komisyon Evi	komisyoncu	samsun	bafra	Temel Karabulut	0532 638 16 98		https://halkatalogu.com/hal/2981-baba-reisogullari-sebze-ve-meyve-komisyon-evi	unclaimed	2026-07-12
1216	Birlik Ticaret Komisyon evi	komisyoncu	samsun	bafra	Hüseyin İbrahim VANLI	0532 296 55 51	Toptancı Sebze Hali No :20-21	https://halkatalogu.com/hal/1511-birlik-ticaret-komisyon-evi	unclaimed	2026-07-12
1235	Can-KAR Komisyon evi	komisyoncu	samsun	carsamba	Tarık CAN	0541 857 07 55	Top.sEbze Hali No :48	https://halkatalogu.com/hal/1502-can-kar-komisyon-evi	unclaimed	2026-07-12
1236	Durmuş Öztürk Komisyon evi	komisyoncu	samsun	carsamba	Durmuş ÖZTÜRK	0 362 833 96 46	Sebze Hali No :55	https://halkatalogu.com/hal/2627-durmus-ozturk-komisyon-evi	unclaimed	2026-07-12
1229	Düzgün Komisyon evi	komisyoncu	samsun	carsamba	Kenan DÜZGÜN	0 362 833 12 18 - 833 26 07	Toptancı Sebze Hali No :18	https://halkatalogu.com/hal/2625-duzgun-komisyon-evi	unclaimed	2026-07-12
1211	Ekizler Ticaret komisyon evi	komisyoncu	samsun	merkez		431 4324	Sebze Hali No :59	https://halkatalogu.com/hal/2459-ekizler-ticaret-komisyon-evi	unclaimed	2026-07-12
1210	Erdem Ticaret komisyon evi	komisyoncu	samsun	merkez	Ekrem REİS	0532 671 16 25	sebze Hali No :40	https://halkatalogu.com/hal/1481-erdem-ticaret-komisyon-evi	unclaimed	2026-07-12
1203	İmza Organik Tarım ÜRünleri	komisyoncu	samsun	merkez	Yüksel YILDIZ	0545 977 04 18	Toptancı Sebze Hali No :1	https://halkatalogu.com/hal/1484-imza-organik-tarim-urunleri	unclaimed	2026-07-12
1206	Karadeniz komisyon evi karadeniz ticaret	komisyoncu	samsun	merkez	Atilla YILMAZ	0506 480 21 67		https://halkatalogu.com/hal/3047-karadeniz-komisyon-evi-karadeniz-ticaret	unclaimed	2026-07-12
1219	Kitap Komisyon evi	komisyoncu	samsun	bafra	Yaşar KITAP	0542 257 54 09	Toptancı Hali No :39	https://halkatalogu.com/hal/1519-kitap-komisyon-evi	unclaimed	2026-07-12
1220	Kısmet Komisyon evi	komisyoncu	samsun	bafra	Zekeriya KITAP	0 362 542 8054	Sebze Hali No :40	https://halkatalogu.com/hal/2469-kismet-komisyon-evi	unclaimed	2026-07-12
1226	Kocaman Komisyon evi	komisyoncu	samsun	bafra	Ömer KOCAMAN	0 362 543 43 53	Toptancı Sebze Hali No :88	https://halkatalogu.com/hal/2659-kocaman-komisyon-evi	unclaimed	2026-07-12
1231	Kökçüler Komisyonevi	komisyoncu	samsun	carsamba	Mehmet KÖKÇÜ	0 362 833 23 13	Toptancı Sebze Hali No :22	https://halkatalogu.com/hal/2626-kokculer-komisyonevi	unclaimed	2026-07-12
1232	Korkmaz Tarım ürünleri	komisyoncu	samsun	carsamba	Kerim KORKMAZ	0532 523 30 16	Toptancı Sebze Hali No :23	https://halkatalogu.com/hal/1495-korkmaz-tarim-urunleri	unclaimed	2026-07-12
1218	Kurt Ticaret Komisyon evi	komisyoncu	samsun	bafra	Şenol KURT	0533 314 81 20	Sebze Hali No :38	https://halkatalogu.com/hal/1487-kurt-ticaret-komisyon-evi	unclaimed	2026-07-12
1217	Liman Ticaret Komisyon evi	komisyoncu	samsun	bafra			Sebze Hali No :37	https://halkatalogu.com/hal/1506-liman-ticaret-komisyon-evi	unclaimed	2026-07-12
1208	Murat Ticaret Komisyon evi	komisyoncu	samsun	merkez	Murat KOCA	0532 663 61 10	Toptancı Sebze Hali No :25	https://halkatalogu.com/hal/1488-murat-ticaret-komisyon-evi	unclaimed	2026-07-12
1212	Nasip Ticaret Komisyon evi	komisyoncu	samsun	bafra	Hakan ERGÜN	0532 286 16 10	Toptancı Sebze Hali No :1	https://halkatalogu.com/hal/1514-nasip-ticaret-komisyon-evi	unclaimed	2026-07-12
1205	ÖzBirlik Ticaret	komisyoncu	samsun	merkez	İbrahim İŞLEYEN	0533 726 78 74		https://halkatalogu.com/hal/1489-ozbirlik-ticaret	unclaimed	2026-07-12
1224	Özer Ticaret Komisyon evi	komisyoncu	samsun	bafra	Halil ÖZER	0537 441 30 36	Toptancı Sebze Hali No :53 BAFRA	https://halkatalogu.com/hal/2841-ozer-ticaret-komisyon-evi	unclaimed	2026-07-12
1227	Öztoprak Komisyon evi	komisyoncu	samsun	carsamba	İsmet TUNÇ	0 362 833 83 26	Yeni Toptancı Sebze Hali No :13-15 ÇARŞAMBA	https://halkatalogu.com/hal/2623-oztoprak-komisyon-evi	unclaimed	2026-07-12
1228	Öztürkler Komisyon evi	komisyoncu	samsun	carsamba	Şemsettin ÖZTÜRK	0 362 832 25 55	Toptancı Sebze Hali No :17	https://halkatalogu.com/hal/2624-ozturkler-komisyon-evi	unclaimed	2026-07-12
1214	Sahil Ticaret Komisyon evi	komisyoncu	samsun	bafra	Adem GÜN	0533 470 18 27	Belediye Sebze Hali No :16	https://halkatalogu.com/hal/1515-sahil-ticaret-komisyon-evi	unclaimed	2026-07-12
1225	Solmazlar komisyon evi solmazlar ticaret	komisyoncu	samsun	bafra	RAMİZ ADİLOĞLU	0532 221 32 80		https://halkatalogu.com/hal/3051-solmazlar-komisyon-evi-solmazlar-ticaret	unclaimed	2026-07-12
1209	Şükür kardeşler gıda	komisyoncu	samsun	merkez	İRFAN ŞÜKÜR	0533 231 11 79		https://halkatalogu.com/hal/3198-sukur-kardesler-gida	unclaimed	2026-07-12
1215	Şükür kardeşler gıda	komisyoncu	samsun	bafra	İRFAN ŞÜKÜR	0533 231 11 79		https://halkatalogu.com/hal/3197-sukur-kardesler-gida	unclaimed	2026-07-12
1213	Topaloğlu Komisyon evi	komisyoncu	samsun	bafra	Bayram TOP	0362 543 1541	Yeni Toptancı Hali No :13	https://halkatalogu.com/hal/2466-topaloglu-komisyon-evi	unclaimed	2026-07-12
1223	Toplar tarım komisyon evi	komisyoncu	samsun	bafra	ENES	0535 014 94 34		https://halkatalogu.com/hal/3052-toplar-tarim-komisyon-evi	unclaimed	2026-07-12
1221	Torun Komisyon evi	komisyoncu	samsun	bafra	Batuhan TORUN	0535 034 75 09	Hal no :41 -42	https://halkatalogu.com/hal/1517-torun-komisyon-evi	unclaimed	2026-07-12
2835	Torun Komisyon evi	nakliye	samsun			0 362 543 02 90	Hal No :41-42 BAFRA	https://halkatalogu.com/nakliyeciler/4-torun-komisyon-evi	unclaimed	2026-07-01
1230	Uğur Komisyonevi	komisyoncu	samsun	carsamba	İbrahim GENCAY	0532 272 94 62	Toptancı Sebze Hali No :20	https://halkatalogu.com/hal/1498-ugur-komisyonevi	unclaimed	2026-07-12
1274	Akbaş Kardeşlr Komisyon evi	komisyoncu	sanliurfa	merkez	Mehmet AKBAŞ	0542 503 47 98	Şutim Sebze Hali : 31	https://halkatalogu.com/hal/1569-akbas-kardeslr-komisyon-evi	unclaimed	2026-07-12
1294	Akçun Komisyon evi	komisyoncu	sanliurfa	viransehir	Seydi AKÇUN	0543 575 94 94	Hal Kompleksi no :24	https://halkatalogu.com/hal/1591-akcun-komisyon-evi	unclaimed	2026-07-12
1285	Akmer Komisyonevi	komisyoncu	sanliurfa	merkez	Fuat AKKUŞ	0542 816 50 50	Şutim Sebze Hali : 186-187	https://halkatalogu.com/hal/1572-akmer-komisyonevi	unclaimed	2026-07-12
1291	Birlik Ticaret	komisyoncu	sanliurfa	siverek	Fethi DEMİRBAŞ	0532 641 41 46	Yeni hal No :17-18	https://halkatalogu.com/hal/1588-birlik-ticaret	unclaimed	2026-07-12
1278	Bozkurt Komisyon evi	komisyoncu	sanliurfa	merkez	Ayhan ÇELİK	0537 729 38 73	Şutim Sebze Hali : 95	https://halkatalogu.com/hal/1568-bozkurt-komisyon-evi	unclaimed	2026-07-12
1293	Çiftçioğlu Komisyonevi	komisyoncu	sanliurfa	viransehir	Mehmet ÇİFTÇİOĞLU	0543 485 85 63	Yeni Hal Pazarı A-Blok No :22-23	https://halkatalogu.com/hal/1592-ciftcioglu-komisyonevi	unclaimed	2026-07-12
1296	Dedooğlu Komisyon evi	komisyoncu	sanliurfa	viransehir	Hikmet	0544 302 04 62	toptancı sebze hali No :35	https://halkatalogu.com/hal/2192-dedooglu-komisyon-evi	unclaimed	2026-07-12
1281	Faruk Akbaş Komisyonevi	komisyoncu	sanliurfa	merkez	Faruk AKBAŞ	0532 655 24 62	Şutim Sebze Hali : 130	https://halkatalogu.com/hal/1541-faruk-akbas-komisyonevi	unclaimed	2026-07-12
1289	Güldüren Ticaret	komisyoncu	sanliurfa	birecik	Yaşar GÜLDÜREN	0535 442 86 63	Sebze Hali No :23	https://halkatalogu.com/hal/1586-gulduren-ticaret	unclaimed	2026-07-12
1282	Gülhan Kardeşler Komisyon evi	komisyoncu	sanliurfa	merkez	Hüseyin Gülhan	0532 478 12 23	Şutim Sebze Hali : 132	https://halkatalogu.com/hal/1575-gulhan-kardesler-komisyon-evi	unclaimed	2026-07-12
1273	Kalaycılar Komisyon Evi	komisyoncu	sanliurfa	merkez	İzzeddin KALAYCI	0532 366 63 71	Şutim Sebze Hali : 19	https://halkatalogu.com/hal/1580-kalaycilar-komisyon-evi	unclaimed	2026-07-12
1290	Mevlana Komisyon evi	komisyoncu	sanliurfa	siverek	Ahmet YÜKSEKYAYLA	0535 355 39 41	Yeni Sebze Hali No :1	https://halkatalogu.com/hal/1589-mevlana-komisyon-evi	unclaimed	2026-07-12
1276	Müjde Kardeşler komisyon evi	komisyoncu	sanliurfa	merkez	Avni MÜJDE	0542 222 76 14	Şutim Sebze Hali : 63	https://halkatalogu.com/hal/1542-mujde-kardesler-komisyon-evi	unclaimed	2026-07-12
1280	Oral Kardeşler Komisyon evi	komisyoncu	sanliurfa	merkez	İlhami ORAL	0545 946 63 63	Şutim Sebze Hali : 129	https://halkatalogu.com/hal/1545-oral-kardesler-komisyon-evi	unclaimed	2026-07-12
1279	Öz Mersavi Komisyon evi	komisyoncu	sanliurfa	merkez			Şutim Sebze Hali : 111	https://halkatalogu.com/hal/1570-oz-mersavi-komisyon-evi	unclaimed	2026-07-12
1284	Poyrazlar Komisyon evi	komisyoncu	sanliurfa	merkez	Ramazan POYRAZ	0532 411 60 55	Şutim Sebze Hali : 166	https://halkatalogu.com/hal/1554-poyrazlar-komisyon-evi	unclaimed	2026-07-12
1286	Rat Kardeşler Komisyon evi	komisyoncu	sanliurfa	merkez	Celal RAT	0532 693 20 68	Şutim Sebze Hali :189	https://halkatalogu.com/hal/1558-rat-kardesler-komisyon-evi	unclaimed	2026-07-12
1287	Servet Komisyonevi	komisyoncu	sanliurfa	merkez	SEDAT TANBURACI	0532 233 06 35	Şutim Sebze Hali : 191	https://halkatalogu.com/hal/1546-servet-komisyonevi	unclaimed	2026-07-12
1277	Sezer Komisyon evi	komisyoncu	sanliurfa	merkez	Ömer SEZER	0530 022 96 60	Şutim Sebze Hali : 89	https://halkatalogu.com/hal/1574-sezer-komisyon-evi	unclaimed	2026-07-12
1288	Şirin ticaret şirin komisyon evi	komisyoncu	sanliurfa	birecik	İBRAHİM ÖZTÜRK	0536 217 91 63		https://halkatalogu.com/hal/3221-sirin-ticaret-sirin-komisyon-evi	unclaimed	2026-07-12
1275	Siverek Komisyon evi	komisyoncu	sanliurfa	merkez	Mehmet Sinan GÖKÇE	0 414 312 02 24	Şutim Sebze Hali No :60 Ş.URFA	https://halkatalogu.com/hal/2690-siverek-komisyon-evi	unclaimed	2026-07-12
1283	Son Ekinci	komisyoncu	sanliurfa	merkez	Mehmet SONEKİNCİ	0 532 234 45 68	Şutim Sebze Hali : 148-149	https://halkatalogu.com/hal/1583-son-ekinci	unclaimed	2026-07-12
1295	Yartuğ Komisyon evi	komisyoncu	sanliurfa	viransehir	Hamza YARTUĞ	0544 649 99 00	Yeni Hal Pazarı B Blok No :33 Viranşehir / Ş.URFA	https://halkatalogu.com/hal/2714-yartug-komisyon-evi	unclaimed	2026-07-12
1292	Zirve Ticaret	komisyoncu	sanliurfa	siverek	Zülküf SAĞIR	0532 298 85 99	Yeni Hal Pazarı No :35	https://halkatalogu.com/hal/1590-zirve-ticaret	unclaimed	2026-07-12
1242	Botan Komisyon evi	komisyoncu	siirt	merkez	Aziz KAYSI	0532 395 01 51	Siirt Hal	https://halkatalogu.com/hal/1520-botan-komisyon-evi	unclaimed	2026-07-12
1243	Dicle Tarım Ürünleri Komisyon evi	komisyoncu	siirt	merkez	Ramazan AMUSTEKIN	0535 671 30 55	Toptancı Sebze Hali No :19 SİİRT	https://halkatalogu.com/hal/2705-dicle-tarim-urunleri-komisyon-evi	unclaimed	2026-07-12
1240	Doğruluk Komisyon evi	komisyoncu	siirt	merkez			Yeni Sebze Hali no :6	https://halkatalogu.com/hal/1523-dogruluk-komisyon-evi	unclaimed	2026-07-12
1244	Gap-56 Komisyonevi	komisyoncu	siirt	merkez	A.Kadir KILIÇASLAN	0538 947 55 82	Toptancı Sebze Hali No :28	https://halkatalogu.com/hal/1525-gap-56-komisyonevi	unclaimed	2026-07-12
1245	Kardeş Komisyon evi	komisyoncu	siirt	merkez	Ağıt DÜNDAR	0544 356 58 30	Yeni Sebze Hali No :34-35	https://halkatalogu.com/hal/1521-kardes-komisyon-evi	unclaimed	2026-07-12
1241	Sevgiler Komisyonevi	komisyoncu	siirt	merkez	Mehmet SIDDIK SEVGİ	0542 592 41 58	Toptancı Sebze Hali No :14-15	https://halkatalogu.com/hal/1527-sevgiler-komisyonevi	unclaimed	2026-07-12
1238	Ulu Ticaret	komisyoncu	siirt	merkez	Kasım ULU	0532 351 10 53	Toptancı Sebze Hali No :1	https://halkatalogu.com/hal/1528-ulu-ticaret	unclaimed	2026-07-12
1239	Yüce Komisyonevi	komisyoncu	siirt	merkez	A. Halim YÜCE	0535 521 01 17	Toptancı Hali NO :4	https://halkatalogu.com/hal/1529-yuce-komisyonevi	unclaimed	2026-07-12
1247	Ahmet Ulucak Komisyon evi	komisyoncu	sivas	merkez	Ahmet ULUCAK	0542 534 84 74	Yeni Toptancı Hal No :21-22-23	https://halkatalogu.com/hal/1530-ahmet-ulucak-komisyon-evi	unclaimed	2026-07-12
1250	Arduç Komisyon evi	komisyoncu	sivas	merkez	Arduç Osman KAYA	0538 660 41 88	Yeni Toptancı Hali No :43	https://halkatalogu.com/hal/1531-arduc-komisyon-evi	unclaimed	2026-07-12
1248	Beşler Komisyon evi	komisyoncu	sivas	merkez	Yunus DALKÜREK	0541 226 43 70	Toptancılar Sebze Hali no :28-29-30-31	https://halkatalogu.com/hal/1534-besler-komisyon-evi	unclaimed	2026-07-12
1249	Beşler Market Sivas	komisyoncu	sivas	merkez	Adil DALKÜREK	0530 431 25 22		https://halkatalogu.com/hal/2970-besler-market-sivas	unclaimed	2026-07-12
1251	Beşler Mini Hal Ltd.Şti.	komisyoncu	sivas	merkez	Adil DALKÜREK	0 346 226 16 93	Toptancı Sebze Hali No :48-49-50	https://halkatalogu.com/hal/1533-besler-mini-hal-ltd-sti	unclaimed	2026-07-12
1246	Koç Kardeşler Komisyon evi	komisyoncu	sivas	merkez	Fatih KOÇ	0 346 226 44 86	Toptancı Sebze Hali No :13 SİVAS	https://halkatalogu.com/hal/2647-koc-kardesler-komisyon-evi	unclaimed	2026-07-12
1262	Cangözler Komisyon evi	komisyoncu	tokat	merkez	Ali CANGÖZ	0532 613 42 93	Toptancı Sebze Hali No :57-58	https://halkatalogu.com/hal/1597-cangozler-komisyon-evi	unclaimed	2026-07-12
1254	Cıngıllı komisyon evi	komisyoncu	tokat	merkez				https://halkatalogu.com/hal/3193-cingilli-komisyon-evi	unclaimed	2026-07-12
1253	Çorbacı komisyon evi	komisyoncu	tokat	merkez	Mehmet GÜNEŞ	0533 316 79 61		https://halkatalogu.com/hal/3196-corbaci-komisyon-evi	unclaimed	2026-07-12
1252	Coşkunlar Komisyon evi	komisyoncu	tokat	merkez	Hüseyin COŞKUN	0542 335 55 60	Sebze Hali No :3	https://halkatalogu.com/hal/1598-coskunlar-komisyon-evi	unclaimed	2026-07-12
1264	Değirmenli Ticaret	komisyoncu	tokat	erbaa	Tuncay ERYILMAZ	0536 655 69 76	Toptancı Sebze Hali No :4	https://halkatalogu.com/hal/1594-degirmenli-ticaret	unclaimed	2026-07-12
1256	Dostlar komisyon evi	komisyoncu	tokat	merkez	Ali ÇELİK	0538 669 65 21		https://halkatalogu.com/hal/3108-dostlar-komisyon-evi	unclaimed	2026-07-12
1259	Karaböcek Komisyon evi	komisyoncu	tokat	merkez	Ferruh ALHAN TOKAT	228 26 07	Sebze Hali No :33	https://halkatalogu.com/hal/2634-karabocek-komisyon-evi	unclaimed	2026-07-12
1255	Köylüoğlu Komisyon Evi	komisyoncu	tokat	merkez	Sahip DOĞAN	0553 736 78 60		https://halkatalogu.com/hal/3232-koyluoglu-komisyon-evi	unclaimed	2026-07-12
1258	Mevsim Komisyon Evi	komisyoncu	tokat	merkez	Hüseyin SEVİM	0533 649 31 65		https://halkatalogu.com/hal/2984-mevsim-komisyon-evi	unclaimed	2026-07-12
1257	Niksarlı Ticaret	komisyoncu	tokat	merkez		0532 697 49 20	Toptancı Sebze Hali No :17-22-23-24	https://halkatalogu.com/hal/1608-niksarli-ticaret	unclaimed	2026-07-12
1260	Sabır Komisyon evi	komisyoncu	tokat	merkez	A.İhsan PARIJDAR	0544 285 30 63	Toptancı Sebze Hali No :43-44	https://halkatalogu.com/hal/1610-sabir-komisyon-evi	unclaimed	2026-07-12
1261	Tuna ticaret tuna komisyon evi	komisyoncu	tokat	merkez	Hüseyin TUNA	0532 331 90 93		https://halkatalogu.com/hal/3044-tuna-ticaret-tuna-komisyon-evi	unclaimed	2026-07-12
1263	Varazlı Komisyon Evi	komisyoncu	tokat	merkez		0 356 228 12 41	Toptancı Sebze Hali No: 61 TOKAT	https://halkatalogu.com/hal/2938-varazli-komisyon-evi	unclaimed	2026-07-12
1269	Bilgin Ticaret	komisyoncu	trabzon	merkez	Yahya BİLGİN	0532 781 50 96	Toptancı Sebze Hali No :25-26	https://halkatalogu.com/hal/2257-bilgin-ticaret	unclaimed	2026-07-12
1270	İlhan Ve H.İbrahim Kayıkçı Komisyonevi	komisyoncu	trabzon	merkez	İlhan Kayıkçı	0532 274 13 53	Toptancı Sebze Hali No :47-48	https://halkatalogu.com/hal/2258-ilhan-ve-h-ibrahim-kayikci-komisyonevi	unclaimed	2026-07-12
1267	Köseoğlu Komisyon evi	komisyoncu	trabzon	merkez	İsmail Köse	0532 642 26 58	Toptancı Sebze Hali NO :19-20	https://halkatalogu.com/hal/2256-koseoglu-komisyon-evi	unclaimed	2026-07-12
1271	MSM Yazıcıoğlu Ticaret Komisyon Evi MSM Yazıcıoğlu Ticaret Tarım Ürünleri	komisyoncu	trabzon	merkez	Muhammet YAZICI	0 462 333 52 53	Toptancı Sebze Hali No:52-53 TRABZOn	https://halkatalogu.com/hal/2840-msm-yazicioglu-ticaret-komisyon-evi-msm-yazicioglu-ticaret-tarim-urunleri	unclaimed	2026-07-12
1268	Nadir Ticaret	komisyoncu	trabzon	merkez	Ersin ve Hakan Nadir	0532 266 37 17	Sebze Hali No :22	https://halkatalogu.com/hal/2259-nadir-ticaret	unclaimed	2026-07-12
1265	Ufuk Komisyonevi	komisyoncu	trabzon	merkez	Ufuk YILDIRIM	0532 330 04 06	Yeni Sebze Hali No :5	https://halkatalogu.com/hal/2252-ufuk-komisyonevi	unclaimed	2026-07-12
1266	Uzunlar Ticaret	komisyoncu	trabzon	merkez	Aslan UZUN	0537 303 14 47	Sebze Meyve Komisyon evi	https://halkatalogu.com/hal/2253-uzunlar-ticaret	unclaimed	2026-07-12
1272	Varanlar Komisyon evi	komisyoncu	trabzon	merkez	Kerim VARAN	0532 274 56 15	Merkez Sebze Hali No :64	https://halkatalogu.com/hal/2255-varanlar-komisyon-evi	unclaimed	2026-07-12
1298	Çiçekler Komisyonevi	komisyoncu	usak	merkez	Mehmet KÜÇÜKYILMAZ	0537 422 00 89	Sebze Meyve Hali No :13	https://halkatalogu.com/hal/2378-cicekler-komisyonevi	unclaimed	2026-07-12
1297	Öz Başyiğit Tarım	komisyoncu	usak	merkez	Veysel BAŞYIĞIT	0532 562 19 61	Belediye Toptancı Sebze Hali No :6	https://halkatalogu.com/hal/2380-oz-basyigit-tarim	unclaimed	2026-07-12
1299	Ulaşan Komisyonevi	komisyoncu	usak	merkez	Gökhan ULAŞAN	0539 215 78 07	Belediye Toptancı Hali No :14	https://halkatalogu.com/hal/2377-ulasan-komisyonevi	unclaimed	2026-07-12
1301	Ahtamara Komisyonevi	komisyoncu	van	merkez	Hamza ABİ	0532 356 23 72	Yeni Sebze Hali No :12	https://halkatalogu.com/hal/2270-ahtamara-komisyonevi	unclaimed	2026-07-12
1316	Altunkaynak Tarım Ürünleri	komisyoncu	van	ercis	SELAHATTİN ALTUNKAYNAK	0532 603 77 70	Toptancı Sebze Hali No :13-14-19	https://halkatalogu.com/hal/2284-altunkaynak-tarim-urunleri	unclaimed	2026-07-12
1305	Azizoğullar Komisyon	komisyoncu	van	merkez	Ali BORAK	0532 354 78 59	Yeni Sebze Hali No :39-40	https://halkatalogu.com/hal/2266-azizogullar-komisyon	unclaimed	2026-07-12
1315	Baran Komisyon Evi	komisyoncu	van	ercis			Yeni Sebze Hali No :8	https://halkatalogu.com/hal/2285-baran-komisyon-evi	unclaimed	2026-07-12
1302	Diyar Komisyon	komisyoncu	van	merkez	Rahmi Abl	0530 345 41 57	Yeni Sebze Hali No :13	https://halkatalogu.com/hal/2265-diyar-komisyon	unclaimed	2026-07-12
1317	Dörtyol Komisyonevi	komisyoncu	van	ercis	Nihat YILDIRIM	0539 390 54 85	Yeni Sebze Hali No 16-17	https://halkatalogu.com/hal/2286-dortyol-komisyonevi	unclaimed	2026-07-12
1324	Ersinler Komisyon evi	komisyoncu	van	ercis	Mehmet BOZKAYA	0542 838 59 26	Yeni Sebze Hali No :25	https://halkatalogu.com/hal/2288-ersinler-komisyon-evi	unclaimed	2026-07-12
1304	Gül Komisyonculuk	komisyoncu	van	merkez	Nezir GÜL	0532 253 09 26	Yeni Sebze Hali No :26	https://halkatalogu.com/hal/2263-gul-komisyonculuk	unclaimed	2026-07-12
1306	İpek Komisyon Evi	komisyoncu	van	merkez	Gürgin İpekten	0532 304 24 29	Yeni Sebze Hali No :51	https://halkatalogu.com/hal/2272-ipek-komisyon-evi	unclaimed	2026-07-12
1309	Mazlum Komisyon evi	komisyoncu	van	merkez	Emin ABI	0537 960 48 90	Toptancı Sebze Hali No :59	https://halkatalogu.com/hal/2271-mazlum-komisyon-evi	unclaimed	2026-07-12
1303	Mehmetoğlu Komisyon evi	komisyoncu	van	merkez	Adem MEHMETOĞLU	0545 515 48 65	Yeni Sebze Hali No :22	https://halkatalogu.com/hal/2264-mehmetoglu-komisyon-evi	unclaimed	2026-07-12
1314	Meydan Komisyonevi	komisyoncu	van	ercis	Metin TARHAN	0532 363 39 24	Yeni Hal no :3-4	https://halkatalogu.com/hal/2290-meydan-komisyonevi	unclaimed	2026-07-12
1320	Ölmez Komisyonevi	komisyoncu	van	ercis	Metin ÖLMEZ	0537 419 99 43	Toptancı Sebze Hali No :20	https://halkatalogu.com/hal/2291-olmez-komisyonevi	unclaimed	2026-07-12
1321	Oruç Komisyon evi	komisyoncu	van	ercis	Halis ORUÇ	0537 403 69 88	Toptancı Sebze Hali No :22 ERCİŞ	https://halkatalogu.com/hal/2704-oruc-komisyon-evi	unclaimed	2026-07-12
1300	Öz Azimkar Nakliye Taahhüt İşleri	komisyoncu	van	merkez	Raif ALTINBAŞ	0532 244 73 76	Yeni Sebze Hali No :11-84	https://halkatalogu.com/hal/2273-oz-azimkar-nakliye-taahhut-isleri	unclaimed	2026-07-12
1322	Öz Birlik Komisyonevi	komisyoncu	van	ercis		0539 359 75 51	Yeni Hal No :23	https://halkatalogu.com/hal/2293-oz-birlik-komisyonevi	unclaimed	2026-07-12
1319	Öz Kırbaçlar Komisyon evi	komisyoncu	van	ercis	Mehmet Salih KIRBAÇ	0537 423 33 74	Toptancı Sebze Hali No :19 ERCİŞ	https://halkatalogu.com/hal/2703-oz-kirbaclar-komisyon-evi	unclaimed	2026-07-12
1318	ÖZ Sağlam Komisyon evi	komisyoncu	van	ercis	Hikmet SAĞLAM	0543 860 70 79	Yeni Sebze Hali No :18	https://halkatalogu.com/hal/2279-oz-saglam-komisyon-evi	unclaimed	2026-07-12
1313	Özşevginler Komisyon ve Nakliyat	komisyoncu	van	merkez			Yeni Hal Kompleksi No :74-75	https://halkatalogu.com/hal/2269-ozsevginler-komisyon-ve-nakliyat	unclaimed	2026-07-12
1323	Şen Ortaklar Komisyonevi	komisyoncu	van	ercis	Mülazım DURŞUN	0535 889 37 56	Yeni Sebze Hali No :24	https://halkatalogu.com/hal/2297-sen-ortaklar-komisyonevi	unclaimed	2026-07-12
1310	Sevinç Komisyon evi	komisyoncu	van	merkez	Aziz SEVİNÇ	0530 666 30 65	Toptancı Sebze Hali No :60 VAN	https://halkatalogu.com/hal/2706-sevinc-komisyon-evi	unclaimed	2026-07-12
1325	Sevinç Komisyonevi	komisyoncu	van	ercis	TAHİR SEVİNÇ	0533 501 94 40	Yeni Sebze Hali No :35	https://halkatalogu.com/hal/2277-sevinc-komisyonevi	unclaimed	2026-07-12
1307	Yeşil Bahar Komisyonculuk	komisyoncu	van	merkez	Metin Korkuç	0532 644 26 34	Toptan Sebze Hali No :57-87	https://halkatalogu.com/hal/2267-yesil-bahar-komisyonculuk	unclaimed	2026-07-12
1311	Yeşilyurt Komisyon evi	komisyoncu	van	merkez	Vahap ERDEM	0532 482 24 79	Toptancı Hali No :64	https://halkatalogu.com/hal/2275-yesilyurt-komisyon-evi	unclaimed	2026-07-12
1312	Yeşilyurt Tarım Ürünleri	komisyoncu	van	merkez	Rezak ERDEN	0537 863 05 64	Toptancı Sebze Hali No :64-65	https://halkatalogu.com/hal/2274-yesilyurt-tarim-urunleri	unclaimed	2026-07-12
1308	Zirve Komisyonevi	komisyoncu	van	merkez	Salih SEVİNCHAN	0537 381 04 05	Toptancı Sebze Hali No :58	https://halkatalogu.com/hal/2268-zirve-komisyonevi	unclaimed	2026-07-12
1375	Afşarlar Toptan Satış	komisyoncu	yalova	merkez	Teyfik AFŞAR	0532 725 51 24	Toptancı Sebze Hali No :8	https://halkatalogu.com/hal/2350-afsarlar-toptan-satis	unclaimed	2026-07-12
1379	Altan Kardeşler Komisyonevi	komisyoncu	yalova	merkez	MESUT	0532 326 51 94	Yalova Belediye Sebze Hali No :18	https://halkatalogu.com/hal/2354-altan-kardesler-komisyonevi	unclaimed	2026-07-12
1374	Beşikkayalar komisyon evi	komisyoncu	yalova	merkez	SAMET BEŞIKKAYA	0538 917 74 70		https://halkatalogu.com/hal/3021-besikkayalar-komisyon-evi	unclaimed	2026-07-12
1376	Enes Komisyon evi Tarım Ürünleri	komisyoncu	yalova	merkez	Ahmet KALABALIK	0536 680 77 77	Toptancı Sebze Hali No :11 YALOVA	https://halkatalogu.com/hal/2786-enes-komisyon-evi-tarim-urunleri	unclaimed	2026-07-12
1378	Erhan Komisyonevi	komisyoncu	yalova	merkez	HASAN SANIR	0532 425 92 30	Sebze Hali No :13-14	https://halkatalogu.com/hal/2352-erhan-komisyonevi	unclaimed	2026-07-12
1377	Kaya Ticaret Komisyon evi	komisyoncu	yalova	merkez	Latif KAYA	0532 631 54 28	Belediye Hali No :12	https://halkatalogu.com/hal/2356-kaya-ticaret-komisyon-evi	unclaimed	2026-07-12
1373	Musaoğlu Ticaret Komisyon evi	komisyoncu	yalova	merkez	Siddık SANIR	0532 702 37 87	Sebze Hali No :1	https://halkatalogu.com/hal/2346-musaoglu-ticaret-komisyon-evi	unclaimed	2026-07-12
1328	Arslan Kardeşler Komisyon evi	komisyoncu	zonguldak	merkez	Yusuf ARSLAN	0 372 252 3858	Toptancı Sebze Hali No :11 -12-13-14	https://halkatalogu.com/hal/2488-arslan-kardesler-komisyon-evi	unclaimed	2026-07-12
1332	Çebi TİC Komisyonevi	komisyoncu	zonguldak	merkez	Osman CEBİ	0 372 253 5675	Sebze Hali No :34-35	https://halkatalogu.com/hal/2489-cebi-tic-komisyonevi	unclaimed	2026-07-12
1330	Halim Hoca Tarım Ürünleri	komisyoncu	zonguldak	merkez	Halim TOPRAK	0 372 251 4194	Sebze Hali No :23	https://halkatalogu.com/hal/2485-halim-hoca-tarim-urunleri	unclaimed	2026-07-12
1331	Korsan 67 Tarım Ürünleri Komisyon evi	komisyoncu	zonguldak	merkez	Bayram Eryiğit	0542 327 29 84	Toptancı Sebze Hali No :25-26 ZONGULDAK	https://halkatalogu.com/hal/2764-korsan-67-tarim-urunleri-komisyon-evi	unclaimed	2026-07-12
1329	Küçük Tarım Ürünleri	komisyoncu	zonguldak	merkez	Sezgin KÜÇÜK	252 3969	Sebze Hali No :17-18	https://halkatalogu.com/hal/2484-kucuk-tarim-urunleri	unclaimed	2026-07-12
1326	Toprak Komisyon evi	komisyoncu	zonguldak	merkez	Ömer Toprak	0 372 251 5942	Belediye Sebze Hali No :7	https://halkatalogu.com/hal/2486-toprak-komisyon-evi	unclaimed	2026-07-12
1327	Yavuz Ticaret	komisyoncu	zonguldak	merkez	Adem YAVUZASLAN	0 372 252 5464	Belediye Sebze Hali No :8-9	https://halkatalogu.com/hal/2487-yavuz-ticaret	unclaimed	2026-07-12
